[debug] [2026-03-19T02:27:48.926Z] ----------------------------------------------------------------------
[debug] [2026-03-19T02:27:48.929Z] Command:       /usr/bin/node-22 /usr/local/bin/firebase deploy --only functions
[debug] [2026-03-19T02:27:48.930Z] CLI Version:   14.22.0
[debug] [2026-03-19T02:27:48.930Z] Platform:      linux
[debug] [2026-03-19T02:27:48.930Z] Node Version:  v22.21.1
[debug] [2026-03-19T02:27:48.930Z] Time:          Wed Mar 18 2026 21:27:48 GMT-0500 (hora estándar de Perú)
[debug] [2026-03-19T02:27:48.930Z] ----------------------------------------------------------------------
[debug] 
[debug] [2026-03-19T02:27:49.215Z] > command requires scopes: ["email","openid","https://www.googleapis.com/auth/cloudplatformprojects.readonly","https://www.googleapis.com/auth/firebase","https://www.googleapis.com/auth/cloud-platform"]
[debug] [2026-03-19T02:27:49.215Z] > authorizing via signed-in user (frecodev.1992@gmail.com)
[debug] [2026-03-19T02:27:49.216Z] [iam] checking project gym-managment-10c42 for permissions ["cloudfunctions.functions.create","cloudfunctions.functions.delete","cloudfunctions.functions.get","cloudfunctions.functions.list","cloudfunctions.functions.update","cloudfunctions.operations.get","firebase.projects.get"]
[debug] [2026-03-19T02:27:49.217Z] Checked if tokens are valid: true, expires at: 1773890211176
[debug] [2026-03-19T02:27:49.217Z] Checked if tokens are valid: true, expires at: 1773890211176
[debug] [2026-03-19T02:27:49.219Z] >>> [apiv2][query] POST https://cloudresourcemanager.googleapis.com/v1/projects/gym-managment-10c42:testIamPermissions [none]
[debug] [2026-03-19T02:27:49.219Z] >>> [apiv2][(partial)header] POST https://cloudresourcemanager.googleapis.com/v1/projects/gym-managment-10c42:testIamPermissions x-goog-quota-user=projects/gym-managment-10c42
[debug] [2026-03-19T02:27:49.220Z] >>> [apiv2][body] POST https://cloudresourcemanager.googleapis.com/v1/projects/gym-managment-10c42:testIamPermissions {"permissions":["cloudfunctions.functions.create","cloudfunctions.functions.delete","cloudfunctions.functions.get","cloudfunctions.functions.list","cloudfunctions.functions.update","cloudfunctions.operations.get","firebase.projects.get"]}
[debug] [2026-03-19T02:27:50.361Z] <<< [apiv2][status] POST https://cloudresourcemanager.googleapis.com/v1/projects/gym-managment-10c42:testIamPermissions 200
[debug] [2026-03-19T02:27:50.361Z] <<< [apiv2][body] POST https://cloudresourcemanager.googleapis.com/v1/projects/gym-managment-10c42:testIamPermissions {"permissions":["cloudfunctions.functions.create","cloudfunctions.functions.delete","cloudfunctions.functions.get","cloudfunctions.functions.list","cloudfunctions.functions.update","cloudfunctions.operations.get","firebase.projects.get"]}
[debug] [2026-03-19T02:27:50.361Z] Checked if tokens are valid: true, expires at: 1773890211176
[debug] [2026-03-19T02:27:50.361Z] Checked if tokens are valid: true, expires at: 1773890211176
[debug] [2026-03-19T02:27:50.362Z] >>> [apiv2][query] POST https://iam.googleapis.com/v1/projects/gym-managment-10c42/serviceAccounts/gym-managment-10c42@appspot.gserviceaccount.com:testIamPermissions [none]
[debug] [2026-03-19T02:27:50.362Z] >>> [apiv2][body] POST https://iam.googleapis.com/v1/projects/gym-managment-10c42/serviceAccounts/gym-managment-10c42@appspot.gserviceaccount.com:testIamPermissions {"permissions":["iam.serviceAccounts.actAs"]}
[debug] [2026-03-19T02:27:51.640Z] <<< [apiv2][status] POST https://iam.googleapis.com/v1/projects/gym-managment-10c42/serviceAccounts/gym-managment-10c42@appspot.gserviceaccount.com:testIamPermissions 200
[debug] [2026-03-19T02:27:51.640Z] <<< [apiv2][body] POST https://iam.googleapis.com/v1/projects/gym-managment-10c42/serviceAccounts/gym-managment-10c42@appspot.gserviceaccount.com:testIamPermissions {"permissions":["iam.serviceAccounts.actAs"]}
[info] 
[info] === Deploying to 'gym-managment-10c42'...
[info] 
[info] i  deploying functions 
[debug] [2026-03-19T02:27:51.644Z] Checked if tokens are valid: true, expires at: 1773890211176
[debug] [2026-03-19T02:27:51.644Z] Checked if tokens are valid: true, expires at: 1773890211176
[debug] [2026-03-19T02:27:51.644Z] >>> [apiv2][query] GET https://cloudresourcemanager.googleapis.com/v1/projects/gym-managment-10c42 [none]
[debug] [2026-03-19T02:27:51.888Z] <<< [apiv2][status] GET https://cloudresourcemanager.googleapis.com/v1/projects/gym-managment-10c42 200
[debug] [2026-03-19T02:27:51.888Z] <<< [apiv2][body] GET https://cloudresourcemanager.googleapis.com/v1/projects/gym-managment-10c42 {"projectNumber":"450500386725","projectId":"gym-managment-10c42","lifecycleState":"ACTIVE","name":"gym-managment","labels":{"firebase":"enabled","firebase-core":"disabled"},"createTime":"2026-01-13T02:10:19.850774Z"}
[info] i  functions: preparing codebase default for deployment 
[info] i  functions: ensuring required API cloudfunctions.googleapis.com is enabled... 
[info] i  functions: ensuring required API cloudbuild.googleapis.com is enabled... 
[info] i  artifactregistry: ensuring required API artifactregistry.googleapis.com is enabled... 
[debug] [2026-03-19T02:27:51.891Z] Checked if tokens are valid: true, expires at: 1773890211176
[debug] [2026-03-19T02:27:51.891Z] Checked if tokens are valid: true, expires at: 1773890211176
[debug] [2026-03-19T02:27:51.891Z] >>> [apiv2][query] GET https://firebase.googleapis.com/v1beta1/projects/gym-managment-10c42/adminSdkConfig [none]
[debug] [2026-03-19T02:27:52.327Z] <<< [apiv2][status] GET https://firebase.googleapis.com/v1beta1/projects/gym-managment-10c42/adminSdkConfig 200
[debug] [2026-03-19T02:27:52.327Z] <<< [apiv2][body] GET https://firebase.googleapis.com/v1beta1/projects/gym-managment-10c42/adminSdkConfig {"projectId":"gym-managment-10c42","storageBucket":"gym-managment-10c42.firebasestorage.app"}
[debug] [2026-03-19T02:27:52.328Z] Checked if tokens are valid: true, expires at: 1773890211176
[debug] [2026-03-19T02:27:52.328Z] Checked if tokens are valid: true, expires at: 1773890211176
[debug] [2026-03-19T02:27:52.328Z] >>> [apiv2][query] GET https://runtimeconfig.googleapis.com/v1beta1/projects/gym-managment-10c42/configs [none]
[debug] [2026-03-19T02:27:53.021Z] <<< [apiv2][status] GET https://runtimeconfig.googleapis.com/v1beta1/projects/gym-managment-10c42/configs 200
[debug] [2026-03-19T02:27:53.021Z] <<< [apiv2][body] GET https://runtimeconfig.googleapis.com/v1beta1/projects/gym-managment-10c42/configs {}
[debug] [2026-03-19T02:27:53.023Z] Validating nodejs source
[warn] ⚠  functions: Runtime Node.js 20 will be deprecated on 2026-04-30 and will be decommissioned on 2026-10-30, after which you will not be able to deploy without upgrading. Consider upgrading now to avoid disruption. See https://cloud.google.com/functions/docs/runtime-support for full details on the lifecycle policy 
[debug] [2026-03-19T02:27:53.680Z] > [functions] package.json contents: {
  "name": "functions",
  "description": "Cloud Functions for Firebase",
  "scripts": {
    "build": "tsc",
    "serve": "npm run build && firebase emulators:start --only functions",
    "shell": "npm run build && firebase functions:shell",
    "start": "npm run shell",
    "deploy": "firebase deploy --only functions",
    "logs": "firebase functions:log"
  },
  "engines": {
    "node": "20"
  },
  "main": "lib/index.js",
  "dependencies": {
    "firebase-admin": "^13.7.0",
    "firebase-functions": "^7.2.2",
    "nodemailer": "^6.9.0"
  },
  "devDependencies": {
    "@types/nodemailer": "^7.0.11",
    "firebase-functions-test": "^3.1.0",
    "typescript": "^5.0.0"
  },
  "private": true
}
[debug] [2026-03-19T02:27:53.681Z] Building nodejs source
[info] i  functions: Loading and analyzing source code for codebase default to determine what to deploy 
[debug] [2026-03-19T02:27:53.682Z] Could not find functions.yaml. Must use http discovery
[debug] [2026-03-19T02:27:53.690Z] Found firebase-functions binary at '/home/frecodev/Documentos/managment-gym/functions/node_modules/.bin/firebase-functions'
[info] Serving at port 8875

[debug] [2026-03-19T02:27:54.242Z] Got response from /__/functions.yaml {"endpoints":{"notifyNewReservation":{"availableMemoryMb":null,"timeoutSeconds":null,"minInstances":null,"maxInstances":null,"ingressSettings":null,"concurrency":null,"serviceAccountEmail":null,"vpc":null,"platform":"gcfv2","labels":{},"eventTrigger":{"eventType":"google.cloud.firestore.document.v1.created","eventFilters":{"database":"(default)","namespace":"(default)"},"eventFilterPathPatterns":{"document":"solicitudes_reserva/{docId}"},"retry":false},"entryPoint":"notifyNewReservation"}},"specVersion":"v1alpha1","requiredAPIs":[],"extensions":{},"params":[{"name":"EMAIL_USER","type":"string"},{"name":"EMAIL_PASS","type":"string"},{"name":"ADMIN_EMAIL","type":"string"}]}
[info] i  extensions: ensuring required API firebaseextensions.googleapis.com is enabled... 
[debug] [2026-03-19T02:27:58.272Z] > command requires scopes: ["email","openid","https://www.googleapis.com/auth/cloudplatformprojects.readonly","https://www.googleapis.com/auth/firebase","https://www.googleapis.com/auth/cloud-platform"]
[debug] [2026-03-19T02:27:58.272Z] > authorizing via signed-in user (frecodev.1992@gmail.com)
[debug] [2026-03-19T02:27:58.272Z] [iam] checking project gym-managment-10c42 for permissions ["firebase.projects.get","firebaseextensions.instances.list"]
[debug] [2026-03-19T02:27:58.273Z] Checked if tokens are valid: true, expires at: 1773890211176
[debug] [2026-03-19T02:27:58.273Z] Checked if tokens are valid: true, expires at: 1773890211176
[debug] [2026-03-19T02:27:58.273Z] >>> [apiv2][query] POST https://cloudresourcemanager.googleapis.com/v1/projects/gym-managment-10c42:testIamPermissions [none]
[debug] [2026-03-19T02:27:58.273Z] >>> [apiv2][(partial)header] POST https://cloudresourcemanager.googleapis.com/v1/projects/gym-managment-10c42:testIamPermissions x-goog-quota-user=projects/gym-managment-10c42
[debug] [2026-03-19T02:27:58.273Z] >>> [apiv2][body] POST https://cloudresourcemanager.googleapis.com/v1/projects/gym-managment-10c42:testIamPermissions {"permissions":["firebase.projects.get","firebaseextensions.instances.list"]}
[debug] [2026-03-19T02:27:59.223Z] <<< [apiv2][status] POST https://cloudresourcemanager.googleapis.com/v1/projects/gym-managment-10c42:testIamPermissions 200
[debug] [2026-03-19T02:27:59.223Z] <<< [apiv2][body] POST https://cloudresourcemanager.googleapis.com/v1/projects/gym-managment-10c42:testIamPermissions {"permissions":["firebase.projects.get","firebaseextensions.instances.list"]}
[debug] [2026-03-19T02:27:59.224Z] Checked if tokens are valid: true, expires at: 1773890211176
[debug] [2026-03-19T02:27:59.224Z] Checked if tokens are valid: true, expires at: 1773890211176
[debug] [2026-03-19T02:27:59.225Z] >>> [apiv2][query] GET https://firebaseextensions.googleapis.com/v1beta/projects/gym-managment-10c42/instances pageSize=100&pageToken=
[debug] [2026-03-19T02:28:00.734Z] <<< [apiv2][status] GET https://firebaseextensions.googleapis.com/v1beta/projects/gym-managment-10c42/instances 200
[debug] [2026-03-19T02:28:00.734Z] <<< [apiv2][body] GET https://firebaseextensions.googleapis.com/v1beta/projects/gym-managment-10c42/instances {}
[debug] [2026-03-19T02:28:13.194Z] ExitPromptError: User force closed the prompt with SIGINT
    at Interface.sigint (/usr/local/lib/node_modules/firebase-tools/node_modules/@inquirer/core/dist/commonjs/lib/create-prompt.js:101:37)
    at Interface.emit (node:events:519:28)
    at Interface.emit (node:domain:489:12)
    at [_ttyWrite] [as _ttyWrite] (node:internal/readline/interface:1134:18)
    at ReadStream.onkeypress (node:internal/readline/interface:271:20)
    at ReadStream.emit (node:events:531:35)
    at ReadStream.emit (node:domain:489:12)
    at emitKeys (node:internal/readline/utils:370:14)
    at emitKeys.next (<anonymous>)
    at ReadStream.onData (node:internal/readline/emitKeypressEvents:64:36)
[error] 
[error] Error: An unexpected error has occurred.
[debug] [2026-03-19T02:40:28.274Z] ----------------------------------------------------------------------
[debug] [2026-03-19T02:40:28.277Z] Command:       /usr/bin/node-22 /usr/local/bin/firebase deploy --only functions
[debug] [2026-03-19T02:40:28.278Z] CLI Version:   14.22.0
[debug] [2026-03-19T02:40:28.278Z] Platform:      linux
[debug] [2026-03-19T02:40:28.278Z] Node Version:  v22.21.1
[debug] [2026-03-19T02:40:28.278Z] Time:          Wed Mar 18 2026 21:40:28 GMT-0500 (hora estándar de Perú)
[debug] [2026-03-19T02:40:28.279Z] ----------------------------------------------------------------------
[debug] 
[debug] [2026-03-19T02:40:28.522Z] > command requires scopes: ["email","openid","https://www.googleapis.com/auth/cloudplatformprojects.readonly","https://www.googleapis.com/auth/firebase","https://www.googleapis.com/auth/cloud-platform"]
[debug] [2026-03-19T02:40:28.522Z] > authorizing via signed-in user (frecodev.1992@gmail.com)
[debug] [2026-03-19T02:40:28.522Z] [iam] checking project gym-managment-10c42 for permissions ["cloudfunctions.functions.create","cloudfunctions.functions.delete","cloudfunctions.functions.get","cloudfunctions.functions.list","cloudfunctions.functions.update","cloudfunctions.operations.get","firebase.projects.get"]
[debug] [2026-03-19T02:40:28.524Z] Checked if tokens are valid: true, expires at: 1773890211176
[debug] [2026-03-19T02:40:28.524Z] Checked if tokens are valid: true, expires at: 1773890211176
[debug] [2026-03-19T02:40:28.525Z] >>> [apiv2][query] POST https://cloudresourcemanager.googleapis.com/v1/projects/gym-managment-10c42:testIamPermissions [none]
[debug] [2026-03-19T02:40:28.525Z] >>> [apiv2][(partial)header] POST https://cloudresourcemanager.googleapis.com/v1/projects/gym-managment-10c42:testIamPermissions x-goog-quota-user=projects/gym-managment-10c42
[debug] [2026-03-19T02:40:28.525Z] >>> [apiv2][body] POST https://cloudresourcemanager.googleapis.com/v1/projects/gym-managment-10c42:testIamPermissions {"permissions":["cloudfunctions.functions.create","cloudfunctions.functions.delete","cloudfunctions.functions.get","cloudfunctions.functions.list","cloudfunctions.functions.update","cloudfunctions.operations.get","firebase.projects.get"]}
[debug] [2026-03-19T02:40:29.842Z] <<< [apiv2][status] POST https://cloudresourcemanager.googleapis.com/v1/projects/gym-managment-10c42:testIamPermissions 200
[debug] [2026-03-19T02:40:29.843Z] <<< [apiv2][body] POST https://cloudresourcemanager.googleapis.com/v1/projects/gym-managment-10c42:testIamPermissions {"permissions":["cloudfunctions.functions.create","cloudfunctions.functions.delete","cloudfunctions.functions.get","cloudfunctions.functions.list","cloudfunctions.functions.update","cloudfunctions.operations.get","firebase.projects.get"]}
[debug] [2026-03-19T02:40:29.843Z] Checked if tokens are valid: true, expires at: 1773890211176
[debug] [2026-03-19T02:40:29.843Z] Checked if tokens are valid: true, expires at: 1773890211176
[debug] [2026-03-19T02:40:29.843Z] >>> [apiv2][query] POST https://iam.googleapis.com/v1/projects/gym-managment-10c42/serviceAccounts/gym-managment-10c42@appspot.gserviceaccount.com:testIamPermissions [none]
[debug] [2026-03-19T02:40:29.843Z] >>> [apiv2][body] POST https://iam.googleapis.com/v1/projects/gym-managment-10c42/serviceAccounts/gym-managment-10c42@appspot.gserviceaccount.com:testIamPermissions {"permissions":["iam.serviceAccounts.actAs"]}
[debug] [2026-03-19T02:40:31.251Z] <<< [apiv2][status] POST https://iam.googleapis.com/v1/projects/gym-managment-10c42/serviceAccounts/gym-managment-10c42@appspot.gserviceaccount.com:testIamPermissions 200
[debug] [2026-03-19T02:40:31.251Z] <<< [apiv2][body] POST https://iam.googleapis.com/v1/projects/gym-managment-10c42/serviceAccounts/gym-managment-10c42@appspot.gserviceaccount.com:testIamPermissions {"permissions":["iam.serviceAccounts.actAs"]}
[info] 
[info] === Deploying to 'gym-managment-10c42'...
[info] 
[info] i  deploying functions 
[debug] [2026-03-19T02:40:31.256Z] Checked if tokens are valid: true, expires at: 1773890211176
[debug] [2026-03-19T02:40:31.256Z] Checked if tokens are valid: true, expires at: 1773890211176
[debug] [2026-03-19T02:40:31.256Z] >>> [apiv2][query] GET https://cloudresourcemanager.googleapis.com/v1/projects/gym-managment-10c42 [none]
[debug] [2026-03-19T02:40:31.558Z] <<< [apiv2][status] GET https://cloudresourcemanager.googleapis.com/v1/projects/gym-managment-10c42 200
[debug] [2026-03-19T02:40:31.558Z] <<< [apiv2][body] GET https://cloudresourcemanager.googleapis.com/v1/projects/gym-managment-10c42 {"projectNumber":"450500386725","projectId":"gym-managment-10c42","lifecycleState":"ACTIVE","name":"gym-managment","labels":{"firebase":"enabled","firebase-core":"disabled"},"createTime":"2026-01-13T02:10:19.850774Z"}
[info] i  functions: preparing codebase default for deployment 
[info] i  functions: ensuring required API cloudfunctions.googleapis.com is enabled... 
[info] i  functions: ensuring required API cloudbuild.googleapis.com is enabled... 
[info] i  artifactregistry: ensuring required API artifactregistry.googleapis.com is enabled... 
[debug] [2026-03-19T02:40:31.562Z] Checked if tokens are valid: true, expires at: 1773890211176
[debug] [2026-03-19T02:40:31.562Z] Checked if tokens are valid: true, expires at: 1773890211176
[debug] [2026-03-19T02:40:31.562Z] >>> [apiv2][query] GET https://firebase.googleapis.com/v1beta1/projects/gym-managment-10c42/adminSdkConfig [none]
[debug] [2026-03-19T02:40:31.993Z] <<< [apiv2][status] GET https://firebase.googleapis.com/v1beta1/projects/gym-managment-10c42/adminSdkConfig 200
[debug] [2026-03-19T02:40:31.993Z] <<< [apiv2][body] GET https://firebase.googleapis.com/v1beta1/projects/gym-managment-10c42/adminSdkConfig {"projectId":"gym-managment-10c42","storageBucket":"gym-managment-10c42.firebasestorage.app"}
[debug] [2026-03-19T02:40:31.994Z] Checked if tokens are valid: true, expires at: 1773890211176
[debug] [2026-03-19T02:40:31.994Z] Checked if tokens are valid: true, expires at: 1773890211176
[debug] [2026-03-19T02:40:31.994Z] >>> [apiv2][query] GET https://runtimeconfig.googleapis.com/v1beta1/projects/gym-managment-10c42/configs [none]
[debug] [2026-03-19T02:40:32.433Z] <<< [apiv2][status] GET https://runtimeconfig.googleapis.com/v1beta1/projects/gym-managment-10c42/configs 200
[debug] [2026-03-19T02:40:32.433Z] <<< [apiv2][body] GET https://runtimeconfig.googleapis.com/v1beta1/projects/gym-managment-10c42/configs {}
[debug] [2026-03-19T02:40:32.434Z] Validating nodejs source
[warn] ⚠  functions: Runtime Node.js 20 will be deprecated on 2026-04-30 and will be decommissioned on 2026-10-30, after which you will not be able to deploy without upgrading. Consider upgrading now to avoid disruption. See https://cloud.google.com/functions/docs/runtime-support for full details on the lifecycle policy 
[debug] [2026-03-19T02:40:33.158Z] > [functions] package.json contents: {
  "name": "functions",
  "description": "Cloud Functions for Firebase",
  "scripts": {
    "build": "tsc",
    "serve": "npm run build && firebase emulators:start --only functions",
    "shell": "npm run build && firebase functions:shell",
    "start": "npm run shell",
    "deploy": "firebase deploy --only functions",
    "logs": "firebase functions:log"
  },
  "engines": {
    "node": "20"
  },
  "main": "lib/index.js",
  "dependencies": {
    "firebase-admin": "^13.7.0",
    "firebase-functions": "^7.2.2",
    "nodemailer": "^6.9.0"
  },
  "devDependencies": {
    "@types/nodemailer": "^7.0.11",
    "firebase-functions-test": "^3.1.0",
    "typescript": "^5.0.0"
  },
  "private": true
}
[debug] [2026-03-19T02:40:33.159Z] Building nodejs source
[info] i  functions: Loading and analyzing source code for codebase default to determine what to deploy 
[debug] [2026-03-19T02:40:33.162Z] Could not find functions.yaml. Must use http discovery
[debug] [2026-03-19T02:40:33.173Z] Found firebase-functions binary at '/home/frecodev/Documentos/managment-gym/functions/node_modules/.bin/firebase-functions'
[info] Serving at port 8113

[debug] [2026-03-19T02:40:33.793Z] Got response from /__/functions.yaml {"endpoints":{"notifyNewReservation":{"availableMemoryMb":null,"timeoutSeconds":null,"minInstances":null,"maxInstances":null,"ingressSettings":null,"concurrency":null,"serviceAccountEmail":null,"vpc":null,"platform":"gcfv2","labels":{},"eventTrigger":{"eventType":"google.cloud.firestore.document.v1.created","eventFilters":{"database":"(default)","namespace":"(default)"},"eventFilterPathPatterns":{"document":"solicitudes_reserva/{docId}"},"retry":false},"entryPoint":"notifyNewReservation"}},"specVersion":"v1alpha1","requiredAPIs":[],"extensions":{},"params":[{"name":"EMAIL_USER","type":"string"},{"name":"EMAIL_PASS","type":"string"}]}
[debug] [2026-03-19T02:48:17.327Z] ----------------------------------------------------------------------
[debug] [2026-03-19T02:48:17.331Z] Command:       /usr/bin/node-22 /usr/local/bin/firebase deploy --only functions
[debug] [2026-03-19T02:48:17.331Z] CLI Version:   14.22.0
[debug] [2026-03-19T02:48:17.331Z] Platform:      linux
[debug] [2026-03-19T02:48:17.331Z] Node Version:  v22.21.1
[debug] [2026-03-19T02:48:17.332Z] Time:          Wed Mar 18 2026 21:48:17 GMT-0500 (hora estándar de Perú)
[debug] [2026-03-19T02:48:17.332Z] ----------------------------------------------------------------------
[debug] 
[debug] [2026-03-19T02:48:17.560Z] > command requires scopes: ["email","openid","https://www.googleapis.com/auth/cloudplatformprojects.readonly","https://www.googleapis.com/auth/firebase","https://www.googleapis.com/auth/cloud-platform"]
[debug] [2026-03-19T02:48:17.560Z] > authorizing via signed-in user (frecodev.1992@gmail.com)
[debug] [2026-03-19T02:48:17.560Z] [iam] checking project gym-managment-10c42 for permissions ["cloudfunctions.functions.create","cloudfunctions.functions.delete","cloudfunctions.functions.get","cloudfunctions.functions.list","cloudfunctions.functions.update","cloudfunctions.operations.get","firebase.projects.get"]
[debug] [2026-03-19T02:48:17.561Z] Checked if tokens are valid: true, expires at: 1773890211176
[debug] [2026-03-19T02:48:17.561Z] Checked if tokens are valid: true, expires at: 1773890211176
[debug] [2026-03-19T02:48:17.562Z] >>> [apiv2][query] POST https://cloudresourcemanager.googleapis.com/v1/projects/gym-managment-10c42:testIamPermissions [none]
[debug] [2026-03-19T02:48:17.563Z] >>> [apiv2][(partial)header] POST https://cloudresourcemanager.googleapis.com/v1/projects/gym-managment-10c42:testIamPermissions x-goog-quota-user=projects/gym-managment-10c42
[debug] [2026-03-19T02:48:17.563Z] >>> [apiv2][body] POST https://cloudresourcemanager.googleapis.com/v1/projects/gym-managment-10c42:testIamPermissions {"permissions":["cloudfunctions.functions.create","cloudfunctions.functions.delete","cloudfunctions.functions.get","cloudfunctions.functions.list","cloudfunctions.functions.update","cloudfunctions.operations.get","firebase.projects.get"]}
[debug] [2026-03-19T02:48:18.539Z] <<< [apiv2][status] POST https://cloudresourcemanager.googleapis.com/v1/projects/gym-managment-10c42:testIamPermissions 200
[debug] [2026-03-19T02:48:18.539Z] <<< [apiv2][body] POST https://cloudresourcemanager.googleapis.com/v1/projects/gym-managment-10c42:testIamPermissions {"permissions":["cloudfunctions.functions.create","cloudfunctions.functions.delete","cloudfunctions.functions.get","cloudfunctions.functions.list","cloudfunctions.functions.update","cloudfunctions.operations.get","firebase.projects.get"]}
[debug] [2026-03-19T02:48:18.539Z] Checked if tokens are valid: true, expires at: 1773890211176
[debug] [2026-03-19T02:48:18.539Z] Checked if tokens are valid: true, expires at: 1773890211176
[debug] [2026-03-19T02:48:18.540Z] >>> [apiv2][query] POST https://iam.googleapis.com/v1/projects/gym-managment-10c42/serviceAccounts/gym-managment-10c42@appspot.gserviceaccount.com:testIamPermissions [none]
[debug] [2026-03-19T02:48:18.540Z] >>> [apiv2][body] POST https://iam.googleapis.com/v1/projects/gym-managment-10c42/serviceAccounts/gym-managment-10c42@appspot.gserviceaccount.com:testIamPermissions {"permissions":["iam.serviceAccounts.actAs"]}
[debug] [2026-03-19T02:48:19.560Z] <<< [apiv2][status] POST https://iam.googleapis.com/v1/projects/gym-managment-10c42/serviceAccounts/gym-managment-10c42@appspot.gserviceaccount.com:testIamPermissions 200
[debug] [2026-03-19T02:48:19.560Z] <<< [apiv2][body] POST https://iam.googleapis.com/v1/projects/gym-managment-10c42/serviceAccounts/gym-managment-10c42@appspot.gserviceaccount.com:testIamPermissions {"permissions":["iam.serviceAccounts.actAs"]}
[info] 
[info] === Deploying to 'gym-managment-10c42'...
[info] 
[info] i  deploying functions 
[debug] [2026-03-19T02:48:19.563Z] Checked if tokens are valid: true, expires at: 1773890211176
[debug] [2026-03-19T02:48:19.563Z] Checked if tokens are valid: true, expires at: 1773890211176
[debug] [2026-03-19T02:48:19.563Z] >>> [apiv2][query] GET https://cloudresourcemanager.googleapis.com/v1/projects/gym-managment-10c42 [none]
[debug] [2026-03-19T02:48:19.791Z] <<< [apiv2][status] GET https://cloudresourcemanager.googleapis.com/v1/projects/gym-managment-10c42 200
[debug] [2026-03-19T02:48:19.791Z] <<< [apiv2][body] GET https://cloudresourcemanager.googleapis.com/v1/projects/gym-managment-10c42 {"projectNumber":"450500386725","projectId":"gym-managment-10c42","lifecycleState":"ACTIVE","name":"gym-managment","labels":{"firebase":"enabled","firebase-core":"disabled"},"createTime":"2026-01-13T02:10:19.850774Z"}
[info] i  functions: preparing codebase default for deployment 
[info] i  functions: ensuring required API cloudfunctions.googleapis.com is enabled... 
[info] i  functions: ensuring required API cloudbuild.googleapis.com is enabled... 
[info] i  artifactregistry: ensuring required API artifactregistry.googleapis.com is enabled... 
[debug] [2026-03-19T02:48:19.794Z] Checked if tokens are valid: true, expires at: 1773890211176
[debug] [2026-03-19T02:48:19.794Z] Checked if tokens are valid: true, expires at: 1773890211176
[debug] [2026-03-19T02:48:19.794Z] >>> [apiv2][query] GET https://firebase.googleapis.com/v1beta1/projects/gym-managment-10c42/adminSdkConfig [none]
[debug] [2026-03-19T02:48:20.229Z] <<< [apiv2][status] GET https://firebase.googleapis.com/v1beta1/projects/gym-managment-10c42/adminSdkConfig 200
[debug] [2026-03-19T02:48:20.230Z] <<< [apiv2][body] GET https://firebase.googleapis.com/v1beta1/projects/gym-managment-10c42/adminSdkConfig {"projectId":"gym-managment-10c42","storageBucket":"gym-managment-10c42.firebasestorage.app"}
[debug] [2026-03-19T02:48:20.230Z] Checked if tokens are valid: true, expires at: 1773890211176
[debug] [2026-03-19T02:48:20.230Z] Checked if tokens are valid: true, expires at: 1773890211176
[debug] [2026-03-19T02:48:20.230Z] >>> [apiv2][query] GET https://runtimeconfig.googleapis.com/v1beta1/projects/gym-managment-10c42/configs [none]
[debug] [2026-03-19T02:48:20.589Z] <<< [apiv2][status] GET https://runtimeconfig.googleapis.com/v1beta1/projects/gym-managment-10c42/configs 200
[debug] [2026-03-19T02:48:20.590Z] <<< [apiv2][body] GET https://runtimeconfig.googleapis.com/v1beta1/projects/gym-managment-10c42/configs {}
[debug] [2026-03-19T02:48:20.591Z] Validating nodejs source
[warn] ⚠  functions: Runtime Node.js 20 will be deprecated on 2026-04-30 and will be decommissioned on 2026-10-30, after which you will not be able to deploy without upgrading. Consider upgrading now to avoid disruption. See https://cloud.google.com/functions/docs/runtime-support for full details on the lifecycle policy 
[debug] [2026-03-19T02:48:21.216Z] > [functions] package.json contents: {
  "name": "functions",
  "description": "Cloud Functions for Firebase",
  "scripts": {
    "build": "tsc",
    "serve": "npm run build && firebase emulators:start --only functions",
    "shell": "npm run build && firebase functions:shell",
    "start": "npm run shell",
    "deploy": "firebase deploy --only functions",
    "logs": "firebase functions:log"
  },
  "engines": {
    "node": "20"
  },
  "main": "lib/index.js",
  "dependencies": {
    "firebase-admin": "^13.7.0",
    "firebase-functions": "^7.2.2",
    "nodemailer": "^6.9.0"
  },
  "devDependencies": {
    "@types/nodemailer": "^7.0.11",
    "firebase-functions-test": "^3.1.0",
    "typescript": "^5.0.0"
  },
  "private": true
}
[debug] [2026-03-19T02:48:21.216Z] Building nodejs source
[info] i  functions: Loading and analyzing source code for codebase default to determine what to deploy 
[debug] [2026-03-19T02:48:21.218Z] Could not find functions.yaml. Must use http discovery
[debug] [2026-03-19T02:48:21.226Z] Found firebase-functions binary at '/home/frecodev/Documentos/managment-gym/functions/node_modules/.bin/firebase-functions'
[info] Serving at port 8373

[debug] [2026-03-19T02:48:21.764Z] Got response from /__/functions.yaml {"endpoints":{"notifyNewReservation":{"availableMemoryMb":null,"timeoutSeconds":null,"minInstances":null,"maxInstances":null,"ingressSettings":null,"concurrency":null,"serviceAccountEmail":null,"vpc":null,"platform":"gcfv2","labels":{},"eventTrigger":{"eventType":"google.cloud.firestore.document.v1.created","eventFilters":{"database":"(default)","namespace":"(default)"},"eventFilterPathPatterns":{"document":"solicitudes_reserva/{docId}"},"retry":false},"entryPoint":"notifyNewReservation"}},"specVersion":"v1alpha1","requiredAPIs":[],"extensions":{}}
[info] i  extensions: ensuring required API firebaseextensions.googleapis.com is enabled... 
[debug] [2026-03-19T02:48:25.791Z] > command requires scopes: ["email","openid","https://www.googleapis.com/auth/cloudplatformprojects.readonly","https://www.googleapis.com/auth/firebase","https://www.googleapis.com/auth/cloud-platform"]
[debug] [2026-03-19T02:48:25.791Z] > authorizing via signed-in user (frecodev.1992@gmail.com)
[debug] [2026-03-19T02:48:25.791Z] [iam] checking project gym-managment-10c42 for permissions ["firebase.projects.get","firebaseextensions.instances.list"]
[debug] [2026-03-19T02:48:25.791Z] Checked if tokens are valid: true, expires at: 1773890211176
[debug] [2026-03-19T02:48:25.791Z] Checked if tokens are valid: true, expires at: 1773890211176
[debug] [2026-03-19T02:48:25.791Z] >>> [apiv2][query] POST https://cloudresourcemanager.googleapis.com/v1/projects/gym-managment-10c42:testIamPermissions [none]
[debug] [2026-03-19T02:48:25.791Z] >>> [apiv2][(partial)header] POST https://cloudresourcemanager.googleapis.com/v1/projects/gym-managment-10c42:testIamPermissions x-goog-quota-user=projects/gym-managment-10c42
[debug] [2026-03-19T02:48:25.792Z] >>> [apiv2][body] POST https://cloudresourcemanager.googleapis.com/v1/projects/gym-managment-10c42:testIamPermissions {"permissions":["firebase.projects.get","firebaseextensions.instances.list"]}
[debug] [2026-03-19T02:48:27.022Z] <<< [apiv2][status] POST https://cloudresourcemanager.googleapis.com/v1/projects/gym-managment-10c42:testIamPermissions 200
[debug] [2026-03-19T02:48:27.022Z] <<< [apiv2][body] POST https://cloudresourcemanager.googleapis.com/v1/projects/gym-managment-10c42:testIamPermissions {"permissions":["firebase.projects.get","firebaseextensions.instances.list"]}
[debug] [2026-03-19T02:48:27.023Z] Checked if tokens are valid: true, expires at: 1773890211176
[debug] [2026-03-19T02:48:27.023Z] Checked if tokens are valid: true, expires at: 1773890211176
[debug] [2026-03-19T02:48:27.024Z] >>> [apiv2][query] GET https://firebaseextensions.googleapis.com/v1beta/projects/gym-managment-10c42/instances pageSize=100&pageToken=
[debug] [2026-03-19T02:48:28.438Z] <<< [apiv2][status] GET https://firebaseextensions.googleapis.com/v1beta/projects/gym-managment-10c42/instances 200
[debug] [2026-03-19T02:48:28.439Z] <<< [apiv2][body] GET https://firebaseextensions.googleapis.com/v1beta/projects/gym-managment-10c42/instances {}
[info] i  functions: preparing functions directory for uploading... 
[info] i  functions: packaged /home/frecodev/Documentos/managment-gym/functions (74.86 KB) for uploading 
[debug] [2026-03-19T02:48:28.490Z] Checked if tokens are valid: true, expires at: 1773890211176
[debug] [2026-03-19T02:48:28.490Z] Checked if tokens are valid: true, expires at: 1773890211176
[debug] [2026-03-19T02:48:28.490Z] >>> [apiv2][query] GET https://cloudfunctions.googleapis.com/v1/projects/gym-managment-10c42/locations/-/functions [none]
[debug] [2026-03-19T02:48:29.691Z] <<< [apiv2][status] GET https://cloudfunctions.googleapis.com/v1/projects/gym-managment-10c42/locations/-/functions 200
[debug] [2026-03-19T02:48:29.691Z] <<< [apiv2][body] GET https://cloudfunctions.googleapis.com/v1/projects/gym-managment-10c42/locations/-/functions {}
[debug] [2026-03-19T02:48:29.692Z] Checked if tokens are valid: true, expires at: 1773890211176
[debug] [2026-03-19T02:48:29.692Z] Checked if tokens are valid: true, expires at: 1773890211176
[debug] [2026-03-19T02:48:29.692Z] >>> [apiv2][query] GET https://cloudfunctions.googleapis.com/v2/projects/gym-managment-10c42/locations/-/functions filter=environment%3D%22GEN_2%22
[debug] [2026-03-19T02:48:31.109Z] <<< [apiv2][status] GET https://cloudfunctions.googleapis.com/v2/projects/gym-managment-10c42/locations/-/functions 200
[debug] [2026-03-19T02:48:31.109Z] <<< [apiv2][body] GET https://cloudfunctions.googleapis.com/v2/projects/gym-managment-10c42/locations/-/functions {}
[debug] [2026-03-19T02:48:31.110Z] Checked if tokens are valid: true, expires at: 1773890211176
[debug] [2026-03-19T02:48:31.110Z] Checked if tokens are valid: true, expires at: 1773890211176
[debug] [2026-03-19T02:48:31.110Z] >>> [apiv2][query] GET https://firestore.googleapis.com/v1/projects/gym-managment-10c42/databases/(default) [none]
[debug] [2026-03-19T02:48:32.224Z] <<< [apiv2][status] GET https://firestore.googleapis.com/v1/projects/gym-managment-10c42/databases/(default) 200
[debug] [2026-03-19T02:48:32.224Z] <<< [apiv2][body] GET https://firestore.googleapis.com/v1/projects/gym-managment-10c42/databases/(default) {"name":"projects/gym-managment-10c42/databases/(default)","uid":"7958cddb-0e60-40ae-9508-bb122f616196","createTime":"2026-01-13T02:17:41.928501Z","updateTime":"2026-01-13T02:17:41.928501Z","locationId":"nam5","type":"FIRESTORE_NATIVE","concurrencyMode":"PESSIMISTIC","versionRetentionPeriod":"3600s","earliestVersionTime":"2026-03-19T01:48:32.131735Z","appEngineIntegrationMode":"DISABLED","keyPrefix":"s","pointInTimeRecoveryEnablement":"POINT_IN_TIME_RECOVERY_DISABLED","deleteProtectionState":"DELETE_PROTECTION_DISABLED","databaseEdition":"STANDARD","freeTier":true,"realtimeUpdatesMode":"REALTIME_UPDATES_MODE_ENABLED","etag":"IKmAjNX5qpMDMLn49cmn5pID"}
[info] i  functions: ensuring required API run.googleapis.com is enabled... 
[debug] [2026-03-19T02:48:32.226Z] Checked if tokens are valid: true, expires at: 1773890211176
[debug] [2026-03-19T02:48:32.226Z] Checked if tokens are valid: true, expires at: 1773890211176
[info] i  functions: ensuring required API eventarc.googleapis.com is enabled... 
[debug] [2026-03-19T02:48:32.227Z] Checked if tokens are valid: true, expires at: 1773890211176
[debug] [2026-03-19T02:48:32.227Z] Checked if tokens are valid: true, expires at: 1773890211176
[info] i  functions: ensuring required API pubsub.googleapis.com is enabled... 
[debug] [2026-03-19T02:48:32.227Z] Checked if tokens are valid: true, expires at: 1773890211176
[debug] [2026-03-19T02:48:32.227Z] Checked if tokens are valid: true, expires at: 1773890211176
[info] i  functions: ensuring required API storage.googleapis.com is enabled... 
[debug] [2026-03-19T02:48:32.227Z] Checked if tokens are valid: true, expires at: 1773890211176
[debug] [2026-03-19T02:48:32.227Z] Checked if tokens are valid: true, expires at: 1773890211176
[debug] [2026-03-19T02:48:32.227Z] >>> [apiv2][query] GET https://serviceusage.googleapis.com/v1/projects/450500386725/services/run.googleapis.com [none]
[debug] [2026-03-19T02:48:32.227Z] >>> [apiv2][(partial)header] GET https://serviceusage.googleapis.com/v1/projects/450500386725/services/run.googleapis.com x-goog-quota-user=projects/450500386725
[debug] [2026-03-19T02:48:32.229Z] >>> [apiv2][query] GET https://serviceusage.googleapis.com/v1/projects/450500386725/services/eventarc.googleapis.com [none]
[debug] [2026-03-19T02:48:32.229Z] >>> [apiv2][(partial)header] GET https://serviceusage.googleapis.com/v1/projects/450500386725/services/eventarc.googleapis.com x-goog-quota-user=projects/450500386725
[debug] [2026-03-19T02:48:32.230Z] >>> [apiv2][query] GET https://serviceusage.googleapis.com/v1/projects/450500386725/services/pubsub.googleapis.com [none]
[debug] [2026-03-19T02:48:32.230Z] >>> [apiv2][(partial)header] GET https://serviceusage.googleapis.com/v1/projects/450500386725/services/pubsub.googleapis.com x-goog-quota-user=projects/450500386725
[debug] [2026-03-19T02:48:32.230Z] >>> [apiv2][query] GET https://serviceusage.googleapis.com/v1/projects/450500386725/services/storage.googleapis.com [none]
[debug] [2026-03-19T02:48:32.231Z] >>> [apiv2][(partial)header] GET https://serviceusage.googleapis.com/v1/projects/450500386725/services/storage.googleapis.com x-goog-quota-user=projects/450500386725
[debug] [2026-03-19T02:48:33.381Z] <<< [apiv2][status] GET https://serviceusage.googleapis.com/v1/projects/450500386725/services/run.googleapis.com 200
[debug] [2026-03-19T02:48:33.381Z] <<< [apiv2][body] GET https://serviceusage.googleapis.com/v1/projects/450500386725/services/run.googleapis.com [omitted]
[warn] ⚠  functions: missing required API run.googleapis.com. Enabling now... 
[debug] [2026-03-19T02:48:33.382Z] Checked if tokens are valid: true, expires at: 1773890211176
[debug] [2026-03-19T02:48:33.382Z] Checked if tokens are valid: true, expires at: 1773890211176
[debug] [2026-03-19T02:48:33.382Z] >>> [apiv2][query] POST https://serviceusage.googleapis.com/v1/projects/450500386725/services/run.googleapis.com:enable [none]
[debug] [2026-03-19T02:48:33.382Z] >>> [apiv2][(partial)header] POST https://serviceusage.googleapis.com/v1/projects/450500386725/services/run.googleapis.com:enable x-goog-quota-user=projects/450500386725
[debug] [2026-03-19T02:48:33.446Z] <<< [apiv2][status] GET https://serviceusage.googleapis.com/v1/projects/450500386725/services/eventarc.googleapis.com 200
[debug] [2026-03-19T02:48:33.446Z] <<< [apiv2][body] GET https://serviceusage.googleapis.com/v1/projects/450500386725/services/eventarc.googleapis.com [omitted]
[warn] ⚠  functions: missing required API eventarc.googleapis.com. Enabling now... 
[debug] [2026-03-19T02:48:33.447Z] Checked if tokens are valid: true, expires at: 1773890211176
[debug] [2026-03-19T02:48:33.447Z] Checked if tokens are valid: true, expires at: 1773890211176
[debug] [2026-03-19T02:48:33.447Z] >>> [apiv2][query] POST https://serviceusage.googleapis.com/v1/projects/450500386725/services/eventarc.googleapis.com:enable [none]
[debug] [2026-03-19T02:48:33.447Z] >>> [apiv2][(partial)header] POST https://serviceusage.googleapis.com/v1/projects/450500386725/services/eventarc.googleapis.com:enable x-goog-quota-user=projects/450500386725
[debug] [2026-03-19T02:48:33.629Z] <<< [apiv2][status] GET https://serviceusage.googleapis.com/v1/projects/450500386725/services/pubsub.googleapis.com 200
[debug] [2026-03-19T02:48:33.629Z] <<< [apiv2][body] GET https://serviceusage.googleapis.com/v1/projects/450500386725/services/pubsub.googleapis.com [omitted]
[info] ✔  functions: required API pubsub.googleapis.com is enabled 
[debug] [2026-03-19T02:48:33.704Z] <<< [apiv2][status] GET https://serviceusage.googleapis.com/v1/projects/450500386725/services/storage.googleapis.com 200
[debug] [2026-03-19T02:48:33.704Z] <<< [apiv2][body] GET https://serviceusage.googleapis.com/v1/projects/450500386725/services/storage.googleapis.com [omitted]
[info] ✔  functions: required API storage.googleapis.com is enabled 
[debug] [2026-03-19T02:48:33.829Z] <<< [apiv2][status] POST https://serviceusage.googleapis.com/v1/projects/450500386725/services/run.googleapis.com:enable 200
[debug] [2026-03-19T02:48:33.829Z] <<< [apiv2][body] POST https://serviceusage.googleapis.com/v1/projects/450500386725/services/run.googleapis.com:enable [omitted]
[debug] [2026-03-19T02:48:34.505Z] <<< [apiv2][status] POST https://serviceusage.googleapis.com/v1/projects/450500386725/services/eventarc.googleapis.com:enable 200
[debug] [2026-03-19T02:48:34.506Z] <<< [apiv2][body] POST https://serviceusage.googleapis.com/v1/projects/450500386725/services/eventarc.googleapis.com:enable [omitted]
[info] i  functions: generating the service identity for pubsub.googleapis.com... 
[debug] [2026-03-19T02:48:44.543Z] Checked if tokens are valid: true, expires at: 1773890211176
[debug] [2026-03-19T02:48:44.543Z] Checked if tokens are valid: true, expires at: 1773890211176
[info] i  functions: generating the service identity for eventarc.googleapis.com... 
[debug] [2026-03-19T02:48:44.543Z] Checked if tokens are valid: true, expires at: 1773890211176
[debug] [2026-03-19T02:48:44.543Z] Checked if tokens are valid: true, expires at: 1773890211176
[debug] [2026-03-19T02:48:44.543Z] >>> [apiv2][query] POST https://serviceusage.googleapis.com/v1beta1/projects/450500386725/services/pubsub.googleapis.com:generateServiceIdentity [none]
[debug] [2026-03-19T02:48:44.543Z] >>> [apiv2][(partial)header] POST https://serviceusage.googleapis.com/v1beta1/projects/450500386725/services/pubsub.googleapis.com:generateServiceIdentity x-goog-quota-user=projects/450500386725
[debug] [2026-03-19T02:48:44.543Z] >>> [apiv2][body] POST https://serviceusage.googleapis.com/v1beta1/projects/450500386725/services/pubsub.googleapis.com:generateServiceIdentity {}
[debug] [2026-03-19T02:48:44.545Z] >>> [apiv2][query] POST https://serviceusage.googleapis.com/v1beta1/projects/450500386725/services/eventarc.googleapis.com:generateServiceIdentity [none]
[debug] [2026-03-19T02:48:44.545Z] >>> [apiv2][(partial)header] POST https://serviceusage.googleapis.com/v1beta1/projects/450500386725/services/eventarc.googleapis.com:generateServiceIdentity x-goog-quota-user=projects/450500386725
[debug] [2026-03-19T02:48:44.545Z] >>> [apiv2][body] POST https://serviceusage.googleapis.com/v1beta1/projects/450500386725/services/eventarc.googleapis.com:generateServiceIdentity {}
[debug] [2026-03-19T02:48:46.037Z] <<< [apiv2][status] POST https://serviceusage.googleapis.com/v1beta1/projects/450500386725/services/eventarc.googleapis.com:generateServiceIdentity 200
[debug] [2026-03-19T02:48:46.038Z] <<< [apiv2][body] POST https://serviceusage.googleapis.com/v1beta1/projects/450500386725/services/eventarc.googleapis.com:generateServiceIdentity {"name":"operations/finished.DONE_OPERATION","done":true,"response":{"@type":"type.googleapis.com/google.api.serviceusage.v1beta1.ServiceIdentity","email":"service-450500386725@gcp-sa-eventarc.iam.gserviceaccount.com","uniqueId":"100107547673197276473"}}
[debug] [2026-03-19T02:48:46.220Z] <<< [apiv2][status] POST https://serviceusage.googleapis.com/v1beta1/projects/450500386725/services/pubsub.googleapis.com:generateServiceIdentity 200
[debug] [2026-03-19T02:48:46.220Z] <<< [apiv2][body] POST https://serviceusage.googleapis.com/v1beta1/projects/450500386725/services/pubsub.googleapis.com:generateServiceIdentity {"name":"operations/finished.DONE_OPERATION","done":true,"response":{"@type":"type.googleapis.com/google.api.serviceusage.v1beta1.ServiceIdentity","email":"service-450500386725@gcp-sa-pubsub.iam.gserviceaccount.com","uniqueId":"117448455176772287092"}}
[debug] [2026-03-19T02:48:46.223Z] Checked if tokens are valid: true, expires at: 1773890211176
[debug] [2026-03-19T02:48:46.223Z] Checked if tokens are valid: true, expires at: 1773890211176
[debug] [2026-03-19T02:48:46.223Z] >>> [apiv2][query] GET https://compute.googleapis.com/compute/v1/projects/450500386725 [none]
[debug] [2026-03-19T02:48:46.657Z] <<< [apiv2][status] GET https://compute.googleapis.com/compute/v1/projects/450500386725 403
[debug] [2026-03-19T02:48:46.657Z] <<< [apiv2][body] GET https://compute.googleapis.com/compute/v1/projects/450500386725 {"error":{"code":403,"message":"Compute Engine API has not been used in project 450500386725 before or it is disabled. Enable it by visiting https://console.developers.google.com/apis/api/compute.googleapis.com/overview?project=450500386725 then retry. If you enabled this API recently, wait a few minutes for the action to propagate to our systems and retry.","errors":[{"message":"Compute Engine API has not been used in project 450500386725 before or it is disabled. Enable it by visiting https://console.developers.google.com/apis/api/compute.googleapis.com/overview?project=450500386725 then retry. If you enabled this API recently, wait a few minutes for the action to propagate to our systems and retry.","domain":"usageLimits","reason":"accessNotConfigured","extendedHelp":"https://console.developers.google.com"}],"status":"PERMISSION_DENIED","details":[{"@type":"type.googleapis.com/google.rpc.ErrorInfo","reason":"SERVICE_DISABLED","domain":"googleapis.com","metadata":{"service":"compute.googleapis.com","activationUrl":"https://console.developers.google.com/apis/api/compute.googleapis.com/overview?project=450500386725","consumer":"projects/450500386725","containerInfo":"450500386725","serviceTitle":"Compute Engine API"}},{"@type":"type.googleapis.com/google.rpc.LocalizedMessage","locale":"en-US","message":"Compute Engine API has not been used in project 450500386725 before or it is disabled. Enable it by visiting https://console.developers.google.com/apis/api/compute.googleapis.com/overview?project=450500386725 then retry. If you enabled this API recently, wait a few minutes for the action to propagate to our systems and retry."},{"@type":"type.googleapis.com/google.rpc.Help","links":[{"description":"Google developers console API activation","url":"https://console.developers.google.com/apis/api/compute.googleapis.com/overview?project=450500386725"}]}]}}
[debug] [2026-03-19T02:48:46.657Z] unable to look up default compute service account. Falling back to 450500386725-compute@developer.gserviceaccount.com. Error: {"name":"FirebaseError","children":[],"context":{"body":{"error":{"code":403,"message":"Compute Engine API has not been used in project 450500386725 before or it is disabled. Enable it by visiting https://console.developers.google.com/apis/api/compute.googleapis.com/overview?project=450500386725 then retry. If you enabled this API recently, wait a few minutes for the action to propagate to our systems and retry.","errors":[{"message":"Compute Engine API has not been used in project 450500386725 before or it is disabled. Enable it by visiting https://console.developers.google.com/apis/api/compute.googleapis.com/overview?project=450500386725 then retry. If you enabled this API recently, wait a few minutes for the action to propagate to our systems and retry.","domain":"usageLimits","reason":"accessNotConfigured","extendedHelp":"https://console.developers.google.com"}],"status":"PERMISSION_DENIED","details":[{"@type":"type.googleapis.com/google.rpc.ErrorInfo","reason":"SERVICE_DISABLED","domain":"googleapis.com","metadata":{"service":"compute.googleapis.com","activationUrl":"https://console.developers.google.com/apis/api/compute.googleapis.com/overview?project=450500386725","consumer":"projects/450500386725","containerInfo":"450500386725","serviceTitle":"Compute Engine API"}},{"@type":"type.googleapis.com/google.rpc.LocalizedMessage","locale":"en-US","message":"Compute Engine API has not been used in project 450500386725 before or it is disabled. Enable it by visiting https://console.developers.google.com/apis/api/compute.googleapis.com/overview?project=450500386725 then retry. If you enabled this API recently, wait a few minutes for the action to propagate to our systems and retry."},{"@type":"type.googleapis.com/google.rpc.Help","links":[{"description":"Google developers console API activation","url":"https://console.developers.google.com/apis/api/compute.googleapis.com/overview?project=450500386725"}]}]}},"response":{"statusCode":403}},"exit":1,"message":"Request to https://compute.googleapis.com/compute/v1/projects/450500386725 had HTTP Error: 403, Compute Engine API has not been used in project 450500386725 before or it is disabled. Enable it by visiting https://console.developers.google.com/apis/api/compute.googleapis.com/overview?project=450500386725 then retry. If you enabled this API recently, wait a few minutes for the action to propagate to our systems and retry.","status":403}
[debug] [2026-03-19T02:48:46.658Z] Checked if tokens are valid: true, expires at: 1773890211176
[debug] [2026-03-19T02:48:46.658Z] Checked if tokens are valid: true, expires at: 1773890211176
[debug] [2026-03-19T02:48:46.658Z] >>> [apiv2][query] POST https://cloudresourcemanager.googleapis.com/v1/projects/450500386725:getIamPolicy [none]
[debug] [2026-03-19T02:48:48.026Z] <<< [apiv2][status] POST https://cloudresourcemanager.googleapis.com/v1/projects/450500386725:getIamPolicy 200
[debug] [2026-03-19T02:48:48.026Z] <<< [apiv2][body] POST https://cloudresourcemanager.googleapis.com/v1/projects/450500386725:getIamPolicy {"version":1,"etag":"BwZNV5rPsZU=","bindings":[{"role":"roles/cloudbuild.builds.builder","members":["serviceAccount:450500386725@cloudbuild.gserviceaccount.com"]},{"role":"roles/cloudbuild.serviceAgent","members":["serviceAccount:service-450500386725@gcp-sa-cloudbuild.iam.gserviceaccount.com"]},{"role":"roles/cloudfunctions.admin","members":["serviceAccount:firebase-adminsdk-fbsvc@gym-managment-10c42.iam.gserviceaccount.com"]},{"role":"roles/cloudfunctions.serviceAgent","members":["serviceAccount:service-450500386725@gcf-admin-robot.iam.gserviceaccount.com"]},{"role":"roles/containerregistry.ServiceAgent","members":["serviceAccount:service-450500386725@containerregistry.iam.gserviceaccount.com"]},{"role":"roles/editor","members":["serviceAccount:450500386725-compute@developer.gserviceaccount.com","serviceAccount:450500386725@cloudservices.gserviceaccount.com","serviceAccount:gym-managment-10c42@appspot.gserviceaccount.com"]},{"role":"roles/firebase.managementServiceAgent","members":["serviceAccount:service-450500386725@gcp-sa-firebase.iam.gserviceaccount.com"]},{"role":"roles/firebase.sdkAdminServiceAgent","members":["serviceAccount:firebase-adminsdk-fbsvc@gym-managment-10c42.iam.gserviceaccount.com"]},{"role":"roles/firebaseauth.admin","members":["serviceAccount:firebase-adminsdk-fbsvc@gym-managment-10c42.iam.gserviceaccount.com"]},{"role":"roles/firebasemods.serviceAgent","members":["serviceAccount:service-450500386725@gcp-sa-firebasemods.iam.gserviceaccount.com"]},{"role":"roles/firebaserules.system","members":["serviceAccount:service-450500386725@firebase-rules.iam.gserviceaccount.com"]},{"role":"roles/firebasestorage.serviceAgent","members":["serviceAccount:service-450500386725@gcp-sa-firebasestorage.iam.gserviceaccount.com"]},{"role":"roles/firestore.serviceAgent","members":["serviceAccount:service-450500386725@gcp-sa-firestore.iam.gserviceaccount.com"]},{"role":"roles/iam.serviceAccountTokenCreator","members":["serviceAccount:firebase-adminsdk-fbsvc@gym-managment-10c42.iam.gserviceaccount.com"]},{"role":"roles/owner","members":["user:frecodev.1992@gmail.com"]},{"role":"roles/run.serviceAgent","members":["serviceAccount:service-450500386725@serverless-robot-prod.iam.gserviceaccount.com"]},{"role":"roles/storage.admin","members":["serviceAccount:firebase-adminsdk-fbsvc@gym-managment-10c42.iam.gserviceaccount.com"]}]}
[debug] [2026-03-19T02:48:48.027Z] Checked if tokens are valid: true, expires at: 1773890211176
[debug] [2026-03-19T02:48:48.027Z] Checked if tokens are valid: true, expires at: 1773890211176
[debug] [2026-03-19T02:48:48.027Z] >>> [apiv2][query] POST https://cloudresourcemanager.googleapis.com/v1/projects/450500386725:setIamPolicy [none]
[debug] [2026-03-19T02:48:48.027Z] >>> [apiv2][body] POST https://cloudresourcemanager.googleapis.com/v1/projects/450500386725:setIamPolicy {"policy":{"version":1,"etag":"BwZNV5rPsZU=","bindings":[{"role":"roles/cloudbuild.builds.builder","members":["serviceAccount:450500386725@cloudbuild.gserviceaccount.com"]},{"role":"roles/cloudbuild.serviceAgent","members":["serviceAccount:service-450500386725@gcp-sa-cloudbuild.iam.gserviceaccount.com"]},{"role":"roles/cloudfunctions.admin","members":["serviceAccount:firebase-adminsdk-fbsvc@gym-managment-10c42.iam.gserviceaccount.com"]},{"role":"roles/cloudfunctions.serviceAgent","members":["serviceAccount:service-450500386725@gcf-admin-robot.iam.gserviceaccount.com"]},{"role":"roles/containerregistry.ServiceAgent","members":["serviceAccount:service-450500386725@containerregistry.iam.gserviceaccount.com"]},{"role":"roles/editor","members":["serviceAccount:450500386725-compute@developer.gserviceaccount.com","serviceAccount:450500386725@cloudservices.gserviceaccount.com","serviceAccount:gym-managment-10c42@appspot.gserviceaccount.com"]},{"role":"roles/firebase.managementServiceAgent","members":["serviceAccount:service-450500386725@gcp-sa-firebase.iam.gserviceaccount.com"]},{"role":"roles/firebase.sdkAdminServiceAgent","members":["serviceAccount:firebase-adminsdk-fbsvc@gym-managment-10c42.iam.gserviceaccount.com"]},{"role":"roles/firebaseauth.admin","members":["serviceAccount:firebase-adminsdk-fbsvc@gym-managment-10c42.iam.gserviceaccount.com"]},{"role":"roles/firebasemods.serviceAgent","members":["serviceAccount:service-450500386725@gcp-sa-firebasemods.iam.gserviceaccount.com"]},{"role":"roles/firebaserules.system","members":["serviceAccount:service-450500386725@firebase-rules.iam.gserviceaccount.com"]},{"role":"roles/firebasestorage.serviceAgent","members":["serviceAccount:service-450500386725@gcp-sa-firebasestorage.iam.gserviceaccount.com"]},{"role":"roles/firestore.serviceAgent","members":["serviceAccount:service-450500386725@gcp-sa-firestore.iam.gserviceaccount.com"]},{"role":"roles/iam.serviceAccountTokenCreator","members":["serviceAccount:firebase-adminsdk-fbsvc@gym-managment-10c42.iam.gserviceaccount.com","serviceAccount:service-450500386725@gcp-sa-pubsub.iam.gserviceaccount.com"]},{"role":"roles/owner","members":["user:frecodev.1992@gmail.com"]},{"role":"roles/run.serviceAgent","members":["serviceAccount:service-450500386725@serverless-robot-prod.iam.gserviceaccount.com"]},{"role":"roles/storage.admin","members":["serviceAccount:firebase-adminsdk-fbsvc@gym-managment-10c42.iam.gserviceaccount.com"]},{"role":"roles/run.invoker","members":["serviceAccount:450500386725-compute@developer.gserviceaccount.com"]},{"role":"roles/eventarc.eventReceiver","members":["serviceAccount:450500386725-compute@developer.gserviceaccount.com"]}]},"updateMask":"bindings"}
[debug] [2026-03-19T02:48:48.955Z] <<< [apiv2][status] POST https://cloudresourcemanager.googleapis.com/v1/projects/450500386725:setIamPolicy 200
[debug] [2026-03-19T02:48:48.956Z] <<< [apiv2][body] POST https://cloudresourcemanager.googleapis.com/v1/projects/450500386725:setIamPolicy {"version":1,"etag":"BwZNV5uiF5g=","bindings":[{"role":"roles/cloudbuild.builds.builder","members":["serviceAccount:450500386725@cloudbuild.gserviceaccount.com"]},{"role":"roles/cloudbuild.serviceAgent","members":["serviceAccount:service-450500386725@gcp-sa-cloudbuild.iam.gserviceaccount.com"]},{"role":"roles/cloudfunctions.admin","members":["serviceAccount:firebase-adminsdk-fbsvc@gym-managment-10c42.iam.gserviceaccount.com"]},{"role":"roles/cloudfunctions.serviceAgent","members":["serviceAccount:service-450500386725@gcf-admin-robot.iam.gserviceaccount.com"]},{"role":"roles/containerregistry.ServiceAgent","members":["serviceAccount:service-450500386725@containerregistry.iam.gserviceaccount.com"]},{"role":"roles/editor","members":["serviceAccount:450500386725-compute@developer.gserviceaccount.com","serviceAccount:450500386725@cloudservices.gserviceaccount.com","serviceAccount:gym-managment-10c42@appspot.gserviceaccount.com"]},{"role":"roles/eventarc.eventReceiver","members":["serviceAccount:450500386725-compute@developer.gserviceaccount.com"]},{"role":"roles/firebase.managementServiceAgent","members":["serviceAccount:service-450500386725@gcp-sa-firebase.iam.gserviceaccount.com"]},{"role":"roles/firebase.sdkAdminServiceAgent","members":["serviceAccount:firebase-adminsdk-fbsvc@gym-managment-10c42.iam.gserviceaccount.com"]},{"role":"roles/firebaseauth.admin","members":["serviceAccount:firebase-adminsdk-fbsvc@gym-managment-10c42.iam.gserviceaccount.com"]},{"role":"roles/firebasemods.serviceAgent","members":["serviceAccount:service-450500386725@gcp-sa-firebasemods.iam.gserviceaccount.com"]},{"role":"roles/firebaserules.system","members":["serviceAccount:service-450500386725@firebase-rules.iam.gserviceaccount.com"]},{"role":"roles/firebasestorage.serviceAgent","members":["serviceAccount:service-450500386725@gcp-sa-firebasestorage.iam.gserviceaccount.com"]},{"role":"roles/firestore.serviceAgent","members":["serviceAccount:service-450500386725@gcp-sa-firestore.iam.gserviceaccount.com"]},{"role":"roles/iam.serviceAccountTokenCreator","members":["serviceAccount:firebase-adminsdk-fbsvc@gym-managment-10c42.iam.gserviceaccount.com","serviceAccount:service-450500386725@gcp-sa-pubsub.iam.gserviceaccount.com"]},{"role":"roles/owner","members":["user:frecodev.1992@gmail.com"]},{"role":"roles/run.invoker","members":["serviceAccount:450500386725-compute@developer.gserviceaccount.com"]},{"role":"roles/run.serviceAgent","members":["serviceAccount:service-450500386725@serverless-robot-prod.iam.gserviceaccount.com"]},{"role":"roles/storage.admin","members":["serviceAccount:firebase-adminsdk-fbsvc@gym-managment-10c42.iam.gserviceaccount.com"]}]}
[debug] [2026-03-19T02:48:48.957Z] Checked if tokens are valid: true, expires at: 1773890211176
[debug] [2026-03-19T02:48:48.957Z] Checked if tokens are valid: true, expires at: 1773890211176
[debug] [2026-03-19T02:48:48.957Z] >>> [apiv2][query] GET https://cloudresourcemanager.googleapis.com/v1/projects/gym-managment-10c42 [none]
[debug] [2026-03-19T02:48:49.239Z] <<< [apiv2][status] GET https://cloudresourcemanager.googleapis.com/v1/projects/gym-managment-10c42 200
[debug] [2026-03-19T02:48:49.240Z] <<< [apiv2][body] GET https://cloudresourcemanager.googleapis.com/v1/projects/gym-managment-10c42 {"projectNumber":"450500386725","projectId":"gym-managment-10c42","lifecycleState":"ACTIVE","name":"gym-managment","labels":{"firebase":"enabled","firebase-core":"disabled"},"createTime":"2026-01-13T02:10:19.850774Z"}
[debug] [2026-03-19T02:48:49.240Z] Checked if tokens are valid: true, expires at: 1773890211176
[debug] [2026-03-19T02:48:49.240Z] Checked if tokens are valid: true, expires at: 1773890211176
[debug] [2026-03-19T02:48:49.240Z] >>> [apiv2][query] GET https://compute.googleapis.com/compute/v1/projects/450500386725 [none]
[debug] [2026-03-19T02:48:49.448Z] <<< [apiv2][status] GET https://compute.googleapis.com/compute/v1/projects/450500386725 403
[debug] [2026-03-19T02:48:49.448Z] <<< [apiv2][body] GET https://compute.googleapis.com/compute/v1/projects/450500386725 {"error":{"code":403,"message":"Compute Engine API has not been used in project 450500386725 before or it is disabled. Enable it by visiting https://console.developers.google.com/apis/api/compute.googleapis.com/overview?project=450500386725 then retry. If you enabled this API recently, wait a few minutes for the action to propagate to our systems and retry.","errors":[{"message":"Compute Engine API has not been used in project 450500386725 before or it is disabled. Enable it by visiting https://console.developers.google.com/apis/api/compute.googleapis.com/overview?project=450500386725 then retry. If you enabled this API recently, wait a few minutes for the action to propagate to our systems and retry.","domain":"usageLimits","reason":"accessNotConfigured","extendedHelp":"https://console.developers.google.com"}],"status":"PERMISSION_DENIED","details":[{"@type":"type.googleapis.com/google.rpc.ErrorInfo","reason":"SERVICE_DISABLED","domain":"googleapis.com","metadata":{"activationUrl":"https://console.developers.google.com/apis/api/compute.googleapis.com/overview?project=450500386725","service":"compute.googleapis.com","containerInfo":"450500386725","consumer":"projects/450500386725","serviceTitle":"Compute Engine API"}},{"@type":"type.googleapis.com/google.rpc.LocalizedMessage","locale":"en-US","message":"Compute Engine API has not been used in project 450500386725 before or it is disabled. Enable it by visiting https://console.developers.google.com/apis/api/compute.googleapis.com/overview?project=450500386725 then retry. If you enabled this API recently, wait a few minutes for the action to propagate to our systems and retry."},{"@type":"type.googleapis.com/google.rpc.Help","links":[{"description":"Google developers console API activation","url":"https://console.developers.google.com/apis/api/compute.googleapis.com/overview?project=450500386725"}]}]}}
[debug] [2026-03-19T02:48:49.449Z] unable to look up default compute service account. Falling back to 450500386725-compute@developer.gserviceaccount.com. Error: {"name":"FirebaseError","children":[],"context":{"body":{"error":{"code":403,"message":"Compute Engine API has not been used in project 450500386725 before or it is disabled. Enable it by visiting https://console.developers.google.com/apis/api/compute.googleapis.com/overview?project=450500386725 then retry. If you enabled this API recently, wait a few minutes for the action to propagate to our systems and retry.","errors":[{"message":"Compute Engine API has not been used in project 450500386725 before or it is disabled. Enable it by visiting https://console.developers.google.com/apis/api/compute.googleapis.com/overview?project=450500386725 then retry. If you enabled this API recently, wait a few minutes for the action to propagate to our systems and retry.","domain":"usageLimits","reason":"accessNotConfigured","extendedHelp":"https://console.developers.google.com"}],"status":"PERMISSION_DENIED","details":[{"@type":"type.googleapis.com/google.rpc.ErrorInfo","reason":"SERVICE_DISABLED","domain":"googleapis.com","metadata":{"activationUrl":"https://console.developers.google.com/apis/api/compute.googleapis.com/overview?project=450500386725","service":"compute.googleapis.com","containerInfo":"450500386725","consumer":"projects/450500386725","serviceTitle":"Compute Engine API"}},{"@type":"type.googleapis.com/google.rpc.LocalizedMessage","locale":"en-US","message":"Compute Engine API has not been used in project 450500386725 before or it is disabled. Enable it by visiting https://console.developers.google.com/apis/api/compute.googleapis.com/overview?project=450500386725 then retry. If you enabled this API recently, wait a few minutes for the action to propagate to our systems and retry."},{"@type":"type.googleapis.com/google.rpc.Help","links":[{"description":"Google developers console API activation","url":"https://console.developers.google.com/apis/api/compute.googleapis.com/overview?project=450500386725"}]}]}},"response":{"statusCode":403}},"exit":1,"message":"Request to https://compute.googleapis.com/compute/v1/projects/450500386725 had HTTP Error: 403, Compute Engine API has not been used in project 450500386725 before or it is disabled. Enable it by visiting https://console.developers.google.com/apis/api/compute.googleapis.com/overview?project=450500386725 then retry. If you enabled this API recently, wait a few minutes for the action to propagate to our systems and retry.","status":403}
[debug] [2026-03-19T02:48:49.450Z] Checked if tokens are valid: true, expires at: 1773890211176
[debug] [2026-03-19T02:48:49.451Z] Checked if tokens are valid: true, expires at: 1773890211176
[debug] [2026-03-19T02:48:49.451Z] >>> [apiv2][query] GET https://cloudbilling.googleapis.com/v1/projects/gym-managment-10c42/billingInfo [none]
[debug] [2026-03-19T02:48:50.768Z] <<< [apiv2][status] GET https://cloudbilling.googleapis.com/v1/projects/gym-managment-10c42/billingInfo 200
[debug] [2026-03-19T02:48:50.768Z] <<< [apiv2][body] GET https://cloudbilling.googleapis.com/v1/projects/gym-managment-10c42/billingInfo {"name":"projects/gym-managment-10c42/billingInfo","projectId":"gym-managment-10c42","billingAccountName":"billingAccounts/01EE63-CC24B2-2CD726","billingEnabled":true}
[debug] [2026-03-19T02:48:50.771Z] Checked if tokens are valid: true, expires at: 1773890211176
[debug] [2026-03-19T02:48:50.771Z] Checked if tokens are valid: true, expires at: 1773890211176
[debug] [2026-03-19T02:48:50.771Z] >>> [apiv2][query] POST https://cloudfunctions.googleapis.com/v2/projects/gym-managment-10c42/locations/us-central1/functions:generateUploadUrl [none]
[debug] [2026-03-19T02:48:52.443Z] <<< [apiv2][status] POST https://cloudfunctions.googleapis.com/v2/projects/gym-managment-10c42/locations/us-central1/functions:generateUploadUrl 200
[debug] [2026-03-19T02:48:52.444Z] <<< [apiv2][body] POST https://cloudfunctions.googleapis.com/v2/projects/gym-managment-10c42/locations/us-central1/functions:generateUploadUrl {"uploadUrl":"https://storage.googleapis.com/gcf-v2-uploads-450500386725.us-central1.cloudfunctions.appspot.com/2decf3ba-7aee-4d77-83f3-6eb7b6677f79.zip?GoogleAccessId=service-450500386725@gcf-admin-robot.iam.gserviceaccount.com&Expires=1773890332&Signature=mzPI1y%2Fx8atobWi%2Ftwt8nVPQd%2FNz%2FA%2FMASvKOuK8SSTx3RyGLavR9sKyGoKvyrKIUqBwW6rX%2FZbWb583RVPo8yDy5MvLdBTENDbw86CGJpLTp%2BVMifHNiv5WJ5xpCYg2UKj8x1FZ1KIlkeEuvPjN1%2B6oN1Lq20nimMa7cqH6dPCRTJd1KC7ooJWR6gZKMHB%2BLtKwmbA3XbKSCkVgP%2BnjMVaYI7tF75Sv7N80SsnYIVgI9wfx8jBwQX3x0bUi76dvqIUvZL7aO%2FSq4xTseKgdgfV%2B3h7KEK4Nv%2FPC7IaN07LsvG2DzaX%2BDigtoEuLTNKpl10CCsDSnw9x7KX%2BowB%2FXA%3D%3D","storageSource":{"bucket":"gcf-v2-uploads-450500386725.us-central1.cloudfunctions.appspot.com","object":"2decf3ba-7aee-4d77-83f3-6eb7b6677f79.zip"}}
[debug] [2026-03-19T02:48:52.445Z] >>> [apiv2][query] PUT https://storage.googleapis.com/gcf-v2-uploads-450500386725.us-central1.cloudfunctions.appspot.com/2decf3ba-7aee-4d77-83f3-6eb7b6677f79.zip GoogleAccessId=service-450500386725%40gcf-admin-robot.iam.gserviceaccount.com&Expires=1773890332&Signature=mzPI1y%2Fx8atobWi%2Ftwt8nVPQd%2FNz%2FA%2FMASvKOuK8SSTx3RyGLavR9sKyGoKvyrKIUqBwW6rX%2FZbWb583RVPo8yDy5MvLdBTENDbw86CGJpLTp%2BVMifHNiv5WJ5xpCYg2UKj8x1FZ1KIlkeEuvPjN1%2B6oN1Lq20nimMa7cqH6dPCRTJd1KC7ooJWR6gZKMHB%2BLtKwmbA3XbKSCkVgP%2BnjMVaYI7tF75Sv7N80SsnYIVgI9wfx8jBwQX3x0bUi76dvqIUvZL7aO%2FSq4xTseKgdgfV%2B3h7KEK4Nv%2FPC7IaN07LsvG2DzaX%2BDigtoEuLTNKpl10CCsDSnw9x7KX%2BowB%2FXA%3D%3D
[debug] [2026-03-19T02:48:52.445Z] >>> [apiv2][body] PUT https://storage.googleapis.com/gcf-v2-uploads-450500386725.us-central1.cloudfunctions.appspot.com/2decf3ba-7aee-4d77-83f3-6eb7b6677f79.zip [stream]
[debug] [2026-03-19T02:48:53.727Z] <<< [apiv2][status] PUT https://storage.googleapis.com/gcf-v2-uploads-450500386725.us-central1.cloudfunctions.appspot.com/2decf3ba-7aee-4d77-83f3-6eb7b6677f79.zip 200
[debug] [2026-03-19T02:48:53.727Z] <<< [apiv2][body] PUT https://storage.googleapis.com/gcf-v2-uploads-450500386725.us-central1.cloudfunctions.appspot.com/2decf3ba-7aee-4d77-83f3-6eb7b6677f79.zip [omitted]
[info] ✔  functions: functions source uploaded successfully 
[info] i  functions: creating Node.js 20 (2nd Gen) function notifyNewReservation(us-central1)... 
[debug] [2026-03-19T02:48:53.731Z] Checked if tokens are valid: true, expires at: 1773890211176
[debug] [2026-03-19T02:48:53.731Z] Checked if tokens are valid: true, expires at: 1773890211176
[debug] [2026-03-19T02:48:53.731Z] >>> [apiv2][query] POST https://cloudfunctions.googleapis.com/v2/projects/gym-managment-10c42/locations/us-central1/functions functionId=notifyNewReservation
[debug] [2026-03-19T02:48:53.731Z] >>> [apiv2][body] POST https://cloudfunctions.googleapis.com/v2/projects/gym-managment-10c42/locations/us-central1/functions {"name":"projects/gym-managment-10c42/locations/us-central1/functions/notifyNewReservation","buildConfig":{"runtime":"nodejs20","entryPoint":"notifyNewReservation","source":{"storageSource":{"bucket":"gcf-v2-uploads-450500386725.us-central1.cloudfunctions.appspot.com","object":"2decf3ba-7aee-4d77-83f3-6eb7b6677f79.zip"}},"environmentVariables":{"GOOGLE_NODE_RUN_SCRIPTS":""}},"serviceConfig":{"environmentVariables":{"FIREBASE_CONFIG":"{\"projectId\":\"gym-managment-10c42\",\"storageBucket\":\"gym-managment-10c42.firebasestorage.app\"}","GCLOUD_PROJECT":"gym-managment-10c42","EVENTARC_CLOUD_EVENT_SOURCE":"projects/gym-managment-10c42/locations/us-central1/services/notifyNewReservation","FUNCTION_SIGNATURE_TYPE":"cloudevent","FUNCTION_TARGET":"notifyNewReservation","LOG_EXECUTION_ID":"true"},"ingressSettings":null,"timeoutSeconds":null,"serviceAccountEmail":null,"availableMemory":"256Mi","minInstanceCount":null,"maxInstanceCount":null,"maxInstanceRequestConcurrency":80,"availableCpu":"1","vpcConnector":null,"vpcConnectorEgressSettings":null},"labels":{"deployment-tool":"cli-firebase","firebase-functions-hash":"7d94136b0e68d3f8e34e276f093d6e31668a59d9"},"eventTrigger":{"eventType":"google.cloud.firestore.document.v1.created","retryPolicy":"RETRY_POLICY_DO_NOT_RETRY","eventFilters":[{"attribute":"database","value":"(default)"},{"attribute":"namespace","value":"(default)"},{"attribute":"document","value":"solicitudes_reserva/{docId}","operator":"match-path-pattern"}],"triggerRegion":"nam5"}}
[debug] [2026-03-19T02:49:10.587Z] <<< [apiv2][status] POST https://cloudfunctions.googleapis.com/v2/projects/gym-managment-10c42/locations/us-central1/functions 400
[debug] [2026-03-19T02:49:10.588Z] <<< [apiv2][body] POST https://cloudfunctions.googleapis.com/v2/projects/gym-managment-10c42/locations/us-central1/functions {"error":{"code":400,"message":"Validation failed for trigger projects/gym-managment-10c42/locations/nam5/triggers/notifynewreservation-075114: Invalid resource state for \"\": Permission denied while using the Eventarc Service Agent. If you recently started to use Eventarc, it may take a few minutes before all necessary permissions are propagated to the Service Agent. Otherwise, verify that it has Eventarc Service Agent role.","status":"FAILED_PRECONDITION"}}
[warn] ⚠  functions: Request to https://cloudfunctions.googleapis.com/v2/projects/gym-managment-10c42/locations/us-central1/functions?functionId=notifyNewReservation had HTTP Error: 400, Validation failed for trigger projects/gym-managment-10c42/locations/nam5/triggers/notifynewreservation-075114: Invalid resource state for "": Permission denied while using the Eventarc Service Agent. If you recently started to use Eventarc, it may take a few minutes before all necessary permissions are propagated to the Service Agent. Otherwise, verify that it has Eventarc Service Agent role. 
[warn] ⚠  functions: Since this is your first time using 2nd gen functions, we need a little bit longer to finish setting everything up. Retry the deployment in a few minutes. 
[warn] ⚠  functions:  failed to create function projects/gym-managment-10c42/locations/us-central1/functions/notifyNewReservation 
[error] Failed to create function projects/gym-managment-10c42/locations/us-central1/functions/notifyNewReservation
[debug] [2026-03-19T02:49:10.593Z] Total Function Deployment time: 16860
[debug] [2026-03-19T02:49:10.593Z] 1 Functions Deployed
[debug] [2026-03-19T02:49:10.593Z] 1 Functions Errored
[debug] [2026-03-19T02:49:10.593Z] 0 Function Deployments Aborted
[debug] [2026-03-19T02:49:10.593Z] Average Function Deployment time: 16859
[info] 
[info] Functions deploy had errors with the following functions:
	notifyNewReservation(us-central1)
[debug] [2026-03-19T02:49:10.709Z] Checked if tokens are valid: true, expires at: 1773890211176
[debug] [2026-03-19T02:49:10.710Z] Checked if tokens are valid: true, expires at: 1773890211176
[debug] [2026-03-19T02:49:10.710Z] >>> [apiv2][query] GET https://artifactregistry.googleapis.com/v1/projects/gym-managment-10c42/locations/us-central1/repositories/gcf-artifacts [none]
[debug] [2026-03-19T02:49:11.898Z] <<< [apiv2][status] GET https://artifactregistry.googleapis.com/v1/projects/gym-managment-10c42/locations/us-central1/repositories/gcf-artifacts 404
[debug] [2026-03-19T02:49:11.898Z] <<< [apiv2][body] GET https://artifactregistry.googleapis.com/v1/projects/gym-managment-10c42/locations/us-central1/repositories/gcf-artifacts {"error":{"code":404,"message":"Requested entity was not found.","status":"NOT_FOUND"}}
[debug] [2026-03-19T02:49:11.898Z] Failed to check artifact cleanup policy for region us-central1: Request to https://artifactregistry.googleapis.com/v1/projects/gym-managment-10c42/locations/us-central1/repositories/gcf-artifacts had HTTP Error: 404, Requested entity was not found. {"name":"FirebaseError","children":[],"context":{"body":{"error":{"code":404,"message":"Requested entity was not found.","status":"NOT_FOUND"}},"response":{"statusCode":404}},"exit":1,"message":"Request to https://artifactregistry.googleapis.com/v1/projects/gym-managment-10c42/locations/us-central1/repositories/gcf-artifacts had HTTP Error: 404, Requested entity was not found.","status":404}
[debug] [2026-03-19T02:49:11.899Z] Functions deploy failed.
[debug] [2026-03-19T02:49:11.899Z] {
  "endpoint": {
    "id": "notifyNewReservation",
    "project": "gym-managment-10c42",
    "region": "us-central1",
    "entryPoint": "notifyNewReservation",
    "platform": "gcfv2",
    "runtime": "nodejs20",
    "eventTrigger": {
      "eventType": "google.cloud.firestore.document.v1.created",
      "retry": false,
      "eventFilters": {
        "database": "(default)",
        "namespace": "(default)"
      },
      "eventFilterPathPatterns": {
        "document": "solicitudes_reserva/{docId}"
      },
      "region": "nam5"
    },
    "labels": {
      "deployment-tool": "cli-firebase"
    },
    "serviceAccount": null,
    "ingressSettings": null,
    "availableMemoryMb": null,
    "timeoutSeconds": null,
    "maxInstances": null,
    "minInstances": null,
    "concurrency": 80,
    "vpc": null,
    "environmentVariables": {
      "FIREBASE_CONFIG": "{\"projectId\":\"gym-managment-10c42\",\"storageBucket\":\"gym-managment-10c42.firebasestorage.app\"}",
      "GCLOUD_PROJECT": "gym-managment-10c42",
      "EVENTARC_CLOUD_EVENT_SOURCE": "projects/gym-managment-10c42/locations/us-central1/services/notifyNewReservation"
    },
    "codebase": "default",
    "cpu": 1,
    "targetedByOnly": false,
    "hash": "7d94136b0e68d3f8e34e276f093d6e31668a59d9"
  },
  "op": "create",
  "original": {
    "name": "FirebaseError",
    "children": [],
    "context": {
      "function": "projects/gym-managment-10c42/locations/us-central1/functions/notifyNewReservation"
    },
    "exit": 1,
    "message": "Failed to create function projects/gym-managment-10c42/locations/us-central1/functions/notifyNewReservation",
    "original": {
      "name": "FirebaseError",
      "children": [],
      "context": {
        "body": {
          "error": {
            "code": 400,
            "message": "Validation failed for trigger projects/gym-managment-10c42/locations/nam5/triggers/notifynewreservation-075114: Invalid resource state for \"\": Permission denied while using the Eventarc Service Agent. If you recently started to use Eventarc, it may take a few minutes before all necessary permissions are propagated to the Service Agent. Otherwise, verify that it has Eventarc Service Agent role.",
            "status": "FAILED_PRECONDITION"
          }
        },
        "response": {
          "statusCode": 400
        }
      },
      "exit": 1,
      "message": "Request to https://cloudfunctions.googleapis.com/v2/projects/gym-managment-10c42/locations/us-central1/functions?functionId=notifyNewReservation had HTTP Error: 400, Validation failed for trigger projects/gym-managment-10c42/locations/nam5/triggers/notifynewreservation-075114: Invalid resource state for \"\": Permission denied while using the Eventarc Service Agent. If you recently started to use Eventarc, it may take a few minutes before all necessary permissions are propagated to the Service Agent. Otherwise, verify that it has Eventarc Service Agent role.",
      "status": 400
    },
    "status": 400,
    "code": 400
  }
}
[debug] [2026-03-19T02:49:11.938Z] Error: Failed to create function notifyNewReservation in region us-central1
    at /usr/local/lib/node_modules/firebase-tools/lib/deploy/functions/release/fabricator.js:306:27
    at process.processTicksAndRejections (node:internal/process/task_queues:105:5)
    at async Fabricator.createV2Function (/usr/local/lib/node_modules/firebase-tools/lib/deploy/functions/release/fabricator.js:290:30)
    at async Fabricator.createEndpoint (/usr/local/lib/node_modules/firebase-tools/lib/deploy/functions/release/fabricator.js:137:13)
    at async handle (/usr/local/lib/node_modules/firebase-tools/lib/deploy/functions/release/fabricator.js:89:17)
[error] 
[error] Error: There was an error deploying functions
[debug] [2026-03-19T02:53:38.570Z] ----------------------------------------------------------------------
[debug] [2026-03-19T02:53:38.573Z] Command:       /usr/bin/node-22 /usr/local/bin/firebase deploy --only functions
[debug] [2026-03-19T02:53:38.574Z] CLI Version:   14.22.0
[debug] [2026-03-19T02:53:38.574Z] Platform:      linux
[debug] [2026-03-19T02:53:38.574Z] Node Version:  v22.21.1
[debug] [2026-03-19T02:53:38.574Z] Time:          Wed Mar 18 2026 21:53:38 GMT-0500 (hora estándar de Perú)
[debug] [2026-03-19T02:53:38.575Z] ----------------------------------------------------------------------
[debug] 
[debug] [2026-03-19T02:53:38.814Z] > command requires scopes: ["email","openid","https://www.googleapis.com/auth/cloudplatformprojects.readonly","https://www.googleapis.com/auth/firebase","https://www.googleapis.com/auth/cloud-platform"]
[debug] [2026-03-19T02:53:38.815Z] > authorizing via signed-in user (frecodev.1992@gmail.com)
[debug] [2026-03-19T02:53:38.815Z] [iam] checking project gym-managment-10c42 for permissions ["cloudfunctions.functions.create","cloudfunctions.functions.delete","cloudfunctions.functions.get","cloudfunctions.functions.list","cloudfunctions.functions.update","cloudfunctions.operations.get","firebase.projects.get"]
[debug] [2026-03-19T02:53:38.816Z] Checked if tokens are valid: true, expires at: 1773890211176
[debug] [2026-03-19T02:53:38.816Z] Checked if tokens are valid: true, expires at: 1773890211176
[debug] [2026-03-19T02:53:38.818Z] >>> [apiv2][query] POST https://cloudresourcemanager.googleapis.com/v1/projects/gym-managment-10c42:testIamPermissions [none]
[debug] [2026-03-19T02:53:38.818Z] >>> [apiv2][(partial)header] POST https://cloudresourcemanager.googleapis.com/v1/projects/gym-managment-10c42:testIamPermissions x-goog-quota-user=projects/gym-managment-10c42
[debug] [2026-03-19T02:53:38.818Z] >>> [apiv2][body] POST https://cloudresourcemanager.googleapis.com/v1/projects/gym-managment-10c42:testIamPermissions {"permissions":["cloudfunctions.functions.create","cloudfunctions.functions.delete","cloudfunctions.functions.get","cloudfunctions.functions.list","cloudfunctions.functions.update","cloudfunctions.operations.get","firebase.projects.get"]}
[debug] [2026-03-19T02:53:40.031Z] <<< [apiv2][status] POST https://cloudresourcemanager.googleapis.com/v1/projects/gym-managment-10c42:testIamPermissions 200
[debug] [2026-03-19T02:53:40.032Z] <<< [apiv2][body] POST https://cloudresourcemanager.googleapis.com/v1/projects/gym-managment-10c42:testIamPermissions {"permissions":["cloudfunctions.functions.create","cloudfunctions.functions.delete","cloudfunctions.functions.get","cloudfunctions.functions.list","cloudfunctions.functions.update","cloudfunctions.operations.get","firebase.projects.get"]}
[debug] [2026-03-19T02:53:40.032Z] Checked if tokens are valid: true, expires at: 1773890211176
[debug] [2026-03-19T02:53:40.032Z] Checked if tokens are valid: true, expires at: 1773890211176
[debug] [2026-03-19T02:53:40.032Z] >>> [apiv2][query] POST https://iam.googleapis.com/v1/projects/gym-managment-10c42/serviceAccounts/gym-managment-10c42@appspot.gserviceaccount.com:testIamPermissions [none]
[debug] [2026-03-19T02:53:40.033Z] >>> [apiv2][body] POST https://iam.googleapis.com/v1/projects/gym-managment-10c42/serviceAccounts/gym-managment-10c42@appspot.gserviceaccount.com:testIamPermissions {"permissions":["iam.serviceAccounts.actAs"]}
[debug] [2026-03-19T02:53:41.384Z] <<< [apiv2][status] POST https://iam.googleapis.com/v1/projects/gym-managment-10c42/serviceAccounts/gym-managment-10c42@appspot.gserviceaccount.com:testIamPermissions 200
[debug] [2026-03-19T02:53:41.384Z] <<< [apiv2][body] POST https://iam.googleapis.com/v1/projects/gym-managment-10c42/serviceAccounts/gym-managment-10c42@appspot.gserviceaccount.com:testIamPermissions {"permissions":["iam.serviceAccounts.actAs"]}
[info] 
[info] === Deploying to 'gym-managment-10c42'...
[info] 
[info] i  deploying functions 
[debug] [2026-03-19T02:53:41.387Z] Checked if tokens are valid: true, expires at: 1773890211176
[debug] [2026-03-19T02:53:41.387Z] Checked if tokens are valid: true, expires at: 1773890211176
[debug] [2026-03-19T02:53:41.388Z] >>> [apiv2][query] GET https://cloudresourcemanager.googleapis.com/v1/projects/gym-managment-10c42 [none]
[debug] [2026-03-19T02:53:41.604Z] <<< [apiv2][status] GET https://cloudresourcemanager.googleapis.com/v1/projects/gym-managment-10c42 200
[debug] [2026-03-19T02:53:41.604Z] <<< [apiv2][body] GET https://cloudresourcemanager.googleapis.com/v1/projects/gym-managment-10c42 {"projectNumber":"450500386725","projectId":"gym-managment-10c42","lifecycleState":"ACTIVE","name":"gym-managment","labels":{"firebase":"enabled","firebase-core":"disabled"},"createTime":"2026-01-13T02:10:19.850774Z"}
[info] i  functions: preparing codebase default for deployment 
[info] i  functions: ensuring required API cloudfunctions.googleapis.com is enabled... 
[info] i  functions: ensuring required API cloudbuild.googleapis.com is enabled... 
[info] i  artifactregistry: ensuring required API artifactregistry.googleapis.com is enabled... 
[debug] [2026-03-19T02:53:41.607Z] Checked if tokens are valid: true, expires at: 1773890211176
[debug] [2026-03-19T02:53:41.607Z] Checked if tokens are valid: true, expires at: 1773890211176
[debug] [2026-03-19T02:53:41.607Z] >>> [apiv2][query] GET https://firebase.googleapis.com/v1beta1/projects/gym-managment-10c42/adminSdkConfig [none]
[debug] [2026-03-19T02:53:42.182Z] <<< [apiv2][status] GET https://firebase.googleapis.com/v1beta1/projects/gym-managment-10c42/adminSdkConfig 200
[debug] [2026-03-19T02:53:42.182Z] <<< [apiv2][body] GET https://firebase.googleapis.com/v1beta1/projects/gym-managment-10c42/adminSdkConfig {"projectId":"gym-managment-10c42","storageBucket":"gym-managment-10c42.firebasestorage.app"}
[debug] [2026-03-19T02:53:42.183Z] Checked if tokens are valid: true, expires at: 1773890211176
[debug] [2026-03-19T02:53:42.183Z] Checked if tokens are valid: true, expires at: 1773890211176
[debug] [2026-03-19T02:53:42.183Z] >>> [apiv2][query] GET https://runtimeconfig.googleapis.com/v1beta1/projects/gym-managment-10c42/configs [none]
[debug] [2026-03-19T02:53:43.307Z] <<< [apiv2][status] GET https://runtimeconfig.googleapis.com/v1beta1/projects/gym-managment-10c42/configs 200
[debug] [2026-03-19T02:53:43.307Z] <<< [apiv2][body] GET https://runtimeconfig.googleapis.com/v1beta1/projects/gym-managment-10c42/configs {}
[debug] [2026-03-19T02:53:43.309Z] Validating nodejs source
[warn] ⚠  functions: Runtime Node.js 20 will be deprecated on 2026-04-30 and will be decommissioned on 2026-10-30, after which you will not be able to deploy without upgrading. Consider upgrading now to avoid disruption. See https://cloud.google.com/functions/docs/runtime-support for full details on the lifecycle policy 
[debug] [2026-03-19T02:53:44.025Z] > [functions] package.json contents: {
  "name": "functions",
  "description": "Cloud Functions for Firebase",
  "scripts": {
    "build": "tsc",
    "serve": "npm run build && firebase emulators:start --only functions",
    "shell": "npm run build && firebase functions:shell",
    "start": "npm run shell",
    "deploy": "firebase deploy --only functions",
    "logs": "firebase functions:log"
  },
  "engines": {
    "node": "20"
  },
  "main": "lib/index.js",
  "dependencies": {
    "firebase-admin": "^13.7.0",
    "firebase-functions": "^7.2.2",
    "nodemailer": "^6.9.0"
  },
  "devDependencies": {
    "@types/nodemailer": "^7.0.11",
    "firebase-functions-test": "^3.1.0",
    "typescript": "^5.0.0"
  },
  "private": true
}
[debug] [2026-03-19T02:53:44.025Z] Building nodejs source
[info] i  functions: Loading and analyzing source code for codebase default to determine what to deploy 
[debug] [2026-03-19T02:53:44.027Z] Could not find functions.yaml. Must use http discovery
[debug] [2026-03-19T02:53:44.034Z] Found firebase-functions binary at '/home/frecodev/Documentos/managment-gym/functions/node_modules/.bin/firebase-functions'
[info] Serving at port 8739

[debug] [2026-03-19T02:53:44.589Z] Got response from /__/functions.yaml {"endpoints":{"notifyNewReservation":{"availableMemoryMb":null,"timeoutSeconds":null,"minInstances":null,"maxInstances":null,"ingressSettings":null,"concurrency":null,"serviceAccountEmail":null,"vpc":null,"platform":"gcfv2","labels":{},"eventTrigger":{"eventType":"google.cloud.firestore.document.v1.created","eventFilters":{"database":"(default)","namespace":"(default)"},"eventFilterPathPatterns":{"document":"solicitudes_reserva/{docId}"},"retry":false},"entryPoint":"notifyNewReservation"}},"specVersion":"v1alpha1","requiredAPIs":[],"extensions":{}}
[info] i  extensions: ensuring required API firebaseextensions.googleapis.com is enabled... 
[debug] [2026-03-19T02:53:48.618Z] > command requires scopes: ["email","openid","https://www.googleapis.com/auth/cloudplatformprojects.readonly","https://www.googleapis.com/auth/firebase","https://www.googleapis.com/auth/cloud-platform"]
[debug] [2026-03-19T02:53:48.618Z] > authorizing via signed-in user (frecodev.1992@gmail.com)
[debug] [2026-03-19T02:53:48.618Z] [iam] checking project gym-managment-10c42 for permissions ["firebase.projects.get","firebaseextensions.instances.list"]
[debug] [2026-03-19T02:53:48.618Z] Checked if tokens are valid: true, expires at: 1773890211176
[debug] [2026-03-19T02:53:48.618Z] Checked if tokens are valid: true, expires at: 1773890211176
[debug] [2026-03-19T02:53:48.618Z] >>> [apiv2][query] POST https://cloudresourcemanager.googleapis.com/v1/projects/gym-managment-10c42:testIamPermissions [none]
[debug] [2026-03-19T02:53:48.618Z] >>> [apiv2][(partial)header] POST https://cloudresourcemanager.googleapis.com/v1/projects/gym-managment-10c42:testIamPermissions x-goog-quota-user=projects/gym-managment-10c42
[debug] [2026-03-19T02:53:48.618Z] >>> [apiv2][body] POST https://cloudresourcemanager.googleapis.com/v1/projects/gym-managment-10c42:testIamPermissions {"permissions":["firebase.projects.get","firebaseextensions.instances.list"]}
[debug] [2026-03-19T02:53:49.712Z] <<< [apiv2][status] POST https://cloudresourcemanager.googleapis.com/v1/projects/gym-managment-10c42:testIamPermissions 200
[debug] [2026-03-19T02:53:49.712Z] <<< [apiv2][body] POST https://cloudresourcemanager.googleapis.com/v1/projects/gym-managment-10c42:testIamPermissions {"permissions":["firebase.projects.get","firebaseextensions.instances.list"]}
[debug] [2026-03-19T02:53:49.713Z] Checked if tokens are valid: true, expires at: 1773890211176
[debug] [2026-03-19T02:53:49.713Z] Checked if tokens are valid: true, expires at: 1773890211176
[debug] [2026-03-19T02:53:49.714Z] >>> [apiv2][query] GET https://firebaseextensions.googleapis.com/v1beta/projects/gym-managment-10c42/instances pageSize=100&pageToken=
[debug] [2026-03-19T02:53:51.350Z] <<< [apiv2][status] GET https://firebaseextensions.googleapis.com/v1beta/projects/gym-managment-10c42/instances 200
[debug] [2026-03-19T02:53:51.350Z] <<< [apiv2][body] GET https://firebaseextensions.googleapis.com/v1beta/projects/gym-managment-10c42/instances {}
[info] i  functions: preparing functions directory for uploading... 
[info] i  functions: packaged /home/frecodev/Documentos/managment-gym/functions (74.85 KB) for uploading 
[debug] [2026-03-19T02:53:51.399Z] Checked if tokens are valid: true, expires at: 1773890211176
[debug] [2026-03-19T02:53:51.399Z] Checked if tokens are valid: true, expires at: 1773890211176
[debug] [2026-03-19T02:53:51.399Z] >>> [apiv2][query] GET https://cloudfunctions.googleapis.com/v1/projects/gym-managment-10c42/locations/-/functions [none]
[debug] [2026-03-19T02:53:52.477Z] <<< [apiv2][status] GET https://cloudfunctions.googleapis.com/v1/projects/gym-managment-10c42/locations/-/functions 200
[debug] [2026-03-19T02:53:52.477Z] <<< [apiv2][body] GET https://cloudfunctions.googleapis.com/v1/projects/gym-managment-10c42/locations/-/functions {}
[debug] [2026-03-19T02:53:52.478Z] Checked if tokens are valid: true, expires at: 1773890211176
[debug] [2026-03-19T02:53:52.478Z] Checked if tokens are valid: true, expires at: 1773890211176
[debug] [2026-03-19T02:53:52.478Z] >>> [apiv2][query] GET https://cloudfunctions.googleapis.com/v2/projects/gym-managment-10c42/locations/-/functions filter=environment%3D%22GEN_2%22
[debug] [2026-03-19T02:53:53.962Z] <<< [apiv2][status] GET https://cloudfunctions.googleapis.com/v2/projects/gym-managment-10c42/locations/-/functions 200
[debug] [2026-03-19T02:53:53.962Z] <<< [apiv2][body] GET https://cloudfunctions.googleapis.com/v2/projects/gym-managment-10c42/locations/-/functions {}
[debug] [2026-03-19T02:53:53.964Z] Checked if tokens are valid: true, expires at: 1773890211176
[debug] [2026-03-19T02:53:53.964Z] Checked if tokens are valid: true, expires at: 1773890211176
[debug] [2026-03-19T02:53:53.964Z] >>> [apiv2][query] GET https://firestore.googleapis.com/v1/projects/gym-managment-10c42/databases/(default) [none]
[debug] [2026-03-19T02:53:55.073Z] <<< [apiv2][status] GET https://firestore.googleapis.com/v1/projects/gym-managment-10c42/databases/(default) 200
[debug] [2026-03-19T02:53:55.073Z] <<< [apiv2][body] GET https://firestore.googleapis.com/v1/projects/gym-managment-10c42/databases/(default) {"name":"projects/gym-managment-10c42/databases/(default)","uid":"7958cddb-0e60-40ae-9508-bb122f616196","createTime":"2026-01-13T02:17:41.928501Z","updateTime":"2026-01-13T02:17:41.928501Z","locationId":"nam5","type":"FIRESTORE_NATIVE","concurrencyMode":"PESSIMISTIC","versionRetentionPeriod":"3600s","earliestVersionTime":"2026-03-19T01:53:54.979980Z","appEngineIntegrationMode":"DISABLED","keyPrefix":"s","pointInTimeRecoveryEnablement":"POINT_IN_TIME_RECOVERY_DISABLED","deleteProtectionState":"DELETE_PROTECTION_DISABLED","databaseEdition":"STANDARD","freeTier":true,"realtimeUpdatesMode":"REALTIME_UPDATES_MODE_ENABLED","etag":"ILiMhe/6qpMDMLn49cmn5pID"}
[info] i  functions: ensuring required API run.googleapis.com is enabled... 
[info] i  functions: ensuring required API eventarc.googleapis.com is enabled... 
[info] i  functions: ensuring required API pubsub.googleapis.com is enabled... 
[info] i  functions: ensuring required API storage.googleapis.com is enabled... 
[info] i  functions: generating the service identity for pubsub.googleapis.com... 
[debug] [2026-03-19T02:53:55.076Z] Checked if tokens are valid: true, expires at: 1773890211176
[debug] [2026-03-19T02:53:55.076Z] Checked if tokens are valid: true, expires at: 1773890211176
[info] i  functions: generating the service identity for eventarc.googleapis.com... 
[debug] [2026-03-19T02:53:55.076Z] Checked if tokens are valid: true, expires at: 1773890211176
[debug] [2026-03-19T02:53:55.076Z] Checked if tokens are valid: true, expires at: 1773890211176
[debug] [2026-03-19T02:53:55.076Z] >>> [apiv2][query] POST https://serviceusage.googleapis.com/v1beta1/projects/450500386725/services/pubsub.googleapis.com:generateServiceIdentity [none]
[debug] [2026-03-19T02:53:55.077Z] >>> [apiv2][(partial)header] POST https://serviceusage.googleapis.com/v1beta1/projects/450500386725/services/pubsub.googleapis.com:generateServiceIdentity x-goog-quota-user=projects/450500386725
[debug] [2026-03-19T02:53:55.077Z] >>> [apiv2][body] POST https://serviceusage.googleapis.com/v1beta1/projects/450500386725/services/pubsub.googleapis.com:generateServiceIdentity {}
[debug] [2026-03-19T02:53:55.078Z] >>> [apiv2][query] POST https://serviceusage.googleapis.com/v1beta1/projects/450500386725/services/eventarc.googleapis.com:generateServiceIdentity [none]
[debug] [2026-03-19T02:53:55.078Z] >>> [apiv2][(partial)header] POST https://serviceusage.googleapis.com/v1beta1/projects/450500386725/services/eventarc.googleapis.com:generateServiceIdentity x-goog-quota-user=projects/450500386725
[debug] [2026-03-19T02:53:55.078Z] >>> [apiv2][body] POST https://serviceusage.googleapis.com/v1beta1/projects/450500386725/services/eventarc.googleapis.com:generateServiceIdentity {}
[debug] [2026-03-19T02:53:56.344Z] <<< [apiv2][status] POST https://serviceusage.googleapis.com/v1beta1/projects/450500386725/services/eventarc.googleapis.com:generateServiceIdentity 200
[debug] [2026-03-19T02:53:56.345Z] <<< [apiv2][body] POST https://serviceusage.googleapis.com/v1beta1/projects/450500386725/services/eventarc.googleapis.com:generateServiceIdentity {"name":"operations/finished.DONE_OPERATION","done":true,"response":{"@type":"type.googleapis.com/google.api.serviceusage.v1beta1.ServiceIdentity","email":"service-450500386725@gcp-sa-eventarc.iam.gserviceaccount.com","uniqueId":"100107547673197276473"}}
[debug] [2026-03-19T02:53:56.494Z] <<< [apiv2][status] POST https://serviceusage.googleapis.com/v1beta1/projects/450500386725/services/pubsub.googleapis.com:generateServiceIdentity 200
[debug] [2026-03-19T02:53:56.494Z] <<< [apiv2][body] POST https://serviceusage.googleapis.com/v1beta1/projects/450500386725/services/pubsub.googleapis.com:generateServiceIdentity {"name":"operations/finished.DONE_OPERATION","done":true,"response":{"@type":"type.googleapis.com/google.api.serviceusage.v1beta1.ServiceIdentity","email":"service-450500386725@gcp-sa-pubsub.iam.gserviceaccount.com","uniqueId":"117448455176772287092"}}
[debug] [2026-03-19T02:53:56.496Z] Checked if tokens are valid: true, expires at: 1773890211176
[debug] [2026-03-19T02:53:56.496Z] Checked if tokens are valid: true, expires at: 1773890211176
[debug] [2026-03-19T02:53:56.497Z] >>> [apiv2][query] GET https://compute.googleapis.com/compute/v1/projects/450500386725 [none]
[debug] [2026-03-19T02:53:56.953Z] <<< [apiv2][status] GET https://compute.googleapis.com/compute/v1/projects/450500386725 403
[debug] [2026-03-19T02:53:56.954Z] <<< [apiv2][body] GET https://compute.googleapis.com/compute/v1/projects/450500386725 {"error":{"code":403,"message":"Compute Engine API has not been used in project 450500386725 before or it is disabled. Enable it by visiting https://console.developers.google.com/apis/api/compute.googleapis.com/overview?project=450500386725 then retry. If you enabled this API recently, wait a few minutes for the action to propagate to our systems and retry.","errors":[{"message":"Compute Engine API has not been used in project 450500386725 before or it is disabled. Enable it by visiting https://console.developers.google.com/apis/api/compute.googleapis.com/overview?project=450500386725 then retry. If you enabled this API recently, wait a few minutes for the action to propagate to our systems and retry.","domain":"usageLimits","reason":"accessNotConfigured","extendedHelp":"https://console.developers.google.com"}],"status":"PERMISSION_DENIED","details":[{"@type":"type.googleapis.com/google.rpc.ErrorInfo","reason":"SERVICE_DISABLED","domain":"googleapis.com","metadata":{"service":"compute.googleapis.com","consumer":"projects/450500386725","activationUrl":"https://console.developers.google.com/apis/api/compute.googleapis.com/overview?project=450500386725","serviceTitle":"Compute Engine API","containerInfo":"450500386725"}},{"@type":"type.googleapis.com/google.rpc.LocalizedMessage","locale":"en-US","message":"Compute Engine API has not been used in project 450500386725 before or it is disabled. Enable it by visiting https://console.developers.google.com/apis/api/compute.googleapis.com/overview?project=450500386725 then retry. If you enabled this API recently, wait a few minutes for the action to propagate to our systems and retry."},{"@type":"type.googleapis.com/google.rpc.Help","links":[{"description":"Google developers console API activation","url":"https://console.developers.google.com/apis/api/compute.googleapis.com/overview?project=450500386725"}]}]}}
[debug] [2026-03-19T02:53:56.954Z] unable to look up default compute service account. Falling back to 450500386725-compute@developer.gserviceaccount.com. Error: {"name":"FirebaseError","children":[],"context":{"body":{"error":{"code":403,"message":"Compute Engine API has not been used in project 450500386725 before or it is disabled. Enable it by visiting https://console.developers.google.com/apis/api/compute.googleapis.com/overview?project=450500386725 then retry. If you enabled this API recently, wait a few minutes for the action to propagate to our systems and retry.","errors":[{"message":"Compute Engine API has not been used in project 450500386725 before or it is disabled. Enable it by visiting https://console.developers.google.com/apis/api/compute.googleapis.com/overview?project=450500386725 then retry. If you enabled this API recently, wait a few minutes for the action to propagate to our systems and retry.","domain":"usageLimits","reason":"accessNotConfigured","extendedHelp":"https://console.developers.google.com"}],"status":"PERMISSION_DENIED","details":[{"@type":"type.googleapis.com/google.rpc.ErrorInfo","reason":"SERVICE_DISABLED","domain":"googleapis.com","metadata":{"service":"compute.googleapis.com","consumer":"projects/450500386725","activationUrl":"https://console.developers.google.com/apis/api/compute.googleapis.com/overview?project=450500386725","serviceTitle":"Compute Engine API","containerInfo":"450500386725"}},{"@type":"type.googleapis.com/google.rpc.LocalizedMessage","locale":"en-US","message":"Compute Engine API has not been used in project 450500386725 before or it is disabled. Enable it by visiting https://console.developers.google.com/apis/api/compute.googleapis.com/overview?project=450500386725 then retry. If you enabled this API recently, wait a few minutes for the action to propagate to our systems and retry."},{"@type":"type.googleapis.com/google.rpc.Help","links":[{"description":"Google developers console API activation","url":"https://console.developers.google.com/apis/api/compute.googleapis.com/overview?project=450500386725"}]}]}},"response":{"statusCode":403}},"exit":1,"message":"Request to https://compute.googleapis.com/compute/v1/projects/450500386725 had HTTP Error: 403, Compute Engine API has not been used in project 450500386725 before or it is disabled. Enable it by visiting https://console.developers.google.com/apis/api/compute.googleapis.com/overview?project=450500386725 then retry. If you enabled this API recently, wait a few minutes for the action to propagate to our systems and retry.","status":403}
[debug] [2026-03-19T02:53:56.955Z] Checked if tokens are valid: true, expires at: 1773890211176
[debug] [2026-03-19T02:53:56.955Z] Checked if tokens are valid: true, expires at: 1773890211176
[debug] [2026-03-19T02:53:56.955Z] >>> [apiv2][query] POST https://cloudresourcemanager.googleapis.com/v1/projects/450500386725:getIamPolicy [none]
[debug] [2026-03-19T02:53:58.323Z] <<< [apiv2][status] POST https://cloudresourcemanager.googleapis.com/v1/projects/450500386725:getIamPolicy 200
[debug] [2026-03-19T02:53:58.323Z] <<< [apiv2][body] POST https://cloudresourcemanager.googleapis.com/v1/projects/450500386725:getIamPolicy {"version":1,"etag":"BwZNV5wSzo4=","bindings":[{"role":"roles/cloudbuild.builds.builder","members":["serviceAccount:450500386725@cloudbuild.gserviceaccount.com"]},{"role":"roles/cloudbuild.serviceAgent","members":["serviceAccount:service-450500386725@gcp-sa-cloudbuild.iam.gserviceaccount.com"]},{"role":"roles/cloudfunctions.admin","members":["serviceAccount:firebase-adminsdk-fbsvc@gym-managment-10c42.iam.gserviceaccount.com"]},{"role":"roles/cloudfunctions.serviceAgent","members":["serviceAccount:service-450500386725@gcf-admin-robot.iam.gserviceaccount.com"]},{"role":"roles/containerregistry.ServiceAgent","members":["serviceAccount:service-450500386725@containerregistry.iam.gserviceaccount.com"]},{"role":"roles/editor","members":["serviceAccount:450500386725-compute@developer.gserviceaccount.com","serviceAccount:450500386725@cloudservices.gserviceaccount.com","serviceAccount:gym-managment-10c42@appspot.gserviceaccount.com"]},{"role":"roles/eventarc.eventReceiver","members":["serviceAccount:450500386725-compute@developer.gserviceaccount.com"]},{"role":"roles/eventarc.serviceAgent","members":["serviceAccount:service-450500386725@gcp-sa-eventarc.iam.gserviceaccount.com"]},{"role":"roles/firebase.managementServiceAgent","members":["serviceAccount:service-450500386725@gcp-sa-firebase.iam.gserviceaccount.com"]},{"role":"roles/firebase.sdkAdminServiceAgent","members":["serviceAccount:firebase-adminsdk-fbsvc@gym-managment-10c42.iam.gserviceaccount.com"]},{"role":"roles/firebaseauth.admin","members":["serviceAccount:firebase-adminsdk-fbsvc@gym-managment-10c42.iam.gserviceaccount.com"]},{"role":"roles/firebasemods.serviceAgent","members":["serviceAccount:service-450500386725@gcp-sa-firebasemods.iam.gserviceaccount.com"]},{"role":"roles/firebaserules.system","members":["serviceAccount:service-450500386725@firebase-rules.iam.gserviceaccount.com"]},{"role":"roles/firebasestorage.serviceAgent","members":["serviceAccount:service-450500386725@gcp-sa-firebasestorage.iam.gserviceaccount.com"]},{"role":"roles/firestore.serviceAgent","members":["serviceAccount:service-450500386725@gcp-sa-firestore.iam.gserviceaccount.com"]},{"role":"roles/iam.serviceAccountTokenCreator","members":["serviceAccount:firebase-adminsdk-fbsvc@gym-managment-10c42.iam.gserviceaccount.com","serviceAccount:service-450500386725@gcp-sa-pubsub.iam.gserviceaccount.com"]},{"role":"roles/owner","members":["user:frecodev.1992@gmail.com"]},{"role":"roles/run.invoker","members":["serviceAccount:450500386725-compute@developer.gserviceaccount.com"]},{"role":"roles/run.serviceAgent","members":["serviceAccount:service-450500386725@serverless-robot-prod.iam.gserviceaccount.com"]},{"role":"roles/storage.admin","members":["serviceAccount:firebase-adminsdk-fbsvc@gym-managment-10c42.iam.gserviceaccount.com"]}]}
[debug] [2026-03-19T02:53:58.324Z] Checked if tokens are valid: true, expires at: 1773890211176
[debug] [2026-03-19T02:53:58.325Z] Checked if tokens are valid: true, expires at: 1773890211176
[debug] [2026-03-19T02:53:58.325Z] >>> [apiv2][query] GET https://cloudresourcemanager.googleapis.com/v1/projects/gym-managment-10c42 [none]
[debug] [2026-03-19T02:53:58.609Z] <<< [apiv2][status] GET https://cloudresourcemanager.googleapis.com/v1/projects/gym-managment-10c42 200
[debug] [2026-03-19T02:53:58.609Z] <<< [apiv2][body] GET https://cloudresourcemanager.googleapis.com/v1/projects/gym-managment-10c42 {"projectNumber":"450500386725","projectId":"gym-managment-10c42","lifecycleState":"ACTIVE","name":"gym-managment","labels":{"firebase":"enabled","firebase-core":"disabled"},"createTime":"2026-01-13T02:10:19.850774Z"}
[debug] [2026-03-19T02:53:58.610Z] Checked if tokens are valid: true, expires at: 1773890211176
[debug] [2026-03-19T02:53:58.610Z] Checked if tokens are valid: true, expires at: 1773890211176
[debug] [2026-03-19T02:53:58.610Z] >>> [apiv2][query] GET https://compute.googleapis.com/compute/v1/projects/450500386725 [none]
[debug] [2026-03-19T02:53:58.903Z] <<< [apiv2][status] GET https://compute.googleapis.com/compute/v1/projects/450500386725 403
[debug] [2026-03-19T02:53:58.903Z] <<< [apiv2][body] GET https://compute.googleapis.com/compute/v1/projects/450500386725 {"error":{"code":403,"message":"Compute Engine API has not been used in project 450500386725 before or it is disabled. Enable it by visiting https://console.developers.google.com/apis/api/compute.googleapis.com/overview?project=450500386725 then retry. If you enabled this API recently, wait a few minutes for the action to propagate to our systems and retry.","errors":[{"message":"Compute Engine API has not been used in project 450500386725 before or it is disabled. Enable it by visiting https://console.developers.google.com/apis/api/compute.googleapis.com/overview?project=450500386725 then retry. If you enabled this API recently, wait a few minutes for the action to propagate to our systems and retry.","domain":"usageLimits","reason":"accessNotConfigured","extendedHelp":"https://console.developers.google.com"}],"status":"PERMISSION_DENIED","details":[{"@type":"type.googleapis.com/google.rpc.ErrorInfo","reason":"SERVICE_DISABLED","domain":"googleapis.com","metadata":{"containerInfo":"450500386725","serviceTitle":"Compute Engine API","consumer":"projects/450500386725","activationUrl":"https://console.developers.google.com/apis/api/compute.googleapis.com/overview?project=450500386725","service":"compute.googleapis.com"}},{"@type":"type.googleapis.com/google.rpc.LocalizedMessage","locale":"en-US","message":"Compute Engine API has not been used in project 450500386725 before or it is disabled. Enable it by visiting https://console.developers.google.com/apis/api/compute.googleapis.com/overview?project=450500386725 then retry. If you enabled this API recently, wait a few minutes for the action to propagate to our systems and retry."},{"@type":"type.googleapis.com/google.rpc.Help","links":[{"description":"Google developers console API activation","url":"https://console.developers.google.com/apis/api/compute.googleapis.com/overview?project=450500386725"}]}]}}
[debug] [2026-03-19T02:53:58.904Z] unable to look up default compute service account. Falling back to 450500386725-compute@developer.gserviceaccount.com. Error: {"name":"FirebaseError","children":[],"context":{"body":{"error":{"code":403,"message":"Compute Engine API has not been used in project 450500386725 before or it is disabled. Enable it by visiting https://console.developers.google.com/apis/api/compute.googleapis.com/overview?project=450500386725 then retry. If you enabled this API recently, wait a few minutes for the action to propagate to our systems and retry.","errors":[{"message":"Compute Engine API has not been used in project 450500386725 before or it is disabled. Enable it by visiting https://console.developers.google.com/apis/api/compute.googleapis.com/overview?project=450500386725 then retry. If you enabled this API recently, wait a few minutes for the action to propagate to our systems and retry.","domain":"usageLimits","reason":"accessNotConfigured","extendedHelp":"https://console.developers.google.com"}],"status":"PERMISSION_DENIED","details":[{"@type":"type.googleapis.com/google.rpc.ErrorInfo","reason":"SERVICE_DISABLED","domain":"googleapis.com","metadata":{"containerInfo":"450500386725","serviceTitle":"Compute Engine API","consumer":"projects/450500386725","activationUrl":"https://console.developers.google.com/apis/api/compute.googleapis.com/overview?project=450500386725","service":"compute.googleapis.com"}},{"@type":"type.googleapis.com/google.rpc.LocalizedMessage","locale":"en-US","message":"Compute Engine API has not been used in project 450500386725 before or it is disabled. Enable it by visiting https://console.developers.google.com/apis/api/compute.googleapis.com/overview?project=450500386725 then retry. If you enabled this API recently, wait a few minutes for the action to propagate to our systems and retry."},{"@type":"type.googleapis.com/google.rpc.Help","links":[{"description":"Google developers console API activation","url":"https://console.developers.google.com/apis/api/compute.googleapis.com/overview?project=450500386725"}]}]}},"response":{"statusCode":403}},"exit":1,"message":"Request to https://compute.googleapis.com/compute/v1/projects/450500386725 had HTTP Error: 403, Compute Engine API has not been used in project 450500386725 before or it is disabled. Enable it by visiting https://console.developers.google.com/apis/api/compute.googleapis.com/overview?project=450500386725 then retry. If you enabled this API recently, wait a few minutes for the action to propagate to our systems and retry.","status":403}
[debug] [2026-03-19T02:53:58.906Z] Checked if tokens are valid: true, expires at: 1773890211176
[debug] [2026-03-19T02:53:58.906Z] Checked if tokens are valid: true, expires at: 1773890211176
[debug] [2026-03-19T02:53:58.906Z] >>> [apiv2][query] GET https://cloudbilling.googleapis.com/v1/projects/gym-managment-10c42/billingInfo [none]
[debug] [2026-03-19T02:54:00.222Z] <<< [apiv2][status] GET https://cloudbilling.googleapis.com/v1/projects/gym-managment-10c42/billingInfo 200
[debug] [2026-03-19T02:54:00.222Z] <<< [apiv2][body] GET https://cloudbilling.googleapis.com/v1/projects/gym-managment-10c42/billingInfo {"name":"projects/gym-managment-10c42/billingInfo","projectId":"gym-managment-10c42","billingAccountName":"billingAccounts/01EE63-CC24B2-2CD726","billingEnabled":true}
[debug] [2026-03-19T02:54:00.224Z] Checked if tokens are valid: true, expires at: 1773890211176
[debug] [2026-03-19T02:54:00.224Z] Checked if tokens are valid: true, expires at: 1773890211176
[debug] [2026-03-19T02:54:00.224Z] >>> [apiv2][query] POST https://cloudfunctions.googleapis.com/v2/projects/gym-managment-10c42/locations/us-central1/functions:generateUploadUrl [none]
[debug] [2026-03-19T02:54:01.282Z] <<< [apiv2][status] POST https://cloudfunctions.googleapis.com/v2/projects/gym-managment-10c42/locations/us-central1/functions:generateUploadUrl 200
[debug] [2026-03-19T02:54:01.282Z] <<< [apiv2][body] POST https://cloudfunctions.googleapis.com/v2/projects/gym-managment-10c42/locations/us-central1/functions:generateUploadUrl {"uploadUrl":"https://storage.googleapis.com/gcf-v2-uploads-450500386725.us-central1.cloudfunctions.appspot.com/df6707c7-1129-4fd5-b592-fa3fc2073df8.zip?GoogleAccessId=service-450500386725@gcf-admin-robot.iam.gserviceaccount.com&Expires=1773890641&Signature=eoN%2BT5qG1ZPIxwvgp5pBL5FRCoW2oUYMJpuKG803NF87t2etIA1MBR7GW1JIjy07v%2BnnVq0887D4Q%2BCDMlBs9TSl%2FNRQSlc1vqn3K8y%2FmgHvgw3aeQoYjTGRSw5O9SG4gqFejGehHPAqWb32n6CJAMhQjJt%2BBEOHQqWRg13nI6w4YoNlFpT4yNLbC7wVw7C2aB2jvX6yOG1MTv3H%2F4wKIzstnOqdC%2FSRuEVymeTHCeHKSqjcCGdPhBsLgPq9SLWmNUgJQULolVDWQdqYO7ygfupzZPO42nQnvFsR7HWVMQpQk56Z9HddCqb%2B442UA2gTaDoPLur%2FUM34czwvlxKRWQ%3D%3D","storageSource":{"bucket":"gcf-v2-uploads-450500386725.us-central1.cloudfunctions.appspot.com","object":"df6707c7-1129-4fd5-b592-fa3fc2073df8.zip"}}
[debug] [2026-03-19T02:54:01.284Z] >>> [apiv2][query] PUT https://storage.googleapis.com/gcf-v2-uploads-450500386725.us-central1.cloudfunctions.appspot.com/df6707c7-1129-4fd5-b592-fa3fc2073df8.zip GoogleAccessId=service-450500386725%40gcf-admin-robot.iam.gserviceaccount.com&Expires=1773890641&Signature=eoN%2BT5qG1ZPIxwvgp5pBL5FRCoW2oUYMJpuKG803NF87t2etIA1MBR7GW1JIjy07v%2BnnVq0887D4Q%2BCDMlBs9TSl%2FNRQSlc1vqn3K8y%2FmgHvgw3aeQoYjTGRSw5O9SG4gqFejGehHPAqWb32n6CJAMhQjJt%2BBEOHQqWRg13nI6w4YoNlFpT4yNLbC7wVw7C2aB2jvX6yOG1MTv3H%2F4wKIzstnOqdC%2FSRuEVymeTHCeHKSqjcCGdPhBsLgPq9SLWmNUgJQULolVDWQdqYO7ygfupzZPO42nQnvFsR7HWVMQpQk56Z9HddCqb%2B442UA2gTaDoPLur%2FUM34czwvlxKRWQ%3D%3D
[debug] [2026-03-19T02:54:01.284Z] >>> [apiv2][body] PUT https://storage.googleapis.com/gcf-v2-uploads-450500386725.us-central1.cloudfunctions.appspot.com/df6707c7-1129-4fd5-b592-fa3fc2073df8.zip [stream]
[debug] [2026-03-19T02:54:02.541Z] <<< [apiv2][status] PUT https://storage.googleapis.com/gcf-v2-uploads-450500386725.us-central1.cloudfunctions.appspot.com/df6707c7-1129-4fd5-b592-fa3fc2073df8.zip 200
[debug] [2026-03-19T02:54:02.541Z] <<< [apiv2][body] PUT https://storage.googleapis.com/gcf-v2-uploads-450500386725.us-central1.cloudfunctions.appspot.com/df6707c7-1129-4fd5-b592-fa3fc2073df8.zip [omitted]
[info] ✔  functions: functions source uploaded successfully 
[info] i  functions: creating Node.js 20 (2nd Gen) function notifyNewReservation(us-central1)... 
[debug] [2026-03-19T02:54:02.547Z] Checked if tokens are valid: true, expires at: 1773890211176
[debug] [2026-03-19T02:54:02.547Z] Checked if tokens are valid: true, expires at: 1773890211176
[debug] [2026-03-19T02:54:02.547Z] >>> [apiv2][query] POST https://cloudfunctions.googleapis.com/v2/projects/gym-managment-10c42/locations/us-central1/functions functionId=notifyNewReservation
[debug] [2026-03-19T02:54:02.547Z] >>> [apiv2][body] POST https://cloudfunctions.googleapis.com/v2/projects/gym-managment-10c42/locations/us-central1/functions {"name":"projects/gym-managment-10c42/locations/us-central1/functions/notifyNewReservation","buildConfig":{"runtime":"nodejs20","entryPoint":"notifyNewReservation","source":{"storageSource":{"bucket":"gcf-v2-uploads-450500386725.us-central1.cloudfunctions.appspot.com","object":"df6707c7-1129-4fd5-b592-fa3fc2073df8.zip"}},"environmentVariables":{"GOOGLE_NODE_RUN_SCRIPTS":""}},"serviceConfig":{"environmentVariables":{"FIREBASE_CONFIG":"{\"projectId\":\"gym-managment-10c42\",\"storageBucket\":\"gym-managment-10c42.firebasestorage.app\"}","GCLOUD_PROJECT":"gym-managment-10c42","EVENTARC_CLOUD_EVENT_SOURCE":"projects/gym-managment-10c42/locations/us-central1/services/notifyNewReservation","FUNCTION_SIGNATURE_TYPE":"cloudevent","FUNCTION_TARGET":"notifyNewReservation","LOG_EXECUTION_ID":"true"},"ingressSettings":null,"timeoutSeconds":null,"serviceAccountEmail":null,"availableMemory":"256Mi","minInstanceCount":null,"maxInstanceCount":null,"maxInstanceRequestConcurrency":80,"availableCpu":"1","vpcConnector":null,"vpcConnectorEgressSettings":null},"labels":{"deployment-tool":"cli-firebase","firebase-functions-hash":"bd2fce2e93a982f1f2476e2c5bd4237af21280e0"},"eventTrigger":{"eventType":"google.cloud.firestore.document.v1.created","retryPolicy":"RETRY_POLICY_DO_NOT_RETRY","eventFilters":[{"attribute":"database","value":"(default)"},{"attribute":"namespace","value":"(default)"},{"attribute":"document","value":"solicitudes_reserva/{docId}","operator":"match-path-pattern"}],"triggerRegion":"nam5"}}
[debug] [2026-03-19T02:54:04.375Z] <<< [apiv2][status] POST https://cloudfunctions.googleapis.com/v2/projects/gym-managment-10c42/locations/us-central1/functions 200
[debug] [2026-03-19T02:54:04.375Z] <<< [apiv2][body] POST https://cloudfunctions.googleapis.com/v2/projects/gym-managment-10c42/locations/us-central1/functions {"name":"projects/gym-managment-10c42/locations/us-central1/operations/operation-1773888843380-64d57ae617885-8dc9c020-ff5f202e","metadata":{"@type":"type.googleapis.com/google.cloud.functions.v2.OperationMetadata","createTime":"2026-03-19T02:54:04.259671604Z","target":"projects/gym-managment-10c42/locations/us-central1/functions/notifyNewReservation","verb":"create","cancelRequested":false,"apiVersion":"v2"},"done":false}
[debug] [2026-03-19T02:54:04.376Z] Checked if tokens are valid: true, expires at: 1773890211176
[debug] [2026-03-19T02:54:04.376Z] Checked if tokens are valid: true, expires at: 1773890211176
[debug] [2026-03-19T02:54:04.376Z] >>> [apiv2][query] GET https://cloudfunctions.googleapis.com/v2/projects/gym-managment-10c42/locations/us-central1/operations/operation-1773888843380-64d57ae617885-8dc9c020-ff5f202e [none]
[debug] [2026-03-19T02:54:05.319Z] <<< [apiv2][status] GET https://cloudfunctions.googleapis.com/v2/projects/gym-managment-10c42/locations/us-central1/operations/operation-1773888843380-64d57ae617885-8dc9c020-ff5f202e 200
[debug] [2026-03-19T02:54:05.319Z] <<< [apiv2][body] GET https://cloudfunctions.googleapis.com/v2/projects/gym-managment-10c42/locations/us-central1/operations/operation-1773888843380-64d57ae617885-8dc9c020-ff5f202e {"name":"projects/gym-managment-10c42/locations/us-central1/operations/operation-1773888843380-64d57ae617885-8dc9c020-ff5f202e","metadata":{"@type":"type.googleapis.com/google.cloud.functions.v2.OperationMetadata","createTime":"2026-03-19T02:54:04.259671604Z","target":"projects/gym-managment-10c42/locations/us-central1/functions/notifyNewReservation","verb":"create","cancelRequested":false,"apiVersion":"v2","requestResource":{"@type":"type.googleapis.com/google.cloud.functions.v2.Function","name":"projects/gym-managment-10c42/locations/us-central1/functions/notifyNewReservation","buildConfig":{"runtime":"nodejs20","entryPoint":"notifyNewReservation","source":{"storageSource":{"bucket":"gcf-v2-sources-450500386725-us-central1","object":"notifyNewReservation/function-source.zip","generation":"1773888843617923"}},"environmentVariables":{"GOOGLE_NODE_RUN_SCRIPTS":""},"serviceAccount":"projects/gym-managment-10c42/serviceAccounts/450500386725-compute@developer.gserviceaccount.com","automaticUpdatePolicy":{}},"serviceConfig":{"service":"projects/gym-managment-10c42/locations/us-central1/services/notifynewreservation","timeoutSeconds":60,"environmentVariables":{"FIREBASE_CONFIG":"{\"projectId\":\"gym-managment-10c42\",\"storageBucket\":\"gym-managment-10c42.firebasestorage.app\"}","GCLOUD_PROJECT":"gym-managment-10c42","EVENTARC_CLOUD_EVENT_SOURCE":"projects/gym-managment-10c42/locations/us-central1/services/notifyNewReservation","FUNCTION_SIGNATURE_TYPE":"cloudevent","FUNCTION_TARGET":"notifyNewReservation","LOG_EXECUTION_ID":"true"},"ingressSettings":"ALLOW_ALL","serviceAccountEmail":"450500386725-compute@developer.gserviceaccount.com","availableMemory":"256Mi","maxInstanceRequestConcurrency":80,"availableCpu":"1"},"eventTrigger":{"trigger":"projects/gym-managment-10c42/locations/nam5/triggers/notifynewreservation-309454","triggerRegion":"nam5","eventType":"google.cloud.firestore.document.v1.created","eventFilters":[{"attribute":"database","value":"(default)"},{"attribute":"namespace","value":"(default)"},{"attribute":"document","value":"solicitudes_reserva/{docId}","operator":"match-path-pattern"}],"serviceAccountEmail":"450500386725-compute@developer.gserviceaccount.com","retryPolicy":"RETRY_POLICY_DO_NOT_RETRY"},"labels":{"deployment-tool":"cli-firebase","firebase-functions-hash":"bd2fce2e93a982f1f2476e2c5bd4237af21280e0"},"environment":"GEN_2"},"stages":[{"name":"BUILD","state":"NOT_STARTED","stateMessages":[{"severity":"WARNING","type":"BuildAnalysisWarning","message":"Node.js 20 is no longer supported by the Node.js community as of 30 April, 2026. Node.js 20 will be deprecated on 2026-04-30. We recommend you to upgrade to the latest version of Node.js as soon as possible."}]},{"name":"SERVICE","state":"NOT_STARTED"},{"name":"TRIGGER","state":"NOT_STARTED"}],"operationType":"CREATE_FUNCTION"},"done":false}
[debug] [2026-03-19T02:54:05.821Z] [create-default-us-central1-notifyNewReservation] Retrying task index 0
[debug] [2026-03-19T02:54:05.821Z] Checked if tokens are valid: true, expires at: 1773890211176
[debug] [2026-03-19T02:54:05.821Z] Checked if tokens are valid: true, expires at: 1773890211176
[debug] [2026-03-19T02:54:05.821Z] >>> [apiv2][query] GET https://cloudfunctions.googleapis.com/v2/projects/gym-managment-10c42/locations/us-central1/operations/operation-1773888843380-64d57ae617885-8dc9c020-ff5f202e [none]
[debug] [2026-03-19T02:54:06.750Z] <<< [apiv2][status] GET https://cloudfunctions.googleapis.com/v2/projects/gym-managment-10c42/locations/us-central1/operations/operation-1773888843380-64d57ae617885-8dc9c020-ff5f202e 200
[debug] [2026-03-19T02:54:06.751Z] <<< [apiv2][body] GET https://cloudfunctions.googleapis.com/v2/projects/gym-managment-10c42/locations/us-central1/operations/operation-1773888843380-64d57ae617885-8dc9c020-ff5f202e {"name":"projects/gym-managment-10c42/locations/us-central1/operations/operation-1773888843380-64d57ae617885-8dc9c020-ff5f202e","metadata":{"@type":"type.googleapis.com/google.cloud.functions.v2.OperationMetadata","createTime":"2026-03-19T02:54:04.259671604Z","target":"projects/gym-managment-10c42/locations/us-central1/functions/notifyNewReservation","verb":"create","cancelRequested":false,"apiVersion":"v2","requestResource":{"@type":"type.googleapis.com/google.cloud.functions.v2.Function","name":"projects/gym-managment-10c42/locations/us-central1/functions/notifyNewReservation","buildConfig":{"runtime":"nodejs20","entryPoint":"notifyNewReservation","source":{"storageSource":{"bucket":"gcf-v2-sources-450500386725-us-central1","object":"notifyNewReservation/function-source.zip","generation":"1773888843617923"}},"environmentVariables":{"GOOGLE_NODE_RUN_SCRIPTS":""},"serviceAccount":"projects/gym-managment-10c42/serviceAccounts/450500386725-compute@developer.gserviceaccount.com","automaticUpdatePolicy":{}},"serviceConfig":{"service":"projects/gym-managment-10c42/locations/us-central1/services/notifynewreservation","timeoutSeconds":60,"environmentVariables":{"FIREBASE_CONFIG":"{\"projectId\":\"gym-managment-10c42\",\"storageBucket\":\"gym-managment-10c42.firebasestorage.app\"}","GCLOUD_PROJECT":"gym-managment-10c42","EVENTARC_CLOUD_EVENT_SOURCE":"projects/gym-managment-10c42/locations/us-central1/services/notifyNewReservation","FUNCTION_SIGNATURE_TYPE":"cloudevent","FUNCTION_TARGET":"notifyNewReservation","LOG_EXECUTION_ID":"true"},"ingressSettings":"ALLOW_ALL","serviceAccountEmail":"450500386725-compute@developer.gserviceaccount.com","availableMemory":"256Mi","maxInstanceRequestConcurrency":80,"availableCpu":"1"},"eventTrigger":{"trigger":"projects/gym-managment-10c42/locations/nam5/triggers/notifynewreservation-309454","triggerRegion":"nam5","eventType":"google.cloud.firestore.document.v1.created","eventFilters":[{"attribute":"database","value":"(default)"},{"attribute":"namespace","value":"(default)"},{"attribute":"document","value":"solicitudes_reserva/{docId}","operator":"match-path-pattern"}],"serviceAccountEmail":"450500386725-compute@developer.gserviceaccount.com","retryPolicy":"RETRY_POLICY_DO_NOT_RETRY"},"labels":{"deployment-tool":"cli-firebase","firebase-functions-hash":"bd2fce2e93a982f1f2476e2c5bd4237af21280e0"},"environment":"GEN_2"},"stages":[{"name":"BUILD","state":"NOT_STARTED","stateMessages":[{"severity":"WARNING","type":"BuildAnalysisWarning","message":"Node.js 20 is no longer supported by the Node.js community as of 30 April, 2026. Node.js 20 will be deprecated on 2026-04-30. We recommend you to upgrade to the latest version of Node.js as soon as possible."}]},{"name":"SERVICE","state":"NOT_STARTED"},{"name":"TRIGGER","state":"NOT_STARTED"}],"operationType":"CREATE_FUNCTION"},"done":false}
[debug] [2026-03-19T02:54:07.751Z] [create-default-us-central1-notifyNewReservation] Retrying task index 0
[debug] [2026-03-19T02:54:07.752Z] Checked if tokens are valid: true, expires at: 1773890211176
[debug] [2026-03-19T02:54:07.752Z] Checked if tokens are valid: true, expires at: 1773890211176
[debug] [2026-03-19T02:54:07.752Z] >>> [apiv2][query] GET https://cloudfunctions.googleapis.com/v2/projects/gym-managment-10c42/locations/us-central1/operations/operation-1773888843380-64d57ae617885-8dc9c020-ff5f202e [none]
[debug] [2026-03-19T02:54:08.655Z] <<< [apiv2][status] GET https://cloudfunctions.googleapis.com/v2/projects/gym-managment-10c42/locations/us-central1/operations/operation-1773888843380-64d57ae617885-8dc9c020-ff5f202e 200
[debug] [2026-03-19T02:54:08.656Z] <<< [apiv2][body] GET https://cloudfunctions.googleapis.com/v2/projects/gym-managment-10c42/locations/us-central1/operations/operation-1773888843380-64d57ae617885-8dc9c020-ff5f202e {"name":"projects/gym-managment-10c42/locations/us-central1/operations/operation-1773888843380-64d57ae617885-8dc9c020-ff5f202e","metadata":{"@type":"type.googleapis.com/google.cloud.functions.v2.OperationMetadata","createTime":"2026-03-19T02:54:04.259671604Z","target":"projects/gym-managment-10c42/locations/us-central1/functions/notifyNewReservation","verb":"create","cancelRequested":false,"apiVersion":"v2","requestResource":{"@type":"type.googleapis.com/google.cloud.functions.v2.Function","name":"projects/gym-managment-10c42/locations/us-central1/functions/notifyNewReservation","buildConfig":{"runtime":"nodejs20","entryPoint":"notifyNewReservation","source":{"storageSource":{"bucket":"gcf-v2-sources-450500386725-us-central1","object":"notifyNewReservation/function-source.zip","generation":"1773888843617923"}},"environmentVariables":{"GOOGLE_NODE_RUN_SCRIPTS":""},"serviceAccount":"projects/gym-managment-10c42/serviceAccounts/450500386725-compute@developer.gserviceaccount.com","automaticUpdatePolicy":{}},"serviceConfig":{"service":"projects/gym-managment-10c42/locations/us-central1/services/notifynewreservation","timeoutSeconds":60,"environmentVariables":{"FIREBASE_CONFIG":"{\"projectId\":\"gym-managment-10c42\",\"storageBucket\":\"gym-managment-10c42.firebasestorage.app\"}","GCLOUD_PROJECT":"gym-managment-10c42","EVENTARC_CLOUD_EVENT_SOURCE":"projects/gym-managment-10c42/locations/us-central1/services/notifyNewReservation","FUNCTION_SIGNATURE_TYPE":"cloudevent","FUNCTION_TARGET":"notifyNewReservation","LOG_EXECUTION_ID":"true"},"ingressSettings":"ALLOW_ALL","serviceAccountEmail":"450500386725-compute@developer.gserviceaccount.com","availableMemory":"256Mi","maxInstanceRequestConcurrency":80,"availableCpu":"1"},"eventTrigger":{"trigger":"projects/gym-managment-10c42/locations/nam5/triggers/notifynewreservation-309454","triggerRegion":"nam5","eventType":"google.cloud.firestore.document.v1.created","eventFilters":[{"attribute":"database","value":"(default)"},{"attribute":"namespace","value":"(default)"},{"attribute":"document","value":"solicitudes_reserva/{docId}","operator":"match-path-pattern"}],"serviceAccountEmail":"450500386725-compute@developer.gserviceaccount.com","retryPolicy":"RETRY_POLICY_DO_NOT_RETRY"},"labels":{"deployment-tool":"cli-firebase","firebase-functions-hash":"bd2fce2e93a982f1f2476e2c5bd4237af21280e0"},"environment":"GEN_2"},"stages":[{"name":"BUILD","state":"NOT_STARTED","stateMessages":[{"severity":"WARNING","type":"BuildAnalysisWarning","message":"Node.js 20 is no longer supported by the Node.js community as of 30 April, 2026. Node.js 20 will be deprecated on 2026-04-30. We recommend you to upgrade to the latest version of Node.js as soon as possible."}]},{"name":"SERVICE","state":"NOT_STARTED"},{"name":"TRIGGER","state":"NOT_STARTED"}],"operationType":"CREATE_FUNCTION"},"done":false}
[debug] [2026-03-19T02:54:10.657Z] [create-default-us-central1-notifyNewReservation] Retrying task index 0
[debug] [2026-03-19T02:54:10.658Z] Checked if tokens are valid: true, expires at: 1773890211176
[debug] [2026-03-19T02:54:10.658Z] Checked if tokens are valid: true, expires at: 1773890211176
[debug] [2026-03-19T02:54:10.658Z] >>> [apiv2][query] GET https://cloudfunctions.googleapis.com/v2/projects/gym-managment-10c42/locations/us-central1/operations/operation-1773888843380-64d57ae617885-8dc9c020-ff5f202e [none]
[debug] [2026-03-19T02:54:11.560Z] <<< [apiv2][status] GET https://cloudfunctions.googleapis.com/v2/projects/gym-managment-10c42/locations/us-central1/operations/operation-1773888843380-64d57ae617885-8dc9c020-ff5f202e 200
[debug] [2026-03-19T02:54:11.560Z] <<< [apiv2][body] GET https://cloudfunctions.googleapis.com/v2/projects/gym-managment-10c42/locations/us-central1/operations/operation-1773888843380-64d57ae617885-8dc9c020-ff5f202e {"name":"projects/gym-managment-10c42/locations/us-central1/operations/operation-1773888843380-64d57ae617885-8dc9c020-ff5f202e","metadata":{"@type":"type.googleapis.com/google.cloud.functions.v2.OperationMetadata","createTime":"2026-03-19T02:54:04.259671604Z","target":"projects/gym-managment-10c42/locations/us-central1/functions/notifyNewReservation","verb":"create","cancelRequested":false,"apiVersion":"v2","requestResource":{"@type":"type.googleapis.com/google.cloud.functions.v2.Function","name":"projects/gym-managment-10c42/locations/us-central1/functions/notifyNewReservation","buildConfig":{"runtime":"nodejs20","entryPoint":"notifyNewReservation","source":{"storageSource":{"bucket":"gcf-v2-sources-450500386725-us-central1","object":"notifyNewReservation/function-source.zip","generation":"1773888843617923"}},"environmentVariables":{"GOOGLE_NODE_RUN_SCRIPTS":""},"serviceAccount":"projects/gym-managment-10c42/serviceAccounts/450500386725-compute@developer.gserviceaccount.com","automaticUpdatePolicy":{}},"serviceConfig":{"service":"projects/gym-managment-10c42/locations/us-central1/services/notifynewreservation","timeoutSeconds":60,"environmentVariables":{"FIREBASE_CONFIG":"{\"projectId\":\"gym-managment-10c42\",\"storageBucket\":\"gym-managment-10c42.firebasestorage.app\"}","GCLOUD_PROJECT":"gym-managment-10c42","EVENTARC_CLOUD_EVENT_SOURCE":"projects/gym-managment-10c42/locations/us-central1/services/notifyNewReservation","FUNCTION_SIGNATURE_TYPE":"cloudevent","FUNCTION_TARGET":"notifyNewReservation","LOG_EXECUTION_ID":"true"},"ingressSettings":"ALLOW_ALL","serviceAccountEmail":"450500386725-compute@developer.gserviceaccount.com","availableMemory":"256Mi","maxInstanceRequestConcurrency":80,"availableCpu":"1"},"eventTrigger":{"trigger":"projects/gym-managment-10c42/locations/nam5/triggers/notifynewreservation-309454","triggerRegion":"nam5","eventType":"google.cloud.firestore.document.v1.created","eventFilters":[{"attribute":"database","value":"(default)"},{"attribute":"namespace","value":"(default)"},{"attribute":"document","value":"solicitudes_reserva/{docId}","operator":"match-path-pattern"}],"serviceAccountEmail":"450500386725-compute@developer.gserviceaccount.com","retryPolicy":"RETRY_POLICY_DO_NOT_RETRY"},"labels":{"deployment-tool":"cli-firebase","firebase-functions-hash":"bd2fce2e93a982f1f2476e2c5bd4237af21280e0"},"environment":"GEN_2"},"stages":[{"name":"BUILD","state":"NOT_STARTED","stateMessages":[{"severity":"WARNING","type":"BuildAnalysisWarning","message":"Node.js 20 is no longer supported by the Node.js community as of 30 April, 2026. Node.js 20 will be deprecated on 2026-04-30. We recommend you to upgrade to the latest version of Node.js as soon as possible."}]},{"name":"SERVICE","state":"NOT_STARTED"},{"name":"TRIGGER","state":"NOT_STARTED"}],"operationType":"CREATE_FUNCTION"},"done":false}
[debug] [2026-03-19T02:54:15.563Z] [create-default-us-central1-notifyNewReservation] Retrying task index 0
[debug] [2026-03-19T02:54:15.564Z] Checked if tokens are valid: true, expires at: 1773890211176
[debug] [2026-03-19T02:54:15.564Z] Checked if tokens are valid: true, expires at: 1773890211176
[debug] [2026-03-19T02:54:15.564Z] >>> [apiv2][query] GET https://cloudfunctions.googleapis.com/v2/projects/gym-managment-10c42/locations/us-central1/operations/operation-1773888843380-64d57ae617885-8dc9c020-ff5f202e [none]
[debug] [2026-03-19T02:54:16.463Z] <<< [apiv2][status] GET https://cloudfunctions.googleapis.com/v2/projects/gym-managment-10c42/locations/us-central1/operations/operation-1773888843380-64d57ae617885-8dc9c020-ff5f202e 200
[debug] [2026-03-19T02:54:16.463Z] <<< [apiv2][body] GET https://cloudfunctions.googleapis.com/v2/projects/gym-managment-10c42/locations/us-central1/operations/operation-1773888843380-64d57ae617885-8dc9c020-ff5f202e {"name":"projects/gym-managment-10c42/locations/us-central1/operations/operation-1773888843380-64d57ae617885-8dc9c020-ff5f202e","metadata":{"@type":"type.googleapis.com/google.cloud.functions.v2.OperationMetadata","createTime":"2026-03-19T02:54:04.259671604Z","target":"projects/gym-managment-10c42/locations/us-central1/functions/notifyNewReservation","verb":"create","cancelRequested":false,"apiVersion":"v2","requestResource":{"@type":"type.googleapis.com/google.cloud.functions.v2.Function","name":"projects/gym-managment-10c42/locations/us-central1/functions/notifyNewReservation","buildConfig":{"runtime":"nodejs20","entryPoint":"notifyNewReservation","source":{"storageSource":{"bucket":"gcf-v2-sources-450500386725-us-central1","object":"notifyNewReservation/function-source.zip","generation":"1773888843617923"}},"environmentVariables":{"GOOGLE_NODE_RUN_SCRIPTS":""},"serviceAccount":"projects/gym-managment-10c42/serviceAccounts/450500386725-compute@developer.gserviceaccount.com","automaticUpdatePolicy":{}},"serviceConfig":{"service":"projects/gym-managment-10c42/locations/us-central1/services/notifynewreservation","timeoutSeconds":60,"environmentVariables":{"FIREBASE_CONFIG":"{\"projectId\":\"gym-managment-10c42\",\"storageBucket\":\"gym-managment-10c42.firebasestorage.app\"}","GCLOUD_PROJECT":"gym-managment-10c42","EVENTARC_CLOUD_EVENT_SOURCE":"projects/gym-managment-10c42/locations/us-central1/services/notifyNewReservation","FUNCTION_SIGNATURE_TYPE":"cloudevent","FUNCTION_TARGET":"notifyNewReservation","LOG_EXECUTION_ID":"true"},"ingressSettings":"ALLOW_ALL","serviceAccountEmail":"450500386725-compute@developer.gserviceaccount.com","availableMemory":"256Mi","maxInstanceRequestConcurrency":80,"availableCpu":"1"},"eventTrigger":{"trigger":"projects/gym-managment-10c42/locations/nam5/triggers/notifynewreservation-309454","triggerRegion":"nam5","eventType":"google.cloud.firestore.document.v1.created","eventFilters":[{"attribute":"database","value":"(default)"},{"attribute":"namespace","value":"(default)"},{"attribute":"document","value":"solicitudes_reserva/{docId}","operator":"match-path-pattern"}],"serviceAccountEmail":"450500386725-compute@developer.gserviceaccount.com","retryPolicy":"RETRY_POLICY_DO_NOT_RETRY"},"labels":{"deployment-tool":"cli-firebase","firebase-functions-hash":"bd2fce2e93a982f1f2476e2c5bd4237af21280e0"},"environment":"GEN_2"},"stages":[{"name":"BUILD","state":"NOT_STARTED","stateMessages":[{"severity":"WARNING","type":"BuildAnalysisWarning","message":"Node.js 20 is no longer supported by the Node.js community as of 30 April, 2026. Node.js 20 will be deprecated on 2026-04-30. We recommend you to upgrade to the latest version of Node.js as soon as possible."}]},{"name":"SERVICE","state":"NOT_STARTED"},{"name":"TRIGGER","state":"NOT_STARTED"}],"operationType":"CREATE_FUNCTION"},"done":false}
[debug] [2026-03-19T02:54:24.467Z] [create-default-us-central1-notifyNewReservation] Retrying task index 0
[debug] [2026-03-19T02:54:24.467Z] Checked if tokens are valid: true, expires at: 1773890211176
[debug] [2026-03-19T02:54:24.467Z] Checked if tokens are valid: true, expires at: 1773890211176
[debug] [2026-03-19T02:54:24.468Z] >>> [apiv2][query] GET https://cloudfunctions.googleapis.com/v2/projects/gym-managment-10c42/locations/us-central1/operations/operation-1773888843380-64d57ae617885-8dc9c020-ff5f202e [none]
[debug] [2026-03-19T02:54:25.447Z] <<< [apiv2][status] GET https://cloudfunctions.googleapis.com/v2/projects/gym-managment-10c42/locations/us-central1/operations/operation-1773888843380-64d57ae617885-8dc9c020-ff5f202e 200
[debug] [2026-03-19T02:54:25.447Z] <<< [apiv2][body] GET https://cloudfunctions.googleapis.com/v2/projects/gym-managment-10c42/locations/us-central1/operations/operation-1773888843380-64d57ae617885-8dc9c020-ff5f202e {"name":"projects/gym-managment-10c42/locations/us-central1/operations/operation-1773888843380-64d57ae617885-8dc9c020-ff5f202e","metadata":{"@type":"type.googleapis.com/google.cloud.functions.v2.OperationMetadata","createTime":"2026-03-19T02:54:04.259671604Z","target":"projects/gym-managment-10c42/locations/us-central1/functions/notifyNewReservation","verb":"create","cancelRequested":false,"apiVersion":"v2","requestResource":{"@type":"type.googleapis.com/google.cloud.functions.v2.Function","name":"projects/gym-managment-10c42/locations/us-central1/functions/notifyNewReservation","buildConfig":{"runtime":"nodejs20","entryPoint":"notifyNewReservation","source":{"storageSource":{"bucket":"gcf-v2-sources-450500386725-us-central1","object":"notifyNewReservation/function-source.zip","generation":"1773888843617923"}},"environmentVariables":{"GOOGLE_NODE_RUN_SCRIPTS":""},"serviceAccount":"projects/gym-managment-10c42/serviceAccounts/450500386725-compute@developer.gserviceaccount.com","automaticUpdatePolicy":{}},"serviceConfig":{"service":"projects/gym-managment-10c42/locations/us-central1/services/notifynewreservation","timeoutSeconds":60,"environmentVariables":{"FIREBASE_CONFIG":"{\"projectId\":\"gym-managment-10c42\",\"storageBucket\":\"gym-managment-10c42.firebasestorage.app\"}","GCLOUD_PROJECT":"gym-managment-10c42","EVENTARC_CLOUD_EVENT_SOURCE":"projects/gym-managment-10c42/locations/us-central1/services/notifyNewReservation","FUNCTION_SIGNATURE_TYPE":"cloudevent","FUNCTION_TARGET":"notifyNewReservation","LOG_EXECUTION_ID":"true"},"ingressSettings":"ALLOW_ALL","serviceAccountEmail":"450500386725-compute@developer.gserviceaccount.com","availableMemory":"256Mi","maxInstanceRequestConcurrency":80,"availableCpu":"1"},"eventTrigger":{"trigger":"projects/gym-managment-10c42/locations/nam5/triggers/notifynewreservation-309454","triggerRegion":"nam5","eventType":"google.cloud.firestore.document.v1.created","eventFilters":[{"attribute":"database","value":"(default)"},{"attribute":"namespace","value":"(default)"},{"attribute":"document","value":"solicitudes_reserva/{docId}","operator":"match-path-pattern"}],"serviceAccountEmail":"450500386725-compute@developer.gserviceaccount.com","retryPolicy":"RETRY_POLICY_DO_NOT_RETRY"},"labels":{"deployment-tool":"cli-firebase","firebase-functions-hash":"bd2fce2e93a982f1f2476e2c5bd4237af21280e0"},"environment":"GEN_2"},"stages":[{"name":"BUILD","message":"Build in progress","state":"IN_PROGRESS","resource":"projects/450500386725/locations/us-central1/builds/b1a3b097-13e1-4f21-af66-1b0775e2fa15","resourceUri":"https://console.cloud.google.com/cloud-build/builds;region=us-central1/b1a3b097-13e1-4f21-af66-1b0775e2fa15?project=450500386725"},{"name":"SERVICE","state":"NOT_STARTED"},{"name":"TRIGGER","state":"NOT_STARTED"}],"operationType":"CREATE_FUNCTION","buildName":"projects/450500386725/locations/us-central1/builds/b1a3b097-13e1-4f21-af66-1b0775e2fa15"},"done":false}
[debug] [2026-03-19T02:54:35.453Z] [create-default-us-central1-notifyNewReservation] Retrying task index 0
[debug] [2026-03-19T02:54:35.453Z] Checked if tokens are valid: true, expires at: 1773890211176
[debug] [2026-03-19T02:54:35.453Z] Checked if tokens are valid: true, expires at: 1773890211176
[debug] [2026-03-19T02:54:35.454Z] >>> [apiv2][query] GET https://cloudfunctions.googleapis.com/v2/projects/gym-managment-10c42/locations/us-central1/operations/operation-1773888843380-64d57ae617885-8dc9c020-ff5f202e [none]
[debug] [2026-03-19T02:54:36.427Z] <<< [apiv2][status] GET https://cloudfunctions.googleapis.com/v2/projects/gym-managment-10c42/locations/us-central1/operations/operation-1773888843380-64d57ae617885-8dc9c020-ff5f202e 200
[debug] [2026-03-19T02:54:36.427Z] <<< [apiv2][body] GET https://cloudfunctions.googleapis.com/v2/projects/gym-managment-10c42/locations/us-central1/operations/operation-1773888843380-64d57ae617885-8dc9c020-ff5f202e {"name":"projects/gym-managment-10c42/locations/us-central1/operations/operation-1773888843380-64d57ae617885-8dc9c020-ff5f202e","metadata":{"@type":"type.googleapis.com/google.cloud.functions.v2.OperationMetadata","createTime":"2026-03-19T02:54:04.259671604Z","target":"projects/gym-managment-10c42/locations/us-central1/functions/notifyNewReservation","verb":"create","cancelRequested":false,"apiVersion":"v2","requestResource":{"@type":"type.googleapis.com/google.cloud.functions.v2.Function","name":"projects/gym-managment-10c42/locations/us-central1/functions/notifyNewReservation","buildConfig":{"runtime":"nodejs20","entryPoint":"notifyNewReservation","source":{"storageSource":{"bucket":"gcf-v2-sources-450500386725-us-central1","object":"notifyNewReservation/function-source.zip","generation":"1773888843617923"}},"environmentVariables":{"GOOGLE_NODE_RUN_SCRIPTS":""},"serviceAccount":"projects/gym-managment-10c42/serviceAccounts/450500386725-compute@developer.gserviceaccount.com","automaticUpdatePolicy":{}},"serviceConfig":{"service":"projects/gym-managment-10c42/locations/us-central1/services/notifynewreservation","timeoutSeconds":60,"environmentVariables":{"FIREBASE_CONFIG":"{\"projectId\":\"gym-managment-10c42\",\"storageBucket\":\"gym-managment-10c42.firebasestorage.app\"}","GCLOUD_PROJECT":"gym-managment-10c42","EVENTARC_CLOUD_EVENT_SOURCE":"projects/gym-managment-10c42/locations/us-central1/services/notifyNewReservation","FUNCTION_SIGNATURE_TYPE":"cloudevent","FUNCTION_TARGET":"notifyNewReservation","LOG_EXECUTION_ID":"true"},"ingressSettings":"ALLOW_ALL","serviceAccountEmail":"450500386725-compute@developer.gserviceaccount.com","availableMemory":"256Mi","maxInstanceRequestConcurrency":80,"availableCpu":"1"},"eventTrigger":{"trigger":"projects/gym-managment-10c42/locations/nam5/triggers/notifynewreservation-309454","triggerRegion":"nam5","eventType":"google.cloud.firestore.document.v1.created","eventFilters":[{"attribute":"database","value":"(default)"},{"attribute":"namespace","value":"(default)"},{"attribute":"document","value":"solicitudes_reserva/{docId}","operator":"match-path-pattern"}],"serviceAccountEmail":"450500386725-compute@developer.gserviceaccount.com","retryPolicy":"RETRY_POLICY_DO_NOT_RETRY"},"labels":{"deployment-tool":"cli-firebase","firebase-functions-hash":"bd2fce2e93a982f1f2476e2c5bd4237af21280e0"},"environment":"GEN_2"},"stages":[{"name":"BUILD","message":"Build in progress","state":"IN_PROGRESS","resource":"projects/450500386725/locations/us-central1/builds/b1a3b097-13e1-4f21-af66-1b0775e2fa15","resourceUri":"https://console.cloud.google.com/cloud-build/builds;region=us-central1/b1a3b097-13e1-4f21-af66-1b0775e2fa15?project=450500386725"},{"name":"SERVICE","state":"NOT_STARTED"},{"name":"TRIGGER","state":"NOT_STARTED"}],"operationType":"CREATE_FUNCTION","buildName":"projects/450500386725/locations/us-central1/builds/b1a3b097-13e1-4f21-af66-1b0775e2fa15"},"done":false}
[debug] [2026-03-19T02:54:46.431Z] [create-default-us-central1-notifyNewReservation] Retrying task index 0
[debug] [2026-03-19T02:54:46.431Z] Checked if tokens are valid: true, expires at: 1773890211176
[debug] [2026-03-19T02:54:46.431Z] Checked if tokens are valid: true, expires at: 1773890211176
[debug] [2026-03-19T02:54:46.432Z] >>> [apiv2][query] GET https://cloudfunctions.googleapis.com/v2/projects/gym-managment-10c42/locations/us-central1/operations/operation-1773888843380-64d57ae617885-8dc9c020-ff5f202e [none]
[debug] [2026-03-19T02:54:47.448Z] <<< [apiv2][status] GET https://cloudfunctions.googleapis.com/v2/projects/gym-managment-10c42/locations/us-central1/operations/operation-1773888843380-64d57ae617885-8dc9c020-ff5f202e 200
[debug] [2026-03-19T02:54:47.448Z] <<< [apiv2][body] GET https://cloudfunctions.googleapis.com/v2/projects/gym-managment-10c42/locations/us-central1/operations/operation-1773888843380-64d57ae617885-8dc9c020-ff5f202e {"name":"projects/gym-managment-10c42/locations/us-central1/operations/operation-1773888843380-64d57ae617885-8dc9c020-ff5f202e","metadata":{"@type":"type.googleapis.com/google.cloud.functions.v2.OperationMetadata","createTime":"2026-03-19T02:54:04.259671604Z","target":"projects/gym-managment-10c42/locations/us-central1/functions/notifyNewReservation","verb":"create","cancelRequested":false,"apiVersion":"v2","requestResource":{"@type":"type.googleapis.com/google.cloud.functions.v2.Function","name":"projects/gym-managment-10c42/locations/us-central1/functions/notifyNewReservation","buildConfig":{"runtime":"nodejs20","entryPoint":"notifyNewReservation","source":{"storageSource":{"bucket":"gcf-v2-sources-450500386725-us-central1","object":"notifyNewReservation/function-source.zip","generation":"1773888843617923"}},"environmentVariables":{"GOOGLE_NODE_RUN_SCRIPTS":""},"serviceAccount":"projects/gym-managment-10c42/serviceAccounts/450500386725-compute@developer.gserviceaccount.com","automaticUpdatePolicy":{}},"serviceConfig":{"service":"projects/gym-managment-10c42/locations/us-central1/services/notifynewreservation","timeoutSeconds":60,"environmentVariables":{"FIREBASE_CONFIG":"{\"projectId\":\"gym-managment-10c42\",\"storageBucket\":\"gym-managment-10c42.firebasestorage.app\"}","GCLOUD_PROJECT":"gym-managment-10c42","EVENTARC_CLOUD_EVENT_SOURCE":"projects/gym-managment-10c42/locations/us-central1/services/notifyNewReservation","FUNCTION_SIGNATURE_TYPE":"cloudevent","FUNCTION_TARGET":"notifyNewReservation","LOG_EXECUTION_ID":"true"},"ingressSettings":"ALLOW_ALL","serviceAccountEmail":"450500386725-compute@developer.gserviceaccount.com","availableMemory":"256Mi","maxInstanceRequestConcurrency":80,"availableCpu":"1"},"eventTrigger":{"trigger":"projects/gym-managment-10c42/locations/nam5/triggers/notifynewreservation-309454","triggerRegion":"nam5","eventType":"google.cloud.firestore.document.v1.created","eventFilters":[{"attribute":"database","value":"(default)"},{"attribute":"namespace","value":"(default)"},{"attribute":"document","value":"solicitudes_reserva/{docId}","operator":"match-path-pattern"}],"serviceAccountEmail":"450500386725-compute@developer.gserviceaccount.com","retryPolicy":"RETRY_POLICY_DO_NOT_RETRY"},"labels":{"deployment-tool":"cli-firebase","firebase-functions-hash":"bd2fce2e93a982f1f2476e2c5bd4237af21280e0"},"environment":"GEN_2"},"stages":[{"name":"BUILD","message":"Build in progress","state":"IN_PROGRESS","resource":"projects/450500386725/locations/us-central1/builds/b1a3b097-13e1-4f21-af66-1b0775e2fa15","resourceUri":"https://console.cloud.google.com/cloud-build/builds;region=us-central1/b1a3b097-13e1-4f21-af66-1b0775e2fa15?project=450500386725"},{"name":"SERVICE","state":"NOT_STARTED"},{"name":"TRIGGER","state":"NOT_STARTED"}],"operationType":"CREATE_FUNCTION","buildName":"projects/450500386725/locations/us-central1/builds/b1a3b097-13e1-4f21-af66-1b0775e2fa15"},"done":false}
[debug] [2026-03-19T02:54:57.452Z] [create-default-us-central1-notifyNewReservation] Retrying task index 0
[debug] [2026-03-19T02:54:57.453Z] Checked if tokens are valid: true, expires at: 1773890211176
[debug] [2026-03-19T02:54:57.453Z] Checked if tokens are valid: true, expires at: 1773890211176
[debug] [2026-03-19T02:54:57.453Z] >>> [apiv2][query] GET https://cloudfunctions.googleapis.com/v2/projects/gym-managment-10c42/locations/us-central1/operations/operation-1773888843380-64d57ae617885-8dc9c020-ff5f202e [none]
[debug] [2026-03-19T02:54:58.412Z] <<< [apiv2][status] GET https://cloudfunctions.googleapis.com/v2/projects/gym-managment-10c42/locations/us-central1/operations/operation-1773888843380-64d57ae617885-8dc9c020-ff5f202e 200
[debug] [2026-03-19T02:54:58.413Z] <<< [apiv2][body] GET https://cloudfunctions.googleapis.com/v2/projects/gym-managment-10c42/locations/us-central1/operations/operation-1773888843380-64d57ae617885-8dc9c020-ff5f202e {"name":"projects/gym-managment-10c42/locations/us-central1/operations/operation-1773888843380-64d57ae617885-8dc9c020-ff5f202e","metadata":{"@type":"type.googleapis.com/google.cloud.functions.v2.OperationMetadata","createTime":"2026-03-19T02:54:04.259671604Z","target":"projects/gym-managment-10c42/locations/us-central1/functions/notifyNewReservation","verb":"create","cancelRequested":false,"apiVersion":"v2","requestResource":{"@type":"type.googleapis.com/google.cloud.functions.v2.Function","name":"projects/gym-managment-10c42/locations/us-central1/functions/notifyNewReservation","buildConfig":{"runtime":"nodejs20","entryPoint":"notifyNewReservation","source":{"storageSource":{"bucket":"gcf-v2-sources-450500386725-us-central1","object":"notifyNewReservation/function-source.zip","generation":"1773888843617923"}},"environmentVariables":{"GOOGLE_NODE_RUN_SCRIPTS":""},"serviceAccount":"projects/gym-managment-10c42/serviceAccounts/450500386725-compute@developer.gserviceaccount.com","automaticUpdatePolicy":{}},"serviceConfig":{"service":"projects/gym-managment-10c42/locations/us-central1/services/notifynewreservation","timeoutSeconds":60,"environmentVariables":{"FIREBASE_CONFIG":"{\"projectId\":\"gym-managment-10c42\",\"storageBucket\":\"gym-managment-10c42.firebasestorage.app\"}","GCLOUD_PROJECT":"gym-managment-10c42","EVENTARC_CLOUD_EVENT_SOURCE":"projects/gym-managment-10c42/locations/us-central1/services/notifyNewReservation","FUNCTION_SIGNATURE_TYPE":"cloudevent","FUNCTION_TARGET":"notifyNewReservation","LOG_EXECUTION_ID":"true"},"ingressSettings":"ALLOW_ALL","serviceAccountEmail":"450500386725-compute@developer.gserviceaccount.com","availableMemory":"256Mi","maxInstanceRequestConcurrency":80,"availableCpu":"1"},"eventTrigger":{"trigger":"projects/gym-managment-10c42/locations/nam5/triggers/notifynewreservation-309454","triggerRegion":"nam5","eventType":"google.cloud.firestore.document.v1.created","eventFilters":[{"attribute":"database","value":"(default)"},{"attribute":"namespace","value":"(default)"},{"attribute":"document","value":"solicitudes_reserva/{docId}","operator":"match-path-pattern"}],"serviceAccountEmail":"450500386725-compute@developer.gserviceaccount.com","retryPolicy":"RETRY_POLICY_DO_NOT_RETRY"},"labels":{"deployment-tool":"cli-firebase","firebase-functions-hash":"bd2fce2e93a982f1f2476e2c5bd4237af21280e0"},"environment":"GEN_2"},"stages":[{"name":"BUILD","message":"Build in progress","state":"IN_PROGRESS","resource":"projects/450500386725/locations/us-central1/builds/b1a3b097-13e1-4f21-af66-1b0775e2fa15","resourceUri":"https://console.cloud.google.com/cloud-build/builds;region=us-central1/b1a3b097-13e1-4f21-af66-1b0775e2fa15?project=450500386725"},{"name":"SERVICE","state":"NOT_STARTED"},{"name":"TRIGGER","state":"NOT_STARTED"}],"operationType":"CREATE_FUNCTION","buildName":"projects/450500386725/locations/us-central1/builds/b1a3b097-13e1-4f21-af66-1b0775e2fa15"},"done":false}
[debug] [2026-03-19T02:55:08.417Z] [create-default-us-central1-notifyNewReservation] Retrying task index 0
[debug] [2026-03-19T02:55:08.418Z] Checked if tokens are valid: true, expires at: 1773890211176
[debug] [2026-03-19T02:55:08.418Z] Checked if tokens are valid: true, expires at: 1773890211176
[debug] [2026-03-19T02:55:08.418Z] >>> [apiv2][query] GET https://cloudfunctions.googleapis.com/v2/projects/gym-managment-10c42/locations/us-central1/operations/operation-1773888843380-64d57ae617885-8dc9c020-ff5f202e [none]
[debug] [2026-03-19T02:55:09.477Z] <<< [apiv2][status] GET https://cloudfunctions.googleapis.com/v2/projects/gym-managment-10c42/locations/us-central1/operations/operation-1773888843380-64d57ae617885-8dc9c020-ff5f202e 200
[debug] [2026-03-19T02:55:09.477Z] <<< [apiv2][body] GET https://cloudfunctions.googleapis.com/v2/projects/gym-managment-10c42/locations/us-central1/operations/operation-1773888843380-64d57ae617885-8dc9c020-ff5f202e {"name":"projects/gym-managment-10c42/locations/us-central1/operations/operation-1773888843380-64d57ae617885-8dc9c020-ff5f202e","metadata":{"@type":"type.googleapis.com/google.cloud.functions.v2.OperationMetadata","createTime":"2026-03-19T02:54:04.259671604Z","target":"projects/gym-managment-10c42/locations/us-central1/functions/notifyNewReservation","verb":"create","cancelRequested":false,"apiVersion":"v2","requestResource":{"@type":"type.googleapis.com/google.cloud.functions.v2.Function","name":"projects/gym-managment-10c42/locations/us-central1/functions/notifyNewReservation","buildConfig":{"runtime":"nodejs20","entryPoint":"notifyNewReservation","source":{"storageSource":{"bucket":"gcf-v2-sources-450500386725-us-central1","object":"notifyNewReservation/function-source.zip","generation":"1773888843617923"}},"environmentVariables":{"GOOGLE_NODE_RUN_SCRIPTS":""},"serviceAccount":"projects/gym-managment-10c42/serviceAccounts/450500386725-compute@developer.gserviceaccount.com","automaticUpdatePolicy":{}},"serviceConfig":{"service":"projects/gym-managment-10c42/locations/us-central1/services/notifynewreservation","timeoutSeconds":60,"environmentVariables":{"FIREBASE_CONFIG":"{\"projectId\":\"gym-managment-10c42\",\"storageBucket\":\"gym-managment-10c42.firebasestorage.app\"}","GCLOUD_PROJECT":"gym-managment-10c42","EVENTARC_CLOUD_EVENT_SOURCE":"projects/gym-managment-10c42/locations/us-central1/services/notifyNewReservation","FUNCTION_SIGNATURE_TYPE":"cloudevent","FUNCTION_TARGET":"notifyNewReservation","LOG_EXECUTION_ID":"true"},"ingressSettings":"ALLOW_ALL","serviceAccountEmail":"450500386725-compute@developer.gserviceaccount.com","availableMemory":"256Mi","maxInstanceRequestConcurrency":80,"availableCpu":"1"},"eventTrigger":{"trigger":"projects/gym-managment-10c42/locations/nam5/triggers/notifynewreservation-309454","triggerRegion":"nam5","eventType":"google.cloud.firestore.document.v1.created","eventFilters":[{"attribute":"database","value":"(default)"},{"attribute":"namespace","value":"(default)"},{"attribute":"document","value":"solicitudes_reserva/{docId}","operator":"match-path-pattern"}],"serviceAccountEmail":"450500386725-compute@developer.gserviceaccount.com","retryPolicy":"RETRY_POLICY_DO_NOT_RETRY"},"labels":{"deployment-tool":"cli-firebase","firebase-functions-hash":"bd2fce2e93a982f1f2476e2c5bd4237af21280e0"},"environment":"GEN_2"},"stages":[{"name":"BUILD","message":"Build in progress","state":"IN_PROGRESS","resource":"projects/450500386725/locations/us-central1/builds/b1a3b097-13e1-4f21-af66-1b0775e2fa15","resourceUri":"https://console.cloud.google.com/cloud-build/builds;region=us-central1/b1a3b097-13e1-4f21-af66-1b0775e2fa15?project=450500386725"},{"name":"SERVICE","state":"NOT_STARTED"},{"name":"TRIGGER","state":"NOT_STARTED"}],"operationType":"CREATE_FUNCTION","buildName":"projects/450500386725/locations/us-central1/builds/b1a3b097-13e1-4f21-af66-1b0775e2fa15"},"done":false}
[debug] [2026-03-19T02:55:19.482Z] [create-default-us-central1-notifyNewReservation] Retrying task index 0
[debug] [2026-03-19T02:55:19.483Z] Checked if tokens are valid: true, expires at: 1773890211176
[debug] [2026-03-19T02:55:19.483Z] Checked if tokens are valid: true, expires at: 1773890211176
[debug] [2026-03-19T02:55:19.484Z] >>> [apiv2][query] GET https://cloudfunctions.googleapis.com/v2/projects/gym-managment-10c42/locations/us-central1/operations/operation-1773888843380-64d57ae617885-8dc9c020-ff5f202e [none]
[debug] [2026-03-19T02:55:20.452Z] <<< [apiv2][status] GET https://cloudfunctions.googleapis.com/v2/projects/gym-managment-10c42/locations/us-central1/operations/operation-1773888843380-64d57ae617885-8dc9c020-ff5f202e 200
[debug] [2026-03-19T02:55:20.452Z] <<< [apiv2][body] GET https://cloudfunctions.googleapis.com/v2/projects/gym-managment-10c42/locations/us-central1/operations/operation-1773888843380-64d57ae617885-8dc9c020-ff5f202e {"name":"projects/gym-managment-10c42/locations/us-central1/operations/operation-1773888843380-64d57ae617885-8dc9c020-ff5f202e","metadata":{"@type":"type.googleapis.com/google.cloud.functions.v2.OperationMetadata","createTime":"2026-03-19T02:54:04.259671604Z","target":"projects/gym-managment-10c42/locations/us-central1/functions/notifyNewReservation","verb":"create","cancelRequested":false,"apiVersion":"v2","requestResource":{"@type":"type.googleapis.com/google.cloud.functions.v2.Function","name":"projects/gym-managment-10c42/locations/us-central1/functions/notifyNewReservation","buildConfig":{"runtime":"nodejs20","entryPoint":"notifyNewReservation","source":{"storageSource":{"bucket":"gcf-v2-sources-450500386725-us-central1","object":"notifyNewReservation/function-source.zip","generation":"1773888843617923"}},"environmentVariables":{"GOOGLE_NODE_RUN_SCRIPTS":""},"serviceAccount":"projects/gym-managment-10c42/serviceAccounts/450500386725-compute@developer.gserviceaccount.com","automaticUpdatePolicy":{}},"serviceConfig":{"service":"projects/gym-managment-10c42/locations/us-central1/services/notifynewreservation","timeoutSeconds":60,"environmentVariables":{"FIREBASE_CONFIG":"{\"projectId\":\"gym-managment-10c42\",\"storageBucket\":\"gym-managment-10c42.firebasestorage.app\"}","GCLOUD_PROJECT":"gym-managment-10c42","EVENTARC_CLOUD_EVENT_SOURCE":"projects/gym-managment-10c42/locations/us-central1/services/notifyNewReservation","FUNCTION_SIGNATURE_TYPE":"cloudevent","FUNCTION_TARGET":"notifyNewReservation","LOG_EXECUTION_ID":"true"},"ingressSettings":"ALLOW_ALL","serviceAccountEmail":"450500386725-compute@developer.gserviceaccount.com","availableMemory":"256Mi","maxInstanceRequestConcurrency":80,"availableCpu":"1"},"eventTrigger":{"trigger":"projects/gym-managment-10c42/locations/nam5/triggers/notifynewreservation-309454","triggerRegion":"nam5","eventType":"google.cloud.firestore.document.v1.created","eventFilters":[{"attribute":"database","value":"(default)"},{"attribute":"namespace","value":"(default)"},{"attribute":"document","value":"solicitudes_reserva/{docId}","operator":"match-path-pattern"}],"serviceAccountEmail":"450500386725-compute@developer.gserviceaccount.com","retryPolicy":"RETRY_POLICY_DO_NOT_RETRY"},"labels":{"deployment-tool":"cli-firebase","firebase-functions-hash":"bd2fce2e93a982f1f2476e2c5bd4237af21280e0"},"environment":"GEN_2"},"stages":[{"name":"BUILD","message":"Build finished","state":"COMPLETE","resource":"projects/450500386725/locations/us-central1/builds/b1a3b097-13e1-4f21-af66-1b0775e2fa15","resourceUri":"https://console.cloud.google.com/cloud-build/builds;region=us-central1/b1a3b097-13e1-4f21-af66-1b0775e2fa15?project=450500386725"},{"name":"SERVICE","message":"Creating Cloud Run service","state":"IN_PROGRESS","resource":"projects/gym-managment-10c42/locations/us-central1/services/notifynewreservation","resourceUri":"https://console.cloud.google.com/run/detail/us-central1/notifynewreservation?project=gym-managment-10c42"},{"name":"TRIGGER","state":"NOT_STARTED"}],"sourceToken":"Cldwcm9qZWN0cy80NTA1MDAzODY3MjUvbG9jYXRpb25zL3VzLWNlbnRyYWwxL2J1aWxkcy9iMWEzYjA5Ny0xM2UxLTRmMjEtYWY2Ni0xYjA3NzVlMmZhMTUSggF1cy1jZW50cmFsMS1kb2NrZXIucGtnLmRldi9neW0tbWFuYWdtZW50LTEwYzQyL2djZi1hcnRpZmFjdHMvZ3ltLS1tYW5hZ21lbnQtLTEwYzQyX191cy0tY2VudHJhbDFfX25vdGlmeV9uZXdfcmVzZXJ2YXRpb246dmVyc2lvbl8xGKW/qZ+ODSJRcHJvamVjdHMvZ3ltLW1hbmFnbWVudC0xMGM0Mi9sb2NhdGlvbnMvdXMtY2VudHJhbDEvZnVuY3Rpb25zL25vdGlmeU5ld1Jlc2VydmF0aW9uKgwIk8vtzQYQ2MeN1QIyCG5vZGVqczIwOnYKI2djci5pby9nYWUtcnVudGltZXMvbm9kZWpzMjA6c3RhYmxlEk91cy1jZW50cmFsMS1kb2NrZXIucGtnLmRldi9zZXJ2ZXJsZXNzLXJ1bnRpbWVzL2dvb2dsZS0yMi1mdWxsL3J1bnRpbWVzL25vZGVqczIwQAE=","operationType":"CREATE_FUNCTION","buildName":"projects/450500386725/locations/us-central1/builds/b1a3b097-13e1-4f21-af66-1b0775e2fa15"},"done":false}
[debug] [2026-03-19T02:55:20.452Z] Got source token Cldwcm9qZWN0cy80NTA1MDAzODY3MjUvbG9jYXRpb25zL3VzLWNlbnRyYWwxL2J1aWxkcy9iMWEzYjA5Ny0xM2UxLTRmMjEtYWY2Ni0xYjA3NzVlMmZhMTUSggF1cy1jZW50cmFsMS1kb2NrZXIucGtnLmRldi9neW0tbWFuYWdtZW50LTEwYzQyL2djZi1hcnRpZmFjdHMvZ3ltLS1tYW5hZ21lbnQtLTEwYzQyX191cy0tY2VudHJhbDFfX25vdGlmeV9uZXdfcmVzZXJ2YXRpb246dmVyc2lvbl8xGKW/qZ+ODSJRcHJvamVjdHMvZ3ltLW1hbmFnbWVudC0xMGM0Mi9sb2NhdGlvbnMvdXMtY2VudHJhbDEvZnVuY3Rpb25zL25vdGlmeU5ld1Jlc2VydmF0aW9uKgwIk8vtzQYQ2MeN1QIyCG5vZGVqczIwOnYKI2djci5pby9nYWUtcnVudGltZXMvbm9kZWpzMjA6c3RhYmxlEk91cy1jZW50cmFsMS1kb2NrZXIucGtnLmRldi9zZXJ2ZXJsZXNzLXJ1bnRpbWVzL2dvb2dsZS0yMi1mdWxsL3J1bnRpbWVzL25vZGVqczIwQAE= for region us-central1
[debug] [2026-03-19T02:55:30.457Z] [create-default-us-central1-notifyNewReservation] Retrying task index 0
[debug] [2026-03-19T02:55:30.458Z] Checked if tokens are valid: true, expires at: 1773890211176
[debug] [2026-03-19T02:55:30.458Z] Checked if tokens are valid: true, expires at: 1773890211176
[debug] [2026-03-19T02:55:30.458Z] >>> [apiv2][query] GET https://cloudfunctions.googleapis.com/v2/projects/gym-managment-10c42/locations/us-central1/operations/operation-1773888843380-64d57ae617885-8dc9c020-ff5f202e [none]
[debug] [2026-03-19T02:55:31.461Z] <<< [apiv2][status] GET https://cloudfunctions.googleapis.com/v2/projects/gym-managment-10c42/locations/us-central1/operations/operation-1773888843380-64d57ae617885-8dc9c020-ff5f202e 200
[debug] [2026-03-19T02:55:31.461Z] <<< [apiv2][body] GET https://cloudfunctions.googleapis.com/v2/projects/gym-managment-10c42/locations/us-central1/operations/operation-1773888843380-64d57ae617885-8dc9c020-ff5f202e {"name":"projects/gym-managment-10c42/locations/us-central1/operations/operation-1773888843380-64d57ae617885-8dc9c020-ff5f202e","metadata":{"@type":"type.googleapis.com/google.cloud.functions.v2.OperationMetadata","createTime":"2026-03-19T02:54:04.259671604Z","target":"projects/gym-managment-10c42/locations/us-central1/functions/notifyNewReservation","verb":"create","cancelRequested":false,"apiVersion":"v2","requestResource":{"@type":"type.googleapis.com/google.cloud.functions.v2.Function","name":"projects/gym-managment-10c42/locations/us-central1/functions/notifyNewReservation","buildConfig":{"runtime":"nodejs20","entryPoint":"notifyNewReservation","source":{"storageSource":{"bucket":"gcf-v2-sources-450500386725-us-central1","object":"notifyNewReservation/function-source.zip","generation":"1773888843617923"}},"environmentVariables":{"GOOGLE_NODE_RUN_SCRIPTS":""},"serviceAccount":"projects/gym-managment-10c42/serviceAccounts/450500386725-compute@developer.gserviceaccount.com","automaticUpdatePolicy":{}},"serviceConfig":{"service":"projects/gym-managment-10c42/locations/us-central1/services/notifynewreservation","timeoutSeconds":60,"environmentVariables":{"FIREBASE_CONFIG":"{\"projectId\":\"gym-managment-10c42\",\"storageBucket\":\"gym-managment-10c42.firebasestorage.app\"}","GCLOUD_PROJECT":"gym-managment-10c42","EVENTARC_CLOUD_EVENT_SOURCE":"projects/gym-managment-10c42/locations/us-central1/services/notifyNewReservation","FUNCTION_SIGNATURE_TYPE":"cloudevent","FUNCTION_TARGET":"notifyNewReservation","LOG_EXECUTION_ID":"true"},"ingressSettings":"ALLOW_ALL","serviceAccountEmail":"450500386725-compute@developer.gserviceaccount.com","availableMemory":"256Mi","maxInstanceRequestConcurrency":80,"availableCpu":"1"},"eventTrigger":{"trigger":"projects/gym-managment-10c42/locations/nam5/triggers/notifynewreservation-309454","triggerRegion":"nam5","eventType":"google.cloud.firestore.document.v1.created","eventFilters":[{"attribute":"database","value":"(default)"},{"attribute":"namespace","value":"(default)"},{"attribute":"document","value":"solicitudes_reserva/{docId}","operator":"match-path-pattern"}],"serviceAccountEmail":"450500386725-compute@developer.gserviceaccount.com","retryPolicy":"RETRY_POLICY_DO_NOT_RETRY"},"labels":{"deployment-tool":"cli-firebase","firebase-functions-hash":"bd2fce2e93a982f1f2476e2c5bd4237af21280e0"},"environment":"GEN_2"},"stages":[{"name":"BUILD","message":"Build finished","state":"COMPLETE","resource":"projects/450500386725/locations/us-central1/builds/b1a3b097-13e1-4f21-af66-1b0775e2fa15","resourceUri":"https://console.cloud.google.com/cloud-build/builds;region=us-central1/b1a3b097-13e1-4f21-af66-1b0775e2fa15?project=450500386725"},{"name":"SERVICE","message":"Creating Cloud Run service","state":"IN_PROGRESS","resource":"projects/gym-managment-10c42/locations/us-central1/services/notifynewreservation","resourceUri":"https://console.cloud.google.com/run/detail/us-central1/notifynewreservation?project=gym-managment-10c42"},{"name":"TRIGGER","state":"NOT_STARTED"}],"sourceToken":"Cldwcm9qZWN0cy80NTA1MDAzODY3MjUvbG9jYXRpb25zL3VzLWNlbnRyYWwxL2J1aWxkcy9iMWEzYjA5Ny0xM2UxLTRmMjEtYWY2Ni0xYjA3NzVlMmZhMTUSggF1cy1jZW50cmFsMS1kb2NrZXIucGtnLmRldi9neW0tbWFuYWdtZW50LTEwYzQyL2djZi1hcnRpZmFjdHMvZ3ltLS1tYW5hZ21lbnQtLTEwYzQyX191cy0tY2VudHJhbDFfX25vdGlmeV9uZXdfcmVzZXJ2YXRpb246dmVyc2lvbl8xGKW/qZ+ODSJRcHJvamVjdHMvZ3ltLW1hbmFnbWVudC0xMGM0Mi9sb2NhdGlvbnMvdXMtY2VudHJhbDEvZnVuY3Rpb25zL25vdGlmeU5ld1Jlc2VydmF0aW9uKgwIk8vtzQYQ2MeN1QIyCG5vZGVqczIwOnYKI2djci5pby9nYWUtcnVudGltZXMvbm9kZWpzMjA6c3RhYmxlEk91cy1jZW50cmFsMS1kb2NrZXIucGtnLmRldi9zZXJ2ZXJsZXNzLXJ1bnRpbWVzL2dvb2dsZS0yMi1mdWxsL3J1bnRpbWVzL25vZGVqczIwQAE=","operationType":"CREATE_FUNCTION","buildName":"projects/450500386725/locations/us-central1/builds/b1a3b097-13e1-4f21-af66-1b0775e2fa15"},"done":false}
[debug] [2026-03-19T02:55:31.461Z] Got source token Cldwcm9qZWN0cy80NTA1MDAzODY3MjUvbG9jYXRpb25zL3VzLWNlbnRyYWwxL2J1aWxkcy9iMWEzYjA5Ny0xM2UxLTRmMjEtYWY2Ni0xYjA3NzVlMmZhMTUSggF1cy1jZW50cmFsMS1kb2NrZXIucGtnLmRldi9neW0tbWFuYWdtZW50LTEwYzQyL2djZi1hcnRpZmFjdHMvZ3ltLS1tYW5hZ21lbnQtLTEwYzQyX191cy0tY2VudHJhbDFfX25vdGlmeV9uZXdfcmVzZXJ2YXRpb246dmVyc2lvbl8xGKW/qZ+ODSJRcHJvamVjdHMvZ3ltLW1hbmFnbWVudC0xMGM0Mi9sb2NhdGlvbnMvdXMtY2VudHJhbDEvZnVuY3Rpb25zL25vdGlmeU5ld1Jlc2VydmF0aW9uKgwIk8vtzQYQ2MeN1QIyCG5vZGVqczIwOnYKI2djci5pby9nYWUtcnVudGltZXMvbm9kZWpzMjA6c3RhYmxlEk91cy1jZW50cmFsMS1kb2NrZXIucGtnLmRldi9zZXJ2ZXJsZXNzLXJ1bnRpbWVzL2dvb2dsZS0yMi1mdWxsL3J1bnRpbWVzL25vZGVqczIwQAE= for region us-central1
[debug] [2026-03-19T02:55:41.466Z] [create-default-us-central1-notifyNewReservation] Retrying task index 0
[debug] [2026-03-19T02:55:41.467Z] Checked if tokens are valid: true, expires at: 1773890211176
[debug] [2026-03-19T02:55:41.467Z] Checked if tokens are valid: true, expires at: 1773890211176
[debug] [2026-03-19T02:55:41.467Z] >>> [apiv2][query] GET https://cloudfunctions.googleapis.com/v2/projects/gym-managment-10c42/locations/us-central1/operations/operation-1773888843380-64d57ae617885-8dc9c020-ff5f202e [none]
[debug] [2026-03-19T02:55:42.448Z] <<< [apiv2][status] GET https://cloudfunctions.googleapis.com/v2/projects/gym-managment-10c42/locations/us-central1/operations/operation-1773888843380-64d57ae617885-8dc9c020-ff5f202e 200
[debug] [2026-03-19T02:55:42.448Z] <<< [apiv2][body] GET https://cloudfunctions.googleapis.com/v2/projects/gym-managment-10c42/locations/us-central1/operations/operation-1773888843380-64d57ae617885-8dc9c020-ff5f202e {"name":"projects/gym-managment-10c42/locations/us-central1/operations/operation-1773888843380-64d57ae617885-8dc9c020-ff5f202e","metadata":{"@type":"type.googleapis.com/google.cloud.functions.v2.OperationMetadata","createTime":"2026-03-19T02:54:04.259671604Z","target":"projects/gym-managment-10c42/locations/us-central1/functions/notifyNewReservation","verb":"create","cancelRequested":false,"apiVersion":"v2","requestResource":{"@type":"type.googleapis.com/google.cloud.functions.v2.Function","name":"projects/gym-managment-10c42/locations/us-central1/functions/notifyNewReservation","buildConfig":{"runtime":"nodejs20","entryPoint":"notifyNewReservation","source":{"storageSource":{"bucket":"gcf-v2-sources-450500386725-us-central1","object":"notifyNewReservation/function-source.zip","generation":"1773888843617923"}},"environmentVariables":{"GOOGLE_NODE_RUN_SCRIPTS":""},"serviceAccount":"projects/gym-managment-10c42/serviceAccounts/450500386725-compute@developer.gserviceaccount.com","automaticUpdatePolicy":{}},"serviceConfig":{"service":"projects/gym-managment-10c42/locations/us-central1/services/notifynewreservation","timeoutSeconds":60,"environmentVariables":{"FIREBASE_CONFIG":"{\"projectId\":\"gym-managment-10c42\",\"storageBucket\":\"gym-managment-10c42.firebasestorage.app\"}","GCLOUD_PROJECT":"gym-managment-10c42","EVENTARC_CLOUD_EVENT_SOURCE":"projects/gym-managment-10c42/locations/us-central1/services/notifyNewReservation","FUNCTION_SIGNATURE_TYPE":"cloudevent","FUNCTION_TARGET":"notifyNewReservation","LOG_EXECUTION_ID":"true"},"ingressSettings":"ALLOW_ALL","serviceAccountEmail":"450500386725-compute@developer.gserviceaccount.com","availableMemory":"256Mi","maxInstanceRequestConcurrency":80,"availableCpu":"1"},"eventTrigger":{"trigger":"projects/gym-managment-10c42/locations/nam5/triggers/notifynewreservation-309454","triggerRegion":"nam5","eventType":"google.cloud.firestore.document.v1.created","eventFilters":[{"attribute":"database","value":"(default)"},{"attribute":"namespace","value":"(default)"},{"attribute":"document","value":"solicitudes_reserva/{docId}","operator":"match-path-pattern"}],"serviceAccountEmail":"450500386725-compute@developer.gserviceaccount.com","retryPolicy":"RETRY_POLICY_DO_NOT_RETRY"},"labels":{"deployment-tool":"cli-firebase","firebase-functions-hash":"bd2fce2e93a982f1f2476e2c5bd4237af21280e0"},"environment":"GEN_2"},"stages":[{"name":"BUILD","message":"Build finished","state":"COMPLETE","resource":"projects/450500386725/locations/us-central1/builds/b1a3b097-13e1-4f21-af66-1b0775e2fa15","resourceUri":"https://console.cloud.google.com/cloud-build/builds;region=us-central1/b1a3b097-13e1-4f21-af66-1b0775e2fa15?project=450500386725"},{"name":"SERVICE","message":"Creating Cloud Run service","state":"COMPLETE","resource":"projects/gym-managment-10c42/locations/us-central1/services/notifynewreservation","resourceUri":"https://console.cloud.google.com/run/detail/us-central1/notifynewreservation?project=gym-managment-10c42"},{"name":"TRIGGER","message":"Creating Eventarc trigger","state":"IN_PROGRESS","resource":"projects/gym-managment-10c42/locations/nam5/triggers/notifynewreservation-309454"}],"sourceToken":"Cldwcm9qZWN0cy80NTA1MDAzODY3MjUvbG9jYXRpb25zL3VzLWNlbnRyYWwxL2J1aWxkcy9iMWEzYjA5Ny0xM2UxLTRmMjEtYWY2Ni0xYjA3NzVlMmZhMTUSggF1cy1jZW50cmFsMS1kb2NrZXIucGtnLmRldi9neW0tbWFuYWdtZW50LTEwYzQyL2djZi1hcnRpZmFjdHMvZ3ltLS1tYW5hZ21lbnQtLTEwYzQyX191cy0tY2VudHJhbDFfX25vdGlmeV9uZXdfcmVzZXJ2YXRpb246dmVyc2lvbl8xGKW/qZ+ODSJRcHJvamVjdHMvZ3ltLW1hbmFnbWVudC0xMGM0Mi9sb2NhdGlvbnMvdXMtY2VudHJhbDEvZnVuY3Rpb25zL25vdGlmeU5ld1Jlc2VydmF0aW9uKgwIk8vtzQYQ2MeN1QIyCG5vZGVqczIwOnYKI2djci5pby9nYWUtcnVudGltZXMvbm9kZWpzMjA6c3RhYmxlEk91cy1jZW50cmFsMS1kb2NrZXIucGtnLmRldi9zZXJ2ZXJsZXNzLXJ1bnRpbWVzL2dvb2dsZS0yMi1mdWxsL3J1bnRpbWVzL25vZGVqczIwQAE=","operationType":"CREATE_FUNCTION","buildName":"projects/450500386725/locations/us-central1/builds/b1a3b097-13e1-4f21-af66-1b0775e2fa15"},"done":false}
[debug] [2026-03-19T02:55:42.448Z] Got source token Cldwcm9qZWN0cy80NTA1MDAzODY3MjUvbG9jYXRpb25zL3VzLWNlbnRyYWwxL2J1aWxkcy9iMWEzYjA5Ny0xM2UxLTRmMjEtYWY2Ni0xYjA3NzVlMmZhMTUSggF1cy1jZW50cmFsMS1kb2NrZXIucGtnLmRldi9neW0tbWFuYWdtZW50LTEwYzQyL2djZi1hcnRpZmFjdHMvZ3ltLS1tYW5hZ21lbnQtLTEwYzQyX191cy0tY2VudHJhbDFfX25vdGlmeV9uZXdfcmVzZXJ2YXRpb246dmVyc2lvbl8xGKW/qZ+ODSJRcHJvamVjdHMvZ3ltLW1hbmFnbWVudC0xMGM0Mi9sb2NhdGlvbnMvdXMtY2VudHJhbDEvZnVuY3Rpb25zL25vdGlmeU5ld1Jlc2VydmF0aW9uKgwIk8vtzQYQ2MeN1QIyCG5vZGVqczIwOnYKI2djci5pby9nYWUtcnVudGltZXMvbm9kZWpzMjA6c3RhYmxlEk91cy1jZW50cmFsMS1kb2NrZXIucGtnLmRldi9zZXJ2ZXJsZXNzLXJ1bnRpbWVzL2dvb2dsZS0yMi1mdWxsL3J1bnRpbWVzL25vZGVqczIwQAE= for region us-central1
[debug] [2026-03-19T02:55:52.453Z] [create-default-us-central1-notifyNewReservation] Retrying task index 0
[debug] [2026-03-19T02:55:52.454Z] Checked if tokens are valid: true, expires at: 1773890211176
[debug] [2026-03-19T02:55:52.454Z] Checked if tokens are valid: true, expires at: 1773890211176
[debug] [2026-03-19T02:55:52.454Z] >>> [apiv2][query] GET https://cloudfunctions.googleapis.com/v2/projects/gym-managment-10c42/locations/us-central1/operations/operation-1773888843380-64d57ae617885-8dc9c020-ff5f202e [none]
[debug] [2026-03-19T02:55:53.494Z] <<< [apiv2][status] GET https://cloudfunctions.googleapis.com/v2/projects/gym-managment-10c42/locations/us-central1/operations/operation-1773888843380-64d57ae617885-8dc9c020-ff5f202e 200
[debug] [2026-03-19T02:55:53.494Z] <<< [apiv2][body] GET https://cloudfunctions.googleapis.com/v2/projects/gym-managment-10c42/locations/us-central1/operations/operation-1773888843380-64d57ae617885-8dc9c020-ff5f202e {"name":"projects/gym-managment-10c42/locations/us-central1/operations/operation-1773888843380-64d57ae617885-8dc9c020-ff5f202e","metadata":{"@type":"type.googleapis.com/google.cloud.functions.v2.OperationMetadata","createTime":"2026-03-19T02:54:04.259671604Z","endTime":"2026-03-19T02:55:46.971512718Z","target":"projects/gym-managment-10c42/locations/us-central1/functions/notifyNewReservation","verb":"create","cancelRequested":false,"apiVersion":"v2","requestResource":{"@type":"type.googleapis.com/google.cloud.functions.v2.Function","name":"projects/gym-managment-10c42/locations/us-central1/functions/notifyNewReservation","buildConfig":{"runtime":"nodejs20","entryPoint":"notifyNewReservation","source":{"storageSource":{"bucket":"gcf-v2-sources-450500386725-us-central1","object":"notifyNewReservation/function-source.zip","generation":"1773888843617923"}},"environmentVariables":{"GOOGLE_NODE_RUN_SCRIPTS":""},"serviceAccount":"projects/gym-managment-10c42/serviceAccounts/450500386725-compute@developer.gserviceaccount.com","automaticUpdatePolicy":{}},"serviceConfig":{"service":"projects/gym-managment-10c42/locations/us-central1/services/notifynewreservation","timeoutSeconds":60,"environmentVariables":{"FIREBASE_CONFIG":"{\"projectId\":\"gym-managment-10c42\",\"storageBucket\":\"gym-managment-10c42.firebasestorage.app\"}","GCLOUD_PROJECT":"gym-managment-10c42","EVENTARC_CLOUD_EVENT_SOURCE":"projects/gym-managment-10c42/locations/us-central1/services/notifyNewReservation","FUNCTION_SIGNATURE_TYPE":"cloudevent","FUNCTION_TARGET":"notifyNewReservation","LOG_EXECUTION_ID":"true"},"ingressSettings":"ALLOW_ALL","serviceAccountEmail":"450500386725-compute@developer.gserviceaccount.com","availableMemory":"256Mi","maxInstanceRequestConcurrency":80,"availableCpu":"1"},"eventTrigger":{"trigger":"projects/gym-managment-10c42/locations/nam5/triggers/notifynewreservation-309454","triggerRegion":"nam5","eventType":"google.cloud.firestore.document.v1.created","eventFilters":[{"attribute":"database","value":"(default)"},{"attribute":"namespace","value":"(default)"},{"attribute":"document","value":"solicitudes_reserva/{docId}","operator":"match-path-pattern"}],"serviceAccountEmail":"450500386725-compute@developer.gserviceaccount.com","retryPolicy":"RETRY_POLICY_DO_NOT_RETRY"},"labels":{"deployment-tool":"cli-firebase","firebase-functions-hash":"bd2fce2e93a982f1f2476e2c5bd4237af21280e0"},"environment":"GEN_2"},"stages":[{"name":"BUILD","message":"Build finished","state":"COMPLETE","resource":"projects/450500386725/locations/us-central1/builds/b1a3b097-13e1-4f21-af66-1b0775e2fa15","resourceUri":"https://console.cloud.google.com/cloud-build/builds;region=us-central1/b1a3b097-13e1-4f21-af66-1b0775e2fa15?project=450500386725"},{"name":"SERVICE","message":"Creating Cloud Run service","state":"COMPLETE","resource":"projects/gym-managment-10c42/locations/us-central1/services/notifynewreservation","resourceUri":"https://console.cloud.google.com/run/detail/us-central1/notifynewreservation?project=gym-managment-10c42"},{"name":"TRIGGER","message":"Creating Eventarc trigger","state":"COMPLETE","resource":"projects/gym-managment-10c42/locations/nam5/triggers/notifynewreservation-309454"}],"sourceToken":"Cldwcm9qZWN0cy80NTA1MDAzODY3MjUvbG9jYXRpb25zL3VzLWNlbnRyYWwxL2J1aWxkcy9iMWEzYjA5Ny0xM2UxLTRmMjEtYWY2Ni0xYjA3NzVlMmZhMTUSggF1cy1jZW50cmFsMS1kb2NrZXIucGtnLmRldi9neW0tbWFuYWdtZW50LTEwYzQyL2djZi1hcnRpZmFjdHMvZ3ltLS1tYW5hZ21lbnQtLTEwYzQyX191cy0tY2VudHJhbDFfX25vdGlmeV9uZXdfcmVzZXJ2YXRpb246dmVyc2lvbl8xGKW/qZ+ODSJRcHJvamVjdHMvZ3ltLW1hbmFnbWVudC0xMGM0Mi9sb2NhdGlvbnMvdXMtY2VudHJhbDEvZnVuY3Rpb25zL25vdGlmeU5ld1Jlc2VydmF0aW9uKgwIk8vtzQYQ2MeN1QIyCG5vZGVqczIwOnYKI2djci5pby9nYWUtcnVudGltZXMvbm9kZWpzMjA6c3RhYmxlEk91cy1jZW50cmFsMS1kb2NrZXIucGtnLmRldi9zZXJ2ZXJsZXNzLXJ1bnRpbWVzL2dvb2dsZS0yMi1mdWxsL3J1bnRpbWVzL25vZGVqczIwQAE=","operationType":"CREATE_FUNCTION","buildName":"projects/450500386725/locations/us-central1/builds/b1a3b097-13e1-4f21-af66-1b0775e2fa15"},"done":true,"response":{"@type":"type.googleapis.com/google.cloud.functions.v2.Function","name":"projects/gym-managment-10c42/locations/us-central1/functions/notifyNewReservation","buildConfig":{"build":"projects/450500386725/locations/us-central1/builds/b1a3b097-13e1-4f21-af66-1b0775e2fa15","runtime":"nodejs20","entryPoint":"notifyNewReservation","source":{"storageSource":{"bucket":"gcf-v2-sources-450500386725-us-central1","object":"notifyNewReservation/function-source.zip","generation":"1773888843617923"}},"environmentVariables":{"GOOGLE_NODE_RUN_SCRIPTS":""},"dockerRepository":"projects/gym-managment-10c42/locations/us-central1/repositories/gcf-artifacts","sourceProvenance":{"resolvedStorageSource":{"bucket":"gcf-v2-sources-450500386725-us-central1","object":"notifyNewReservation/function-source.zip","generation":"1773888843617923"}},"dockerRegistry":"ARTIFACT_REGISTRY","serviceAccount":"projects/gym-managment-10c42/serviceAccounts/450500386725-compute@developer.gserviceaccount.com","automaticUpdatePolicy":{}},"serviceConfig":{"service":"projects/gym-managment-10c42/locations/us-central1/services/notifynewreservation","timeoutSeconds":60,"environmentVariables":{"FIREBASE_CONFIG":"{\"projectId\":\"gym-managment-10c42\",\"storageBucket\":\"gym-managment-10c42.firebasestorage.app\"}","GCLOUD_PROJECT":"gym-managment-10c42","EVENTARC_CLOUD_EVENT_SOURCE":"projects/gym-managment-10c42/locations/us-central1/services/notifyNewReservation","FUNCTION_SIGNATURE_TYPE":"cloudevent","FUNCTION_TARGET":"notifyNewReservation","LOG_EXECUTION_ID":"true"},"ingressSettings":"ALLOW_ALL","uri":"https://notifynewreservation-76o3fxd6vq-uc.a.run.app","serviceAccountEmail":"450500386725-compute@developer.gserviceaccount.com","availableMemory":"256Mi","allTrafficOnLatestRevision":true,"revision":"notifynewreservation-00001-maz","maxInstanceRequestConcurrency":80,"availableCpu":"1"},"eventTrigger":{"trigger":"projects/gym-managment-10c42/locations/nam5/triggers/notifynewreservation-309454","triggerRegion":"nam5","eventType":"google.cloud.firestore.document.v1.created","eventFilters":[{"attribute":"namespace","value":"(default)"},{"attribute":"document","value":"solicitudes_reserva/{docId}","operator":"match-path-pattern"},{"attribute":"database","value":"(default)"}],"pubsubTopic":"projects/gym-managment-10c42/topics/eventarc-nam5-notifynewreservation-309454-462","serviceAccountEmail":"450500386725-compute@developer.gserviceaccount.com","retryPolicy":"RETRY_POLICY_DO_NOT_RETRY"},"state":"ACTIVE","updateTime":"2026-03-19T02:54:04.252227810Z","labels":{"deployment-tool":"cli-firebase","firebase-functions-hash":"bd2fce2e93a982f1f2476e2c5bd4237af21280e0"},"environment":"GEN_2","url":"https://us-central1-gym-managment-10c42.cloudfunctions.net/notifyNewReservation","createTime":"2026-03-19T02:54:04.252227810Z","satisfiesPzi":true}}
[debug] [2026-03-19T02:55:53.495Z] Got source token Cldwcm9qZWN0cy80NTA1MDAzODY3MjUvbG9jYXRpb25zL3VzLWNlbnRyYWwxL2J1aWxkcy9iMWEzYjA5Ny0xM2UxLTRmMjEtYWY2Ni0xYjA3NzVlMmZhMTUSggF1cy1jZW50cmFsMS1kb2NrZXIucGtnLmRldi9neW0tbWFuYWdtZW50LTEwYzQyL2djZi1hcnRpZmFjdHMvZ3ltLS1tYW5hZ21lbnQtLTEwYzQyX191cy0tY2VudHJhbDFfX25vdGlmeV9uZXdfcmVzZXJ2YXRpb246dmVyc2lvbl8xGKW/qZ+ODSJRcHJvamVjdHMvZ3ltLW1hbmFnbWVudC0xMGM0Mi9sb2NhdGlvbnMvdXMtY2VudHJhbDEvZnVuY3Rpb25zL25vdGlmeU5ld1Jlc2VydmF0aW9uKgwIk8vtzQYQ2MeN1QIyCG5vZGVqczIwOnYKI2djci5pby9nYWUtcnVudGltZXMvbm9kZWpzMjA6c3RhYmxlEk91cy1jZW50cmFsMS1kb2NrZXIucGtnLmRldi9zZXJ2ZXJsZXNzLXJ1bnRpbWVzL2dvb2dsZS0yMi1mdWxsL3J1bnRpbWVzL25vZGVqczIwQAE= for region us-central1
[info] ✔  functions[notifyNewReservation(us-central1)] Successful create operation. 
[debug] [2026-03-19T02:55:53.499Z] Total Function Deployment time: 110951
[debug] [2026-03-19T02:55:53.499Z] 1 Functions Deployed
[debug] [2026-03-19T02:55:53.499Z] 0 Functions Errored
[debug] [2026-03-19T02:55:53.499Z] 0 Function Deployments Aborted
[debug] [2026-03-19T02:55:53.499Z] Average Function Deployment time: 110950
[debug] [2026-03-19T02:55:53.620Z] Checked if tokens are valid: true, expires at: 1773890211176
[debug] [2026-03-19T02:55:53.620Z] Checked if tokens are valid: true, expires at: 1773890211176
[debug] [2026-03-19T02:55:53.620Z] >>> [apiv2][query] GET https://artifactregistry.googleapis.com/v1/projects/gym-managment-10c42/locations/us-central1/repositories/gcf-artifacts [none]
[debug] [2026-03-19T02:55:54.743Z] <<< [apiv2][status] GET https://artifactregistry.googleapis.com/v1/projects/gym-managment-10c42/locations/us-central1/repositories/gcf-artifacts 200
[debug] [2026-03-19T02:55:54.743Z] <<< [apiv2][body] GET https://artifactregistry.googleapis.com/v1/projects/gym-managment-10c42/locations/us-central1/repositories/gcf-artifacts {"name":"projects/gym-managment-10c42/locations/us-central1/repositories/gcf-artifacts","format":"DOCKER","description":"This repository is created and used by Cloud Functions for storing function docker images.","labels":{"goog-managed-by":"cloudfunctions"},"createTime":"2026-03-19T02:54:19.234004Z","updateTime":"2026-03-19T02:55:08.611600Z","mode":"STANDARD_REPOSITORY","sizeBytes":"91846416","vulnerabilityScanningConfig":{"lastEnableTime":"2026-03-19T02:54:04.447317030Z","enablementState":"SCANNING_DISABLED","enablementStateReason":"API containerscanning.googleapis.com is not enabled."},"satisfiesPzi":true,"registryUri":"us-central1-docker.pkg.dev/gym-managment-10c42/gcf-artifacts"}
[warn] ⚠  functions: No cleanup policy detected for repositories in us-central1. This may result in a small monthly bill as container images accumulate over time. 
[debug] [2026-03-19T03:22:43.398Z] ----------------------------------------------------------------------
[debug] [2026-03-19T03:22:43.403Z] Command:       /usr/bin/node-22 /usr/local/bin/firebase deploy --only functions
[debug] [2026-03-19T03:22:43.404Z] CLI Version:   14.22.0
[debug] [2026-03-19T03:22:43.404Z] Platform:      linux
[debug] [2026-03-19T03:22:43.404Z] Node Version:  v22.21.1
[debug] [2026-03-19T03:22:43.405Z] Time:          Wed Mar 18 2026 22:22:43 GMT-0500 (hora estándar de Perú)
[debug] [2026-03-19T03:22:43.405Z] ----------------------------------------------------------------------
[debug] 
[debug] [2026-03-19T03:22:43.694Z] > command requires scopes: ["email","openid","https://www.googleapis.com/auth/cloudplatformprojects.readonly","https://www.googleapis.com/auth/firebase","https://www.googleapis.com/auth/cloud-platform"]
[debug] [2026-03-19T03:22:43.695Z] > authorizing via signed-in user (frecodev.1992@gmail.com)
[debug] [2026-03-19T03:22:43.695Z] [iam] checking project gym-managment-10c42 for permissions ["cloudfunctions.functions.create","cloudfunctions.functions.delete","cloudfunctions.functions.get","cloudfunctions.functions.list","cloudfunctions.functions.update","cloudfunctions.operations.get","firebase.projects.get"]
[debug] [2026-03-19T03:22:43.696Z] Checked if tokens are valid: true, expires at: 1773893735496
[debug] [2026-03-19T03:22:43.697Z] Checked if tokens are valid: true, expires at: 1773893735496
[debug] [2026-03-19T03:22:43.698Z] >>> [apiv2][query] POST https://cloudresourcemanager.googleapis.com/v1/projects/gym-managment-10c42:testIamPermissions [none]
[debug] [2026-03-19T03:22:43.698Z] >>> [apiv2][(partial)header] POST https://cloudresourcemanager.googleapis.com/v1/projects/gym-managment-10c42:testIamPermissions x-goog-quota-user=projects/gym-managment-10c42
[debug] [2026-03-19T03:22:43.698Z] >>> [apiv2][body] POST https://cloudresourcemanager.googleapis.com/v1/projects/gym-managment-10c42:testIamPermissions {"permissions":["cloudfunctions.functions.create","cloudfunctions.functions.delete","cloudfunctions.functions.get","cloudfunctions.functions.list","cloudfunctions.functions.update","cloudfunctions.operations.get","firebase.projects.get"]}
[debug] [2026-03-19T03:22:44.448Z] <<< [apiv2][status] POST https://cloudresourcemanager.googleapis.com/v1/projects/gym-managment-10c42:testIamPermissions 200
[debug] [2026-03-19T03:22:44.448Z] <<< [apiv2][body] POST https://cloudresourcemanager.googleapis.com/v1/projects/gym-managment-10c42:testIamPermissions {"permissions":["cloudfunctions.functions.create","cloudfunctions.functions.delete","cloudfunctions.functions.get","cloudfunctions.functions.list","cloudfunctions.functions.update","cloudfunctions.operations.get","firebase.projects.get"]}
[debug] [2026-03-19T03:22:44.449Z] Checked if tokens are valid: true, expires at: 1773893735496
[debug] [2026-03-19T03:22:44.449Z] Checked if tokens are valid: true, expires at: 1773893735496
[debug] [2026-03-19T03:22:44.449Z] >>> [apiv2][query] POST https://iam.googleapis.com/v1/projects/gym-managment-10c42/serviceAccounts/gym-managment-10c42@appspot.gserviceaccount.com:testIamPermissions [none]
[debug] [2026-03-19T03:22:44.449Z] >>> [apiv2][body] POST https://iam.googleapis.com/v1/projects/gym-managment-10c42/serviceAccounts/gym-managment-10c42@appspot.gserviceaccount.com:testIamPermissions {"permissions":["iam.serviceAccounts.actAs"]}
[debug] [2026-03-19T03:22:45.795Z] <<< [apiv2][status] POST https://iam.googleapis.com/v1/projects/gym-managment-10c42/serviceAccounts/gym-managment-10c42@appspot.gserviceaccount.com:testIamPermissions 200
[debug] [2026-03-19T03:22:45.796Z] <<< [apiv2][body] POST https://iam.googleapis.com/v1/projects/gym-managment-10c42/serviceAccounts/gym-managment-10c42@appspot.gserviceaccount.com:testIamPermissions {"permissions":["iam.serviceAccounts.actAs"]}
[info] 
[info] === Deploying to 'gym-managment-10c42'...
[info] 
[info] i  deploying functions 
[debug] [2026-03-19T03:22:45.801Z] Checked if tokens are valid: true, expires at: 1773893735496
[debug] [2026-03-19T03:22:45.801Z] Checked if tokens are valid: true, expires at: 1773893735496
[debug] [2026-03-19T03:22:45.801Z] >>> [apiv2][query] GET https://cloudresourcemanager.googleapis.com/v1/projects/gym-managment-10c42 [none]
[debug] [2026-03-19T03:22:46.014Z] <<< [apiv2][status] GET https://cloudresourcemanager.googleapis.com/v1/projects/gym-managment-10c42 200
[debug] [2026-03-19T03:22:46.014Z] <<< [apiv2][body] GET https://cloudresourcemanager.googleapis.com/v1/projects/gym-managment-10c42 {"projectNumber":"450500386725","projectId":"gym-managment-10c42","lifecycleState":"ACTIVE","name":"gym-managment","labels":{"firebase":"enabled","firebase-core":"disabled"},"createTime":"2026-01-13T02:10:19.850774Z"}
[info] i  functions: preparing codebase default for deployment 
[info] i  functions: ensuring required API cloudfunctions.googleapis.com is enabled... 
[info] i  functions: ensuring required API cloudbuild.googleapis.com is enabled... 
[info] i  artifactregistry: ensuring required API artifactregistry.googleapis.com is enabled... 
[debug] [2026-03-19T03:22:46.017Z] Checked if tokens are valid: true, expires at: 1773893735496
[debug] [2026-03-19T03:22:46.017Z] Checked if tokens are valid: true, expires at: 1773893735496
[debug] [2026-03-19T03:22:46.017Z] >>> [apiv2][query] GET https://firebase.googleapis.com/v1beta1/projects/gym-managment-10c42/adminSdkConfig [none]
[debug] [2026-03-19T03:22:46.423Z] <<< [apiv2][status] GET https://firebase.googleapis.com/v1beta1/projects/gym-managment-10c42/adminSdkConfig 200
[debug] [2026-03-19T03:22:46.423Z] <<< [apiv2][body] GET https://firebase.googleapis.com/v1beta1/projects/gym-managment-10c42/adminSdkConfig {"projectId":"gym-managment-10c42","storageBucket":"gym-managment-10c42.firebasestorage.app"}
[debug] [2026-03-19T03:22:46.424Z] Checked if tokens are valid: true, expires at: 1773893735496
[debug] [2026-03-19T03:22:46.425Z] Checked if tokens are valid: true, expires at: 1773893735496
[debug] [2026-03-19T03:22:46.425Z] >>> [apiv2][query] GET https://runtimeconfig.googleapis.com/v1beta1/projects/gym-managment-10c42/configs [none]
[debug] [2026-03-19T03:22:47.064Z] <<< [apiv2][status] GET https://runtimeconfig.googleapis.com/v1beta1/projects/gym-managment-10c42/configs 200
[debug] [2026-03-19T03:22:47.064Z] <<< [apiv2][body] GET https://runtimeconfig.googleapis.com/v1beta1/projects/gym-managment-10c42/configs {}
[debug] [2026-03-19T03:22:47.065Z] Validating nodejs source
[warn] ⚠  functions: Runtime Node.js 20 will be deprecated on 2026-04-30 and will be decommissioned on 2026-10-30, after which you will not be able to deploy without upgrading. Consider upgrading now to avoid disruption. See https://cloud.google.com/functions/docs/runtime-support for full details on the lifecycle policy 
[debug] [2026-03-19T03:22:47.697Z] > [functions] package.json contents: {
  "name": "functions",
  "description": "Cloud Functions for Firebase",
  "scripts": {
    "build": "tsc",
    "serve": "npm run build && firebase emulators:start --only functions",
    "shell": "npm run build && firebase functions:shell",
    "start": "npm run shell",
    "deploy": "firebase deploy --only functions",
    "logs": "firebase functions:log"
  },
  "engines": {
    "node": "20"
  },
  "main": "lib/index.js",
  "dependencies": {
    "firebase-admin": "^13.7.0",
    "firebase-functions": "^7.2.2",
    "nodemailer": "^6.9.0"
  },
  "devDependencies": {
    "@types/nodemailer": "^7.0.11",
    "firebase-functions-test": "^3.1.0",
    "typescript": "^5.0.0"
  },
  "private": true
}
[debug] [2026-03-19T03:22:47.697Z] Building nodejs source
[info] i  functions: Loading and analyzing source code for codebase default to determine what to deploy 
[debug] [2026-03-19T03:22:47.699Z] Could not find functions.yaml. Must use http discovery
[debug] [2026-03-19T03:22:47.707Z] Found firebase-functions binary at '/home/frecodev/Documentos/managment-gym/functions/node_modules/.bin/firebase-functions'
[info] Serving at port 8045

[debug] [2026-03-19T03:22:48.248Z] Got response from /__/functions.yaml {"endpoints":{"notifyNewReservation":{"availableMemoryMb":null,"timeoutSeconds":null,"minInstances":null,"maxInstances":null,"ingressSettings":null,"concurrency":null,"serviceAccountEmail":null,"vpc":null,"platform":"gcfv2","labels":{},"eventTrigger":{"eventType":"google.cloud.firestore.document.v1.created","eventFilters":{"database":"(default)","namespace":"(default)"},"eventFilterPathPatterns":{"document":"solicitudes_reserva/{docId}"},"retry":false},"entryPoint":"notifyNewReservation"}},"specVersion":"v1alpha1","requiredAPIs":[],"extensions":{}}
[info] i  extensions: ensuring required API firebaseextensions.googleapis.com is enabled... 
[debug] [2026-03-19T03:22:52.277Z] > command requires scopes: ["email","openid","https://www.googleapis.com/auth/cloudplatformprojects.readonly","https://www.googleapis.com/auth/firebase","https://www.googleapis.com/auth/cloud-platform"]
[debug] [2026-03-19T03:22:52.277Z] > authorizing via signed-in user (frecodev.1992@gmail.com)
[debug] [2026-03-19T03:22:52.277Z] [iam] checking project gym-managment-10c42 for permissions ["firebase.projects.get","firebaseextensions.instances.list"]
[debug] [2026-03-19T03:22:52.277Z] Checked if tokens are valid: true, expires at: 1773893735496
[debug] [2026-03-19T03:22:52.277Z] Checked if tokens are valid: true, expires at: 1773893735496
[debug] [2026-03-19T03:22:52.278Z] >>> [apiv2][query] POST https://cloudresourcemanager.googleapis.com/v1/projects/gym-managment-10c42:testIamPermissions [none]
[debug] [2026-03-19T03:22:52.278Z] >>> [apiv2][(partial)header] POST https://cloudresourcemanager.googleapis.com/v1/projects/gym-managment-10c42:testIamPermissions x-goog-quota-user=projects/gym-managment-10c42
[debug] [2026-03-19T03:22:52.278Z] >>> [apiv2][body] POST https://cloudresourcemanager.googleapis.com/v1/projects/gym-managment-10c42:testIamPermissions {"permissions":["firebase.projects.get","firebaseextensions.instances.list"]}
[debug] [2026-03-19T03:22:52.994Z] <<< [apiv2][status] POST https://cloudresourcemanager.googleapis.com/v1/projects/gym-managment-10c42:testIamPermissions 200
[debug] [2026-03-19T03:22:52.995Z] <<< [apiv2][body] POST https://cloudresourcemanager.googleapis.com/v1/projects/gym-managment-10c42:testIamPermissions {"permissions":["firebase.projects.get","firebaseextensions.instances.list"]}
[debug] [2026-03-19T03:22:52.995Z] Checked if tokens are valid: true, expires at: 1773893735496
[debug] [2026-03-19T03:22:52.995Z] Checked if tokens are valid: true, expires at: 1773893735496
[debug] [2026-03-19T03:22:52.996Z] >>> [apiv2][query] GET https://firebaseextensions.googleapis.com/v1beta/projects/gym-managment-10c42/instances pageSize=100&pageToken=
[debug] [2026-03-19T03:22:54.459Z] <<< [apiv2][status] GET https://firebaseextensions.googleapis.com/v1beta/projects/gym-managment-10c42/instances 200
[debug] [2026-03-19T03:22:54.460Z] <<< [apiv2][body] GET https://firebaseextensions.googleapis.com/v1beta/projects/gym-managment-10c42/instances {}
[info] i  functions: preparing functions directory for uploading... 
[info] i  functions: packaged /home/frecodev/Documentos/managment-gym/functions (75.18 KB) for uploading 
[debug] [2026-03-19T03:22:54.523Z] Checked if tokens are valid: true, expires at: 1773893735496
[debug] [2026-03-19T03:22:54.523Z] Checked if tokens are valid: true, expires at: 1773893735496
[debug] [2026-03-19T03:22:54.523Z] >>> [apiv2][query] GET https://cloudfunctions.googleapis.com/v1/projects/gym-managment-10c42/locations/-/functions [none]
[debug] [2026-03-19T03:22:55.389Z] <<< [apiv2][status] GET https://cloudfunctions.googleapis.com/v1/projects/gym-managment-10c42/locations/-/functions 200
[debug] [2026-03-19T03:22:55.389Z] <<< [apiv2][body] GET https://cloudfunctions.googleapis.com/v1/projects/gym-managment-10c42/locations/-/functions {}
[debug] [2026-03-19T03:22:55.389Z] Checked if tokens are valid: true, expires at: 1773893735496
[debug] [2026-03-19T03:22:55.389Z] Checked if tokens are valid: true, expires at: 1773893735496
[debug] [2026-03-19T03:22:55.390Z] >>> [apiv2][query] GET https://cloudfunctions.googleapis.com/v2/projects/gym-managment-10c42/locations/-/functions filter=environment%3D%22GEN_2%22
[debug] [2026-03-19T03:22:56.714Z] <<< [apiv2][status] GET https://cloudfunctions.googleapis.com/v2/projects/gym-managment-10c42/locations/-/functions 200
[debug] [2026-03-19T03:22:56.714Z] <<< [apiv2][body] GET https://cloudfunctions.googleapis.com/v2/projects/gym-managment-10c42/locations/-/functions {"functions":[{"name":"projects/gym-managment-10c42/locations/us-central1/functions/notifyNewReservation","buildConfig":{"build":"projects/450500386725/locations/us-central1/builds/b1a3b097-13e1-4f21-af66-1b0775e2fa15","runtime":"nodejs20","entryPoint":"notifyNewReservation","source":{"storageSource":{"bucket":"gcf-v2-sources-450500386725-us-central1","object":"notifyNewReservation/function-source.zip","generation":"1773888843617923"}},"environmentVariables":{"GOOGLE_NODE_RUN_SCRIPTS":""},"dockerRepository":"projects/gym-managment-10c42/locations/us-central1/repositories/gcf-artifacts","sourceProvenance":{"resolvedStorageSource":{"bucket":"gcf-v2-sources-450500386725-us-central1","object":"notifyNewReservation/function-source.zip","generation":"1773888843617923"}},"dockerRegistry":"ARTIFACT_REGISTRY","serviceAccount":"projects/gym-managment-10c42/serviceAccounts/450500386725-compute@developer.gserviceaccount.com","automaticUpdatePolicy":{}},"serviceConfig":{"service":"projects/gym-managment-10c42/locations/us-central1/services/notifynewreservation","timeoutSeconds":60,"environmentVariables":{"FIREBASE_CONFIG":"{\"projectId\":\"gym-managment-10c42\",\"storageBucket\":\"gym-managment-10c42.firebasestorage.app\"}","GCLOUD_PROJECT":"gym-managment-10c42","EVENTARC_CLOUD_EVENT_SOURCE":"projects/gym-managment-10c42/locations/us-central1/services/notifyNewReservation","FUNCTION_SIGNATURE_TYPE":"cloudevent","FUNCTION_TARGET":"notifyNewReservation","LOG_EXECUTION_ID":"true"},"ingressSettings":"ALLOW_ALL","uri":"https://notifynewreservation-76o3fxd6vq-uc.a.run.app","serviceAccountEmail":"450500386725-compute@developer.gserviceaccount.com","availableMemory":"256Mi","allTrafficOnLatestRevision":true,"revision":"notifynewreservation-00001-maz","maxInstanceRequestConcurrency":80,"availableCpu":"1"},"eventTrigger":{"trigger":"projects/gym-managment-10c42/locations/nam5/triggers/notifynewreservation-309454","triggerRegion":"nam5","eventType":"google.cloud.firestore.document.v1.created","eventFilters":[{"attribute":"namespace","value":"(default)"},{"attribute":"document","value":"solicitudes_reserva/{docId}","operator":"match-path-pattern"},{"attribute":"database","value":"(default)"}],"pubsubTopic":"projects/gym-managment-10c42/topics/eventarc-nam5-notifynewreservation-309454-462","serviceAccountEmail":"450500386725-compute@developer.gserviceaccount.com","retryPolicy":"RETRY_POLICY_DO_NOT_RETRY"},"state":"ACTIVE","updateTime":"2026-03-19T02:55:47.198297624Z","labels":{"deployment-tool":"cli-firebase","firebase-functions-hash":"bd2fce2e93a982f1f2476e2c5bd4237af21280e0"},"environment":"GEN_2","url":"https://us-central1-gym-managment-10c42.cloudfunctions.net/notifyNewReservation","createTime":"2026-03-19T02:54:04.252227810Z","satisfiesPzi":true}]}
[debug] [2026-03-19T03:22:56.718Z] Checked if tokens are valid: true, expires at: 1773893735496
[debug] [2026-03-19T03:22:56.718Z] Checked if tokens are valid: true, expires at: 1773893735496
[debug] [2026-03-19T03:22:56.718Z] >>> [apiv2][query] GET https://firestore.googleapis.com/v1/projects/gym-managment-10c42/databases/(default) [none]
[debug] [2026-03-19T03:22:58.069Z] <<< [apiv2][status] GET https://firestore.googleapis.com/v1/projects/gym-managment-10c42/databases/(default) 200
[debug] [2026-03-19T03:22:58.069Z] <<< [apiv2][body] GET https://firestore.googleapis.com/v1/projects/gym-managment-10c42/databases/(default) {"name":"projects/gym-managment-10c42/databases/(default)","uid":"7958cddb-0e60-40ae-9508-bb122f616196","createTime":"2026-01-13T02:17:41.928501Z","updateTime":"2026-01-13T02:17:41.928501Z","locationId":"nam5","type":"FIRESTORE_NATIVE","concurrencyMode":"PESSIMISTIC","versionRetentionPeriod":"3600s","earliestVersionTime":"2026-03-19T02:22:57.950934Z","appEngineIntegrationMode":"DISABLED","keyPrefix":"s","pointInTimeRecoveryEnablement":"POINT_IN_TIME_RECOVERY_DISABLED","deleteProtectionState":"DELETE_PROTECTION_DISABLED","databaseEdition":"STANDARD","freeTier":true,"realtimeUpdatesMode":"REALTIME_UPDATES_MODE_ENABLED","etag":"IL3Mk66Bq5MDMLn49cmn5pID"}
[info] i  functions: ensuring required API run.googleapis.com is enabled... 
[info] i  functions: ensuring required API eventarc.googleapis.com is enabled... 
[info] i  functions: ensuring required API pubsub.googleapis.com is enabled... 
[info] i  functions: ensuring required API storage.googleapis.com is enabled... 
[info] i  functions: generating the service identity for pubsub.googleapis.com... 
[debug] [2026-03-19T03:22:58.073Z] Checked if tokens are valid: true, expires at: 1773893735496
[debug] [2026-03-19T03:22:58.073Z] Checked if tokens are valid: true, expires at: 1773893735496
[info] i  functions: generating the service identity for eventarc.googleapis.com... 
[debug] [2026-03-19T03:22:58.073Z] Checked if tokens are valid: true, expires at: 1773893735496
[debug] [2026-03-19T03:22:58.073Z] Checked if tokens are valid: true, expires at: 1773893735496
[debug] [2026-03-19T03:22:58.074Z] >>> [apiv2][query] POST https://serviceusage.googleapis.com/v1beta1/projects/450500386725/services/pubsub.googleapis.com:generateServiceIdentity [none]
[debug] [2026-03-19T03:22:58.074Z] >>> [apiv2][(partial)header] POST https://serviceusage.googleapis.com/v1beta1/projects/450500386725/services/pubsub.googleapis.com:generateServiceIdentity x-goog-quota-user=projects/450500386725
[debug] [2026-03-19T03:22:58.074Z] >>> [apiv2][body] POST https://serviceusage.googleapis.com/v1beta1/projects/450500386725/services/pubsub.googleapis.com:generateServiceIdentity {}
[debug] [2026-03-19T03:22:58.076Z] >>> [apiv2][query] POST https://serviceusage.googleapis.com/v1beta1/projects/450500386725/services/eventarc.googleapis.com:generateServiceIdentity [none]
[debug] [2026-03-19T03:22:58.076Z] >>> [apiv2][(partial)header] POST https://serviceusage.googleapis.com/v1beta1/projects/450500386725/services/eventarc.googleapis.com:generateServiceIdentity x-goog-quota-user=projects/450500386725
[debug] [2026-03-19T03:22:58.077Z] >>> [apiv2][body] POST https://serviceusage.googleapis.com/v1beta1/projects/450500386725/services/eventarc.googleapis.com:generateServiceIdentity {}
[debug] [2026-03-19T03:22:59.069Z] <<< [apiv2][status] POST https://serviceusage.googleapis.com/v1beta1/projects/450500386725/services/pubsub.googleapis.com:generateServiceIdentity 200
[debug] [2026-03-19T03:22:59.069Z] <<< [apiv2][body] POST https://serviceusage.googleapis.com/v1beta1/projects/450500386725/services/pubsub.googleapis.com:generateServiceIdentity {"name":"operations/finished.DONE_OPERATION","done":true,"response":{"@type":"type.googleapis.com/google.api.serviceusage.v1beta1.ServiceIdentity","email":"service-450500386725@gcp-sa-pubsub.iam.gserviceaccount.com","uniqueId":"117448455176772287092"}}
[debug] [2026-03-19T03:22:59.216Z] <<< [apiv2][status] POST https://serviceusage.googleapis.com/v1beta1/projects/450500386725/services/eventarc.googleapis.com:generateServiceIdentity 200
[debug] [2026-03-19T03:22:59.216Z] <<< [apiv2][body] POST https://serviceusage.googleapis.com/v1beta1/projects/450500386725/services/eventarc.googleapis.com:generateServiceIdentity {"name":"operations/finished.DONE_OPERATION","done":true,"response":{"@type":"type.googleapis.com/google.api.serviceusage.v1beta1.ServiceIdentity","email":"service-450500386725@gcp-sa-eventarc.iam.gserviceaccount.com","uniqueId":"100107547673197276473"}}
[debug] [2026-03-19T03:22:59.219Z] Checked if tokens are valid: true, expires at: 1773893735496
[debug] [2026-03-19T03:22:59.220Z] Checked if tokens are valid: true, expires at: 1773893735496
[debug] [2026-03-19T03:22:59.220Z] >>> [apiv2][query] GET https://cloudresourcemanager.googleapis.com/v1/projects/gym-managment-10c42 [none]
[debug] [2026-03-19T03:23:00.019Z] <<< [apiv2][status] GET https://cloudresourcemanager.googleapis.com/v1/projects/gym-managment-10c42 200
[debug] [2026-03-19T03:23:00.019Z] <<< [apiv2][body] GET https://cloudresourcemanager.googleapis.com/v1/projects/gym-managment-10c42 {"projectNumber":"450500386725","projectId":"gym-managment-10c42","lifecycleState":"ACTIVE","name":"gym-managment","labels":{"firebase":"enabled","firebase-core":"disabled"},"createTime":"2026-01-13T02:10:19.850774Z"}
[debug] [2026-03-19T03:23:00.021Z] Checked if tokens are valid: true, expires at: 1773893735496
[debug] [2026-03-19T03:23:00.021Z] Checked if tokens are valid: true, expires at: 1773893735496
[debug] [2026-03-19T03:23:00.021Z] >>> [apiv2][query] GET https://compute.googleapis.com/compute/v1/projects/450500386725 [none]
[debug] [2026-03-19T03:23:00.434Z] <<< [apiv2][status] GET https://compute.googleapis.com/compute/v1/projects/450500386725 403
[debug] [2026-03-19T03:23:00.434Z] <<< [apiv2][body] GET https://compute.googleapis.com/compute/v1/projects/450500386725 {"error":{"code":403,"message":"Compute Engine API has not been used in project 450500386725 before or it is disabled. Enable it by visiting https://console.developers.google.com/apis/api/compute.googleapis.com/overview?project=450500386725 then retry. If you enabled this API recently, wait a few minutes for the action to propagate to our systems and retry.","errors":[{"message":"Compute Engine API has not been used in project 450500386725 before or it is disabled. Enable it by visiting https://console.developers.google.com/apis/api/compute.googleapis.com/overview?project=450500386725 then retry. If you enabled this API recently, wait a few minutes for the action to propagate to our systems and retry.","domain":"usageLimits","reason":"accessNotConfigured","extendedHelp":"https://console.developers.google.com"}],"status":"PERMISSION_DENIED","details":[{"@type":"type.googleapis.com/google.rpc.ErrorInfo","reason":"SERVICE_DISABLED","domain":"googleapis.com","metadata":{"consumer":"projects/450500386725","containerInfo":"450500386725","serviceTitle":"Compute Engine API","activationUrl":"https://console.developers.google.com/apis/api/compute.googleapis.com/overview?project=450500386725","service":"compute.googleapis.com"}},{"@type":"type.googleapis.com/google.rpc.LocalizedMessage","locale":"en-US","message":"Compute Engine API has not been used in project 450500386725 before or it is disabled. Enable it by visiting https://console.developers.google.com/apis/api/compute.googleapis.com/overview?project=450500386725 then retry. If you enabled this API recently, wait a few minutes for the action to propagate to our systems and retry."},{"@type":"type.googleapis.com/google.rpc.Help","links":[{"description":"Google developers console API activation","url":"https://console.developers.google.com/apis/api/compute.googleapis.com/overview?project=450500386725"}]}]}}
[debug] [2026-03-19T03:23:00.436Z] unable to look up default compute service account. Falling back to 450500386725-compute@developer.gserviceaccount.com. Error: {"name":"FirebaseError","children":[],"context":{"body":{"error":{"code":403,"message":"Compute Engine API has not been used in project 450500386725 before or it is disabled. Enable it by visiting https://console.developers.google.com/apis/api/compute.googleapis.com/overview?project=450500386725 then retry. If you enabled this API recently, wait a few minutes for the action to propagate to our systems and retry.","errors":[{"message":"Compute Engine API has not been used in project 450500386725 before or it is disabled. Enable it by visiting https://console.developers.google.com/apis/api/compute.googleapis.com/overview?project=450500386725 then retry. If you enabled this API recently, wait a few minutes for the action to propagate to our systems and retry.","domain":"usageLimits","reason":"accessNotConfigured","extendedHelp":"https://console.developers.google.com"}],"status":"PERMISSION_DENIED","details":[{"@type":"type.googleapis.com/google.rpc.ErrorInfo","reason":"SERVICE_DISABLED","domain":"googleapis.com","metadata":{"consumer":"projects/450500386725","containerInfo":"450500386725","serviceTitle":"Compute Engine API","activationUrl":"https://console.developers.google.com/apis/api/compute.googleapis.com/overview?project=450500386725","service":"compute.googleapis.com"}},{"@type":"type.googleapis.com/google.rpc.LocalizedMessage","locale":"en-US","message":"Compute Engine API has not been used in project 450500386725 before or it is disabled. Enable it by visiting https://console.developers.google.com/apis/api/compute.googleapis.com/overview?project=450500386725 then retry. If you enabled this API recently, wait a few minutes for the action to propagate to our systems and retry."},{"@type":"type.googleapis.com/google.rpc.Help","links":[{"description":"Google developers console API activation","url":"https://console.developers.google.com/apis/api/compute.googleapis.com/overview?project=450500386725"}]}]}},"response":{"statusCode":403}},"exit":1,"message":"Request to https://compute.googleapis.com/compute/v1/projects/450500386725 had HTTP Error: 403, Compute Engine API has not been used in project 450500386725 before or it is disabled. Enable it by visiting https://console.developers.google.com/apis/api/compute.googleapis.com/overview?project=450500386725 then retry. If you enabled this API recently, wait a few minutes for the action to propagate to our systems and retry.","status":403}
[debug] [2026-03-19T03:23:00.437Z] Checked if tokens are valid: true, expires at: 1773893735496
[debug] [2026-03-19T03:23:00.437Z] Checked if tokens are valid: true, expires at: 1773893735496
[debug] [2026-03-19T03:23:00.437Z] >>> [apiv2][query] GET https://cloudbilling.googleapis.com/v1/projects/gym-managment-10c42/billingInfo [none]
[debug] [2026-03-19T03:23:01.742Z] <<< [apiv2][status] GET https://cloudbilling.googleapis.com/v1/projects/gym-managment-10c42/billingInfo 200
[debug] [2026-03-19T03:23:01.743Z] <<< [apiv2][body] GET https://cloudbilling.googleapis.com/v1/projects/gym-managment-10c42/billingInfo {"name":"projects/gym-managment-10c42/billingInfo","projectId":"gym-managment-10c42","billingAccountName":"billingAccounts/01EE63-CC24B2-2CD726","billingEnabled":true}
[debug] [2026-03-19T03:23:01.744Z] Checked if tokens are valid: true, expires at: 1773893735496
[debug] [2026-03-19T03:23:01.744Z] Checked if tokens are valid: true, expires at: 1773893735496
[debug] [2026-03-19T03:23:01.745Z] >>> [apiv2][query] POST https://cloudfunctions.googleapis.com/v2/projects/gym-managment-10c42/locations/us-central1/functions:generateUploadUrl [none]
[debug] [2026-03-19T03:23:02.102Z] <<< [apiv2][status] POST https://cloudfunctions.googleapis.com/v2/projects/gym-managment-10c42/locations/us-central1/functions:generateUploadUrl 200
[debug] [2026-03-19T03:23:02.103Z] <<< [apiv2][body] POST https://cloudfunctions.googleapis.com/v2/projects/gym-managment-10c42/locations/us-central1/functions:generateUploadUrl {"uploadUrl":"https://storage.googleapis.com/gcf-v2-uploads-450500386725.us-central1.cloudfunctions.appspot.com/d9ee7622-7299-433f-93e0-f451367a2a0d.zip?GoogleAccessId=service-450500386725@gcf-admin-robot.iam.gserviceaccount.com&Expires=1773892381&Signature=Bd5oL7e6h5MPG9Vd0whmumBwF%2Bsz5Ev92BZgl8hDId9WiwWC5qrmBL5k2jVof69h5OGrGh9MK%2FhpTf6Ia8ncGy6MxvivtVqrmT7jwEifRzoIvmu7bsWiFJgt%2FE%2Fdq5LRKgLaXCRK3UAEd9uHt%2BuQyDcxX%2BSXdbrHQ%2F21FBjoWaismPBBKyKopWjOmL2uCWgSmnWmE9HEAHGc4mSErWyl7KbNW2oWIaRoNxPA3Jw9jNy43HRS%2FS%2BB9h89nzxH9t9s4Llx8zSuWirSu3q%2FKjYNKLnLKujAV8yFSv5oR9X8%2FrDFlmQ%2FrkiKb41sYTSN1JG7olzOmLFNWouBNZqvUUJTjg%3D%3D","storageSource":{"bucket":"gcf-v2-uploads-450500386725.us-central1.cloudfunctions.appspot.com","object":"d9ee7622-7299-433f-93e0-f451367a2a0d.zip"}}
[debug] [2026-03-19T03:23:02.104Z] >>> [apiv2][query] PUT https://storage.googleapis.com/gcf-v2-uploads-450500386725.us-central1.cloudfunctions.appspot.com/d9ee7622-7299-433f-93e0-f451367a2a0d.zip GoogleAccessId=service-450500386725%40gcf-admin-robot.iam.gserviceaccount.com&Expires=1773892381&Signature=Bd5oL7e6h5MPG9Vd0whmumBwF%2Bsz5Ev92BZgl8hDId9WiwWC5qrmBL5k2jVof69h5OGrGh9MK%2FhpTf6Ia8ncGy6MxvivtVqrmT7jwEifRzoIvmu7bsWiFJgt%2FE%2Fdq5LRKgLaXCRK3UAEd9uHt%2BuQyDcxX%2BSXdbrHQ%2F21FBjoWaismPBBKyKopWjOmL2uCWgSmnWmE9HEAHGc4mSErWyl7KbNW2oWIaRoNxPA3Jw9jNy43HRS%2FS%2BB9h89nzxH9t9s4Llx8zSuWirSu3q%2FKjYNKLnLKujAV8yFSv5oR9X8%2FrDFlmQ%2FrkiKb41sYTSN1JG7olzOmLFNWouBNZqvUUJTjg%3D%3D
[debug] [2026-03-19T03:23:02.104Z] >>> [apiv2][body] PUT https://storage.googleapis.com/gcf-v2-uploads-450500386725.us-central1.cloudfunctions.appspot.com/d9ee7622-7299-433f-93e0-f451367a2a0d.zip [stream]
[debug] [2026-03-19T03:23:02.668Z] <<< [apiv2][status] PUT https://storage.googleapis.com/gcf-v2-uploads-450500386725.us-central1.cloudfunctions.appspot.com/d9ee7622-7299-433f-93e0-f451367a2a0d.zip 200
[debug] [2026-03-19T03:23:02.668Z] <<< [apiv2][body] PUT https://storage.googleapis.com/gcf-v2-uploads-450500386725.us-central1.cloudfunctions.appspot.com/d9ee7622-7299-433f-93e0-f451367a2a0d.zip [omitted]
[info] ✔  functions: functions source uploaded successfully 
[info] i  functions: updating Node.js 20 (2nd Gen) function notifyNewReservation(us-central1)... 
[debug] [2026-03-19T03:23:02.676Z] Checked if tokens are valid: true, expires at: 1773893735496
[debug] [2026-03-19T03:23:02.676Z] Checked if tokens are valid: true, expires at: 1773893735496
[debug] [2026-03-19T03:23:02.676Z] >>> [apiv2][query] PATCH https://cloudfunctions.googleapis.com/v2/projects/gym-managment-10c42/locations/us-central1/functions/notifyNewReservation updateMask=name%2CbuildConfig.runtime%2CbuildConfig.entryPoint%2CbuildConfig.source.storageSource.bucket%2CbuildConfig.source.storageSource.object%2CbuildConfig.environmentVariables%2CbuildConfig.sourceToken%2CserviceConfig.environmentVariables%2CserviceConfig.ingressSettings%2CserviceConfig.timeoutSeconds%2CserviceConfig.serviceAccountEmail%2CserviceConfig.availableMemory%2CserviceConfig.minInstanceCount%2CserviceConfig.maxInstanceCount%2CserviceConfig.maxInstanceRequestConcurrency%2CserviceConfig.availableCpu%2CserviceConfig.vpcConnector%2CserviceConfig.vpcConnectorEgressSettings%2Clabels%2CeventTrigger.eventType%2CeventTrigger.retryPolicy%2CeventTrigger.eventFilters%2CeventTrigger.triggerRegion
[debug] [2026-03-19T03:23:02.676Z] >>> [apiv2][body] PATCH https://cloudfunctions.googleapis.com/v2/projects/gym-managment-10c42/locations/us-central1/functions/notifyNewReservation {"name":"projects/gym-managment-10c42/locations/us-central1/functions/notifyNewReservation","buildConfig":{"runtime":"nodejs20","entryPoint":"notifyNewReservation","source":{"storageSource":{"bucket":"gcf-v2-uploads-450500386725.us-central1.cloudfunctions.appspot.com","object":"d9ee7622-7299-433f-93e0-f451367a2a0d.zip"}},"environmentVariables":{"GOOGLE_NODE_RUN_SCRIPTS":""}},"serviceConfig":{"environmentVariables":{"FIREBASE_CONFIG":"{\"projectId\":\"gym-managment-10c42\",\"storageBucket\":\"gym-managment-10c42.firebasestorage.app\"}","GCLOUD_PROJECT":"gym-managment-10c42","EVENTARC_CLOUD_EVENT_SOURCE":"projects/gym-managment-10c42/locations/us-central1/services/notifyNewReservation","FUNCTION_SIGNATURE_TYPE":"cloudevent","FUNCTION_TARGET":"notifyNewReservation","LOG_EXECUTION_ID":"true"},"ingressSettings":null,"timeoutSeconds":null,"serviceAccountEmail":null,"availableMemory":"256Mi","minInstanceCount":null,"maxInstanceCount":null,"maxInstanceRequestConcurrency":80,"availableCpu":"1","vpcConnector":null,"vpcConnectorEgressSettings":null},"labels":{"deployment-tool":"cli-firebase","firebase-functions-hash":"5dbd205f4bd77f82692fb2a355b18c3b763b73a6"},"eventTrigger":{"eventType":"google.cloud.firestore.document.v1.created","retryPolicy":"RETRY_POLICY_DO_NOT_RETRY","eventFilters":[{"attribute":"database","value":"(default)"},{"attribute":"namespace","value":"(default)"},{"attribute":"document","value":"solicitudes_reserva/{docId}","operator":"match-path-pattern"}],"triggerRegion":"nam5"}}
[debug] [2026-03-19T03:23:04.529Z] <<< [apiv2][status] PATCH https://cloudfunctions.googleapis.com/v2/projects/gym-managment-10c42/locations/us-central1/functions/notifyNewReservation 200
[debug] [2026-03-19T03:23:04.529Z] <<< [apiv2][body] PATCH https://cloudfunctions.googleapis.com/v2/projects/gym-managment-10c42/locations/us-central1/functions/notifyNewReservation {"name":"projects/gym-managment-10c42/locations/us-central1/operations/operation-1773890583547-64d58161a4f02-222f8a6a-882dabc6","metadata":{"@type":"type.googleapis.com/google.cloud.functions.v2.OperationMetadata","createTime":"2026-03-19T03:23:04.404867361Z","target":"projects/gym-managment-10c42/locations/us-central1/functions/notifyNewReservation","verb":"update","cancelRequested":false,"apiVersion":"v2"},"done":false}
[debug] [2026-03-19T03:23:04.530Z] Checked if tokens are valid: true, expires at: 1773893735496
[debug] [2026-03-19T03:23:04.530Z] Checked if tokens are valid: true, expires at: 1773893735496
[debug] [2026-03-19T03:23:04.530Z] >>> [apiv2][query] GET https://cloudfunctions.googleapis.com/v2/projects/gym-managment-10c42/locations/us-central1/operations/operation-1773890583547-64d58161a4f02-222f8a6a-882dabc6 [none]
[debug] [2026-03-19T03:23:05.523Z] <<< [apiv2][status] GET https://cloudfunctions.googleapis.com/v2/projects/gym-managment-10c42/locations/us-central1/operations/operation-1773890583547-64d58161a4f02-222f8a6a-882dabc6 200
[debug] [2026-03-19T03:23:05.523Z] <<< [apiv2][body] GET https://cloudfunctions.googleapis.com/v2/projects/gym-managment-10c42/locations/us-central1/operations/operation-1773890583547-64d58161a4f02-222f8a6a-882dabc6 {"name":"projects/gym-managment-10c42/locations/us-central1/operations/operation-1773890583547-64d58161a4f02-222f8a6a-882dabc6","metadata":{"@type":"type.googleapis.com/google.cloud.functions.v2.OperationMetadata","createTime":"2026-03-19T03:23:04.404867361Z","target":"projects/gym-managment-10c42/locations/us-central1/functions/notifyNewReservation","verb":"update","cancelRequested":false,"apiVersion":"v2","requestResource":{"@type":"type.googleapis.com/google.cloud.functions.v2.Function","name":"projects/gym-managment-10c42/locations/us-central1/functions/notifyNewReservation","buildConfig":{"runtime":"nodejs20","entryPoint":"notifyNewReservation","source":{"storageSource":{"bucket":"gcf-v2-sources-450500386725-us-central1","object":"notifyNewReservation/function-source.zip","generation":"1773890584360085"}},"environmentVariables":{"GOOGLE_NODE_RUN_SCRIPTS":""},"dockerRepository":"projects/gym-managment-10c42/locations/us-central1/repositories/gcf-artifacts","sourceProvenance":{"resolvedStorageSource":{"bucket":"gcf-v2-sources-450500386725-us-central1","object":"notifyNewReservation/function-source.zip","generation":"1773888843617923"}},"dockerRegistry":"ARTIFACT_REGISTRY","serviceAccount":"projects/gym-managment-10c42/serviceAccounts/450500386725-compute@developer.gserviceaccount.com","automaticUpdatePolicy":{}},"serviceConfig":{"service":"projects/gym-managment-10c42/locations/us-central1/services/notifynewreservation","timeoutSeconds":60,"environmentVariables":{"FIREBASE_CONFIG":"{\"projectId\":\"gym-managment-10c42\",\"storageBucket\":\"gym-managment-10c42.firebasestorage.app\"}","GCLOUD_PROJECT":"gym-managment-10c42","EVENTARC_CLOUD_EVENT_SOURCE":"projects/gym-managment-10c42/locations/us-central1/services/notifyNewReservation","FUNCTION_SIGNATURE_TYPE":"cloudevent","FUNCTION_TARGET":"notifyNewReservation","LOG_EXECUTION_ID":"true"},"ingressSettings":"ALLOW_ALL","uri":"https://notifynewreservation-76o3fxd6vq-uc.a.run.app","serviceAccountEmail":"450500386725-compute@developer.gserviceaccount.com","availableMemory":"256Mi","allTrafficOnLatestRevision":true,"revision":"notifynewreservation-00001-maz","maxInstanceRequestConcurrency":80,"availableCpu":"1"},"eventTrigger":{"trigger":"projects/gym-managment-10c42/locations/nam5/triggers/notifynewreservation-309454","triggerRegion":"nam5","eventType":"google.cloud.firestore.document.v1.created","eventFilters":[{"attribute":"database","value":"(default)"},{"attribute":"namespace","value":"(default)"},{"attribute":"document","value":"solicitudes_reserva/{docId}","operator":"match-path-pattern"}],"pubsubTopic":"projects/gym-managment-10c42/topics/eventarc-nam5-notifynewreservation-309454-462","serviceAccountEmail":"450500386725-compute@developer.gserviceaccount.com","retryPolicy":"RETRY_POLICY_DO_NOT_RETRY"},"state":"ACTIVE","labels":{"deployment-tool":"cli-firebase","firebase-functions-hash":"5dbd205f4bd77f82692fb2a355b18c3b763b73a6"},"environment":"GEN_2","url":"https://us-central1-gym-managment-10c42.cloudfunctions.net/notifyNewReservation","satisfiesPzi":true},"stages":[{"name":"BUILD","message":"Build in progress","state":"IN_PROGRESS","resource":"projects/450500386725/locations/us-central1/builds/2e6a7d25-26aa-468f-9ba2-3841f2d03dd1","resourceUri":"https://console.cloud.google.com/cloud-build/builds;region=us-central1/2e6a7d25-26aa-468f-9ba2-3841f2d03dd1?project=450500386725"},{"name":"SERVICE","state":"NOT_STARTED"},{"name":"TRIGGER","state":"NOT_STARTED"}],"operationType":"UPDATE_FUNCTION","buildName":"projects/450500386725/locations/us-central1/builds/2e6a7d25-26aa-468f-9ba2-3841f2d03dd1"},"done":false}
[debug] [2026-03-19T03:23:06.025Z] [update-default-us-central1-notifyNewReservation] Retrying task index 0
[debug] [2026-03-19T03:23:06.025Z] Checked if tokens are valid: true, expires at: 1773893735496
[debug] [2026-03-19T03:23:06.025Z] Checked if tokens are valid: true, expires at: 1773893735496
[debug] [2026-03-19T03:23:06.025Z] >>> [apiv2][query] GET https://cloudfunctions.googleapis.com/v2/projects/gym-managment-10c42/locations/us-central1/operations/operation-1773890583547-64d58161a4f02-222f8a6a-882dabc6 [none]
[debug] [2026-03-19T03:23:06.920Z] <<< [apiv2][status] GET https://cloudfunctions.googleapis.com/v2/projects/gym-managment-10c42/locations/us-central1/operations/operation-1773890583547-64d58161a4f02-222f8a6a-882dabc6 200
[debug] [2026-03-19T03:23:06.920Z] <<< [apiv2][body] GET https://cloudfunctions.googleapis.com/v2/projects/gym-managment-10c42/locations/us-central1/operations/operation-1773890583547-64d58161a4f02-222f8a6a-882dabc6 {"name":"projects/gym-managment-10c42/locations/us-central1/operations/operation-1773890583547-64d58161a4f02-222f8a6a-882dabc6","metadata":{"@type":"type.googleapis.com/google.cloud.functions.v2.OperationMetadata","createTime":"2026-03-19T03:23:04.404867361Z","target":"projects/gym-managment-10c42/locations/us-central1/functions/notifyNewReservation","verb":"update","cancelRequested":false,"apiVersion":"v2","requestResource":{"@type":"type.googleapis.com/google.cloud.functions.v2.Function","name":"projects/gym-managment-10c42/locations/us-central1/functions/notifyNewReservation","buildConfig":{"runtime":"nodejs20","entryPoint":"notifyNewReservation","source":{"storageSource":{"bucket":"gcf-v2-sources-450500386725-us-central1","object":"notifyNewReservation/function-source.zip","generation":"1773890584360085"}},"environmentVariables":{"GOOGLE_NODE_RUN_SCRIPTS":""},"dockerRepository":"projects/gym-managment-10c42/locations/us-central1/repositories/gcf-artifacts","sourceProvenance":{"resolvedStorageSource":{"bucket":"gcf-v2-sources-450500386725-us-central1","object":"notifyNewReservation/function-source.zip","generation":"1773888843617923"}},"dockerRegistry":"ARTIFACT_REGISTRY","serviceAccount":"projects/gym-managment-10c42/serviceAccounts/450500386725-compute@developer.gserviceaccount.com","automaticUpdatePolicy":{}},"serviceConfig":{"service":"projects/gym-managment-10c42/locations/us-central1/services/notifynewreservation","timeoutSeconds":60,"environmentVariables":{"FIREBASE_CONFIG":"{\"projectId\":\"gym-managment-10c42\",\"storageBucket\":\"gym-managment-10c42.firebasestorage.app\"}","GCLOUD_PROJECT":"gym-managment-10c42","EVENTARC_CLOUD_EVENT_SOURCE":"projects/gym-managment-10c42/locations/us-central1/services/notifyNewReservation","FUNCTION_SIGNATURE_TYPE":"cloudevent","FUNCTION_TARGET":"notifyNewReservation","LOG_EXECUTION_ID":"true"},"ingressSettings":"ALLOW_ALL","uri":"https://notifynewreservation-76o3fxd6vq-uc.a.run.app","serviceAccountEmail":"450500386725-compute@developer.gserviceaccount.com","availableMemory":"256Mi","allTrafficOnLatestRevision":true,"revision":"notifynewreservation-00001-maz","maxInstanceRequestConcurrency":80,"availableCpu":"1"},"eventTrigger":{"trigger":"projects/gym-managment-10c42/locations/nam5/triggers/notifynewreservation-309454","triggerRegion":"nam5","eventType":"google.cloud.firestore.document.v1.created","eventFilters":[{"attribute":"database","value":"(default)"},{"attribute":"namespace","value":"(default)"},{"attribute":"document","value":"solicitudes_reserva/{docId}","operator":"match-path-pattern"}],"pubsubTopic":"projects/gym-managment-10c42/topics/eventarc-nam5-notifynewreservation-309454-462","serviceAccountEmail":"450500386725-compute@developer.gserviceaccount.com","retryPolicy":"RETRY_POLICY_DO_NOT_RETRY"},"state":"ACTIVE","labels":{"deployment-tool":"cli-firebase","firebase-functions-hash":"5dbd205f4bd77f82692fb2a355b18c3b763b73a6"},"environment":"GEN_2","url":"https://us-central1-gym-managment-10c42.cloudfunctions.net/notifyNewReservation","satisfiesPzi":true},"stages":[{"name":"BUILD","message":"Build in progress","state":"IN_PROGRESS","resource":"projects/450500386725/locations/us-central1/builds/2e6a7d25-26aa-468f-9ba2-3841f2d03dd1","resourceUri":"https://console.cloud.google.com/cloud-build/builds;region=us-central1/2e6a7d25-26aa-468f-9ba2-3841f2d03dd1?project=450500386725"},{"name":"SERVICE","state":"NOT_STARTED"},{"name":"TRIGGER","state":"NOT_STARTED"}],"operationType":"UPDATE_FUNCTION","buildName":"projects/450500386725/locations/us-central1/builds/2e6a7d25-26aa-468f-9ba2-3841f2d03dd1"},"done":false}
[debug] [2026-03-19T03:23:07.921Z] [update-default-us-central1-notifyNewReservation] Retrying task index 0
[debug] [2026-03-19T03:23:07.921Z] Checked if tokens are valid: true, expires at: 1773893735496
[debug] [2026-03-19T03:23:07.921Z] Checked if tokens are valid: true, expires at: 1773893735496
[debug] [2026-03-19T03:23:07.922Z] >>> [apiv2][query] GET https://cloudfunctions.googleapis.com/v2/projects/gym-managment-10c42/locations/us-central1/operations/operation-1773890583547-64d58161a4f02-222f8a6a-882dabc6 [none]
[debug] [2026-03-19T03:23:08.841Z] <<< [apiv2][status] GET https://cloudfunctions.googleapis.com/v2/projects/gym-managment-10c42/locations/us-central1/operations/operation-1773890583547-64d58161a4f02-222f8a6a-882dabc6 200
[debug] [2026-03-19T03:23:08.841Z] <<< [apiv2][body] GET https://cloudfunctions.googleapis.com/v2/projects/gym-managment-10c42/locations/us-central1/operations/operation-1773890583547-64d58161a4f02-222f8a6a-882dabc6 {"name":"projects/gym-managment-10c42/locations/us-central1/operations/operation-1773890583547-64d58161a4f02-222f8a6a-882dabc6","metadata":{"@type":"type.googleapis.com/google.cloud.functions.v2.OperationMetadata","createTime":"2026-03-19T03:23:04.404867361Z","target":"projects/gym-managment-10c42/locations/us-central1/functions/notifyNewReservation","verb":"update","cancelRequested":false,"apiVersion":"v2","requestResource":{"@type":"type.googleapis.com/google.cloud.functions.v2.Function","name":"projects/gym-managment-10c42/locations/us-central1/functions/notifyNewReservation","buildConfig":{"runtime":"nodejs20","entryPoint":"notifyNewReservation","source":{"storageSource":{"bucket":"gcf-v2-sources-450500386725-us-central1","object":"notifyNewReservation/function-source.zip","generation":"1773890584360085"}},"environmentVariables":{"GOOGLE_NODE_RUN_SCRIPTS":""},"dockerRepository":"projects/gym-managment-10c42/locations/us-central1/repositories/gcf-artifacts","sourceProvenance":{"resolvedStorageSource":{"bucket":"gcf-v2-sources-450500386725-us-central1","object":"notifyNewReservation/function-source.zip","generation":"1773888843617923"}},"dockerRegistry":"ARTIFACT_REGISTRY","serviceAccount":"projects/gym-managment-10c42/serviceAccounts/450500386725-compute@developer.gserviceaccount.com","automaticUpdatePolicy":{}},"serviceConfig":{"service":"projects/gym-managment-10c42/locations/us-central1/services/notifynewreservation","timeoutSeconds":60,"environmentVariables":{"FIREBASE_CONFIG":"{\"projectId\":\"gym-managment-10c42\",\"storageBucket\":\"gym-managment-10c42.firebasestorage.app\"}","GCLOUD_PROJECT":"gym-managment-10c42","EVENTARC_CLOUD_EVENT_SOURCE":"projects/gym-managment-10c42/locations/us-central1/services/notifyNewReservation","FUNCTION_SIGNATURE_TYPE":"cloudevent","FUNCTION_TARGET":"notifyNewReservation","LOG_EXECUTION_ID":"true"},"ingressSettings":"ALLOW_ALL","uri":"https://notifynewreservation-76o3fxd6vq-uc.a.run.app","serviceAccountEmail":"450500386725-compute@developer.gserviceaccount.com","availableMemory":"256Mi","allTrafficOnLatestRevision":true,"revision":"notifynewreservation-00001-maz","maxInstanceRequestConcurrency":80,"availableCpu":"1"},"eventTrigger":{"trigger":"projects/gym-managment-10c42/locations/nam5/triggers/notifynewreservation-309454","triggerRegion":"nam5","eventType":"google.cloud.firestore.document.v1.created","eventFilters":[{"attribute":"database","value":"(default)"},{"attribute":"namespace","value":"(default)"},{"attribute":"document","value":"solicitudes_reserva/{docId}","operator":"match-path-pattern"}],"pubsubTopic":"projects/gym-managment-10c42/topics/eventarc-nam5-notifynewreservation-309454-462","serviceAccountEmail":"450500386725-compute@developer.gserviceaccount.com","retryPolicy":"RETRY_POLICY_DO_NOT_RETRY"},"state":"ACTIVE","labels":{"deployment-tool":"cli-firebase","firebase-functions-hash":"5dbd205f4bd77f82692fb2a355b18c3b763b73a6"},"environment":"GEN_2","url":"https://us-central1-gym-managment-10c42.cloudfunctions.net/notifyNewReservation","satisfiesPzi":true},"stages":[{"name":"BUILD","message":"Build in progress","state":"IN_PROGRESS","resource":"projects/450500386725/locations/us-central1/builds/2e6a7d25-26aa-468f-9ba2-3841f2d03dd1","resourceUri":"https://console.cloud.google.com/cloud-build/builds;region=us-central1/2e6a7d25-26aa-468f-9ba2-3841f2d03dd1?project=450500386725"},{"name":"SERVICE","state":"NOT_STARTED"},{"name":"TRIGGER","state":"NOT_STARTED"}],"operationType":"UPDATE_FUNCTION","buildName":"projects/450500386725/locations/us-central1/builds/2e6a7d25-26aa-468f-9ba2-3841f2d03dd1"},"done":false}
[debug] [2026-03-19T03:23:10.843Z] [update-default-us-central1-notifyNewReservation] Retrying task index 0
[debug] [2026-03-19T03:23:10.844Z] Checked if tokens are valid: true, expires at: 1773893735496
[debug] [2026-03-19T03:23:10.844Z] Checked if tokens are valid: true, expires at: 1773893735496
[debug] [2026-03-19T03:23:10.844Z] >>> [apiv2][query] GET https://cloudfunctions.googleapis.com/v2/projects/gym-managment-10c42/locations/us-central1/operations/operation-1773890583547-64d58161a4f02-222f8a6a-882dabc6 [none]
[debug] [2026-03-19T03:23:11.201Z] <<< [apiv2][status] GET https://cloudfunctions.googleapis.com/v2/projects/gym-managment-10c42/locations/us-central1/operations/operation-1773890583547-64d58161a4f02-222f8a6a-882dabc6 200
[debug] [2026-03-19T03:23:11.201Z] <<< [apiv2][body] GET https://cloudfunctions.googleapis.com/v2/projects/gym-managment-10c42/locations/us-central1/operations/operation-1773890583547-64d58161a4f02-222f8a6a-882dabc6 {"name":"projects/gym-managment-10c42/locations/us-central1/operations/operation-1773890583547-64d58161a4f02-222f8a6a-882dabc6","metadata":{"@type":"type.googleapis.com/google.cloud.functions.v2.OperationMetadata","createTime":"2026-03-19T03:23:04.404867361Z","target":"projects/gym-managment-10c42/locations/us-central1/functions/notifyNewReservation","verb":"update","cancelRequested":false,"apiVersion":"v2","requestResource":{"@type":"type.googleapis.com/google.cloud.functions.v2.Function","name":"projects/gym-managment-10c42/locations/us-central1/functions/notifyNewReservation","buildConfig":{"runtime":"nodejs20","entryPoint":"notifyNewReservation","source":{"storageSource":{"bucket":"gcf-v2-sources-450500386725-us-central1","object":"notifyNewReservation/function-source.zip","generation":"1773890584360085"}},"environmentVariables":{"GOOGLE_NODE_RUN_SCRIPTS":""},"dockerRepository":"projects/gym-managment-10c42/locations/us-central1/repositories/gcf-artifacts","sourceProvenance":{"resolvedStorageSource":{"bucket":"gcf-v2-sources-450500386725-us-central1","object":"notifyNewReservation/function-source.zip","generation":"1773888843617923"}},"dockerRegistry":"ARTIFACT_REGISTRY","serviceAccount":"projects/gym-managment-10c42/serviceAccounts/450500386725-compute@developer.gserviceaccount.com","automaticUpdatePolicy":{}},"serviceConfig":{"service":"projects/gym-managment-10c42/locations/us-central1/services/notifynewreservation","timeoutSeconds":60,"environmentVariables":{"FIREBASE_CONFIG":"{\"projectId\":\"gym-managment-10c42\",\"storageBucket\":\"gym-managment-10c42.firebasestorage.app\"}","GCLOUD_PROJECT":"gym-managment-10c42","EVENTARC_CLOUD_EVENT_SOURCE":"projects/gym-managment-10c42/locations/us-central1/services/notifyNewReservation","FUNCTION_SIGNATURE_TYPE":"cloudevent","FUNCTION_TARGET":"notifyNewReservation","LOG_EXECUTION_ID":"true"},"ingressSettings":"ALLOW_ALL","uri":"https://notifynewreservation-76o3fxd6vq-uc.a.run.app","serviceAccountEmail":"450500386725-compute@developer.gserviceaccount.com","availableMemory":"256Mi","allTrafficOnLatestRevision":true,"revision":"notifynewreservation-00001-maz","maxInstanceRequestConcurrency":80,"availableCpu":"1"},"eventTrigger":{"trigger":"projects/gym-managment-10c42/locations/nam5/triggers/notifynewreservation-309454","triggerRegion":"nam5","eventType":"google.cloud.firestore.document.v1.created","eventFilters":[{"attribute":"database","value":"(default)"},{"attribute":"namespace","value":"(default)"},{"attribute":"document","value":"solicitudes_reserva/{docId}","operator":"match-path-pattern"}],"pubsubTopic":"projects/gym-managment-10c42/topics/eventarc-nam5-notifynewreservation-309454-462","serviceAccountEmail":"450500386725-compute@developer.gserviceaccount.com","retryPolicy":"RETRY_POLICY_DO_NOT_RETRY"},"state":"ACTIVE","labels":{"deployment-tool":"cli-firebase","firebase-functions-hash":"5dbd205f4bd77f82692fb2a355b18c3b763b73a6"},"environment":"GEN_2","url":"https://us-central1-gym-managment-10c42.cloudfunctions.net/notifyNewReservation","satisfiesPzi":true},"stages":[{"name":"BUILD","message":"Build in progress","state":"IN_PROGRESS","resource":"projects/450500386725/locations/us-central1/builds/2e6a7d25-26aa-468f-9ba2-3841f2d03dd1","resourceUri":"https://console.cloud.google.com/cloud-build/builds;region=us-central1/2e6a7d25-26aa-468f-9ba2-3841f2d03dd1?project=450500386725"},{"name":"SERVICE","state":"NOT_STARTED"},{"name":"TRIGGER","state":"NOT_STARTED"}],"operationType":"UPDATE_FUNCTION","buildName":"projects/450500386725/locations/us-central1/builds/2e6a7d25-26aa-468f-9ba2-3841f2d03dd1"},"done":false}
[debug] [2026-03-19T03:23:15.204Z] [update-default-us-central1-notifyNewReservation] Retrying task index 0
[debug] [2026-03-19T03:23:15.205Z] Checked if tokens are valid: true, expires at: 1773893735496
[debug] [2026-03-19T03:23:15.205Z] Checked if tokens are valid: true, expires at: 1773893735496
[debug] [2026-03-19T03:23:15.205Z] >>> [apiv2][query] GET https://cloudfunctions.googleapis.com/v2/projects/gym-managment-10c42/locations/us-central1/operations/operation-1773890583547-64d58161a4f02-222f8a6a-882dabc6 [none]
[debug] [2026-03-19T03:23:16.172Z] <<< [apiv2][status] GET https://cloudfunctions.googleapis.com/v2/projects/gym-managment-10c42/locations/us-central1/operations/operation-1773890583547-64d58161a4f02-222f8a6a-882dabc6 200
[debug] [2026-03-19T03:23:16.174Z] <<< [apiv2][body] GET https://cloudfunctions.googleapis.com/v2/projects/gym-managment-10c42/locations/us-central1/operations/operation-1773890583547-64d58161a4f02-222f8a6a-882dabc6 {"name":"projects/gym-managment-10c42/locations/us-central1/operations/operation-1773890583547-64d58161a4f02-222f8a6a-882dabc6","metadata":{"@type":"type.googleapis.com/google.cloud.functions.v2.OperationMetadata","createTime":"2026-03-19T03:23:04.404867361Z","target":"projects/gym-managment-10c42/locations/us-central1/functions/notifyNewReservation","verb":"update","cancelRequested":false,"apiVersion":"v2","requestResource":{"@type":"type.googleapis.com/google.cloud.functions.v2.Function","name":"projects/gym-managment-10c42/locations/us-central1/functions/notifyNewReservation","buildConfig":{"runtime":"nodejs20","entryPoint":"notifyNewReservation","source":{"storageSource":{"bucket":"gcf-v2-sources-450500386725-us-central1","object":"notifyNewReservation/function-source.zip","generation":"1773890584360085"}},"environmentVariables":{"GOOGLE_NODE_RUN_SCRIPTS":""},"dockerRepository":"projects/gym-managment-10c42/locations/us-central1/repositories/gcf-artifacts","sourceProvenance":{"resolvedStorageSource":{"bucket":"gcf-v2-sources-450500386725-us-central1","object":"notifyNewReservation/function-source.zip","generation":"1773888843617923"}},"dockerRegistry":"ARTIFACT_REGISTRY","serviceAccount":"projects/gym-managment-10c42/serviceAccounts/450500386725-compute@developer.gserviceaccount.com","automaticUpdatePolicy":{}},"serviceConfig":{"service":"projects/gym-managment-10c42/locations/us-central1/services/notifynewreservation","timeoutSeconds":60,"environmentVariables":{"FIREBASE_CONFIG":"{\"projectId\":\"gym-managment-10c42\",\"storageBucket\":\"gym-managment-10c42.firebasestorage.app\"}","GCLOUD_PROJECT":"gym-managment-10c42","EVENTARC_CLOUD_EVENT_SOURCE":"projects/gym-managment-10c42/locations/us-central1/services/notifyNewReservation","FUNCTION_SIGNATURE_TYPE":"cloudevent","FUNCTION_TARGET":"notifyNewReservation","LOG_EXECUTION_ID":"true"},"ingressSettings":"ALLOW_ALL","uri":"https://notifynewreservation-76o3fxd6vq-uc.a.run.app","serviceAccountEmail":"450500386725-compute@developer.gserviceaccount.com","availableMemory":"256Mi","allTrafficOnLatestRevision":true,"revision":"notifynewreservation-00001-maz","maxInstanceRequestConcurrency":80,"availableCpu":"1"},"eventTrigger":{"trigger":"projects/gym-managment-10c42/locations/nam5/triggers/notifynewreservation-309454","triggerRegion":"nam5","eventType":"google.cloud.firestore.document.v1.created","eventFilters":[{"attribute":"database","value":"(default)"},{"attribute":"namespace","value":"(default)"},{"attribute":"document","value":"solicitudes_reserva/{docId}","operator":"match-path-pattern"}],"pubsubTopic":"projects/gym-managment-10c42/topics/eventarc-nam5-notifynewreservation-309454-462","serviceAccountEmail":"450500386725-compute@developer.gserviceaccount.com","retryPolicy":"RETRY_POLICY_DO_NOT_RETRY"},"state":"ACTIVE","labels":{"deployment-tool":"cli-firebase","firebase-functions-hash":"5dbd205f4bd77f82692fb2a355b18c3b763b73a6"},"environment":"GEN_2","url":"https://us-central1-gym-managment-10c42.cloudfunctions.net/notifyNewReservation","satisfiesPzi":true},"stages":[{"name":"BUILD","message":"Build in progress","state":"IN_PROGRESS","resource":"projects/450500386725/locations/us-central1/builds/2e6a7d25-26aa-468f-9ba2-3841f2d03dd1","resourceUri":"https://console.cloud.google.com/cloud-build/builds;region=us-central1/2e6a7d25-26aa-468f-9ba2-3841f2d03dd1?project=450500386725"},{"name":"SERVICE","state":"NOT_STARTED"},{"name":"TRIGGER","state":"NOT_STARTED"}],"operationType":"UPDATE_FUNCTION","buildName":"projects/450500386725/locations/us-central1/builds/2e6a7d25-26aa-468f-9ba2-3841f2d03dd1"},"done":false}
[debug] [2026-03-19T03:23:24.176Z] [update-default-us-central1-notifyNewReservation] Retrying task index 0
[debug] [2026-03-19T03:23:24.177Z] Checked if tokens are valid: true, expires at: 1773893735496
[debug] [2026-03-19T03:23:24.177Z] Checked if tokens are valid: true, expires at: 1773893735496
[debug] [2026-03-19T03:23:24.177Z] >>> [apiv2][query] GET https://cloudfunctions.googleapis.com/v2/projects/gym-managment-10c42/locations/us-central1/operations/operation-1773890583547-64d58161a4f02-222f8a6a-882dabc6 [none]
[debug] [2026-03-19T03:23:25.247Z] <<< [apiv2][status] GET https://cloudfunctions.googleapis.com/v2/projects/gym-managment-10c42/locations/us-central1/operations/operation-1773890583547-64d58161a4f02-222f8a6a-882dabc6 200
[debug] [2026-03-19T03:23:25.247Z] <<< [apiv2][body] GET https://cloudfunctions.googleapis.com/v2/projects/gym-managment-10c42/locations/us-central1/operations/operation-1773890583547-64d58161a4f02-222f8a6a-882dabc6 {"name":"projects/gym-managment-10c42/locations/us-central1/operations/operation-1773890583547-64d58161a4f02-222f8a6a-882dabc6","metadata":{"@type":"type.googleapis.com/google.cloud.functions.v2.OperationMetadata","createTime":"2026-03-19T03:23:04.404867361Z","target":"projects/gym-managment-10c42/locations/us-central1/functions/notifyNewReservation","verb":"update","cancelRequested":false,"apiVersion":"v2","requestResource":{"@type":"type.googleapis.com/google.cloud.functions.v2.Function","name":"projects/gym-managment-10c42/locations/us-central1/functions/notifyNewReservation","buildConfig":{"runtime":"nodejs20","entryPoint":"notifyNewReservation","source":{"storageSource":{"bucket":"gcf-v2-sources-450500386725-us-central1","object":"notifyNewReservation/function-source.zip","generation":"1773890584360085"}},"environmentVariables":{"GOOGLE_NODE_RUN_SCRIPTS":""},"dockerRepository":"projects/gym-managment-10c42/locations/us-central1/repositories/gcf-artifacts","sourceProvenance":{"resolvedStorageSource":{"bucket":"gcf-v2-sources-450500386725-us-central1","object":"notifyNewReservation/function-source.zip","generation":"1773888843617923"}},"dockerRegistry":"ARTIFACT_REGISTRY","serviceAccount":"projects/gym-managment-10c42/serviceAccounts/450500386725-compute@developer.gserviceaccount.com","automaticUpdatePolicy":{}},"serviceConfig":{"service":"projects/gym-managment-10c42/locations/us-central1/services/notifynewreservation","timeoutSeconds":60,"environmentVariables":{"FIREBASE_CONFIG":"{\"projectId\":\"gym-managment-10c42\",\"storageBucket\":\"gym-managment-10c42.firebasestorage.app\"}","GCLOUD_PROJECT":"gym-managment-10c42","EVENTARC_CLOUD_EVENT_SOURCE":"projects/gym-managment-10c42/locations/us-central1/services/notifyNewReservation","FUNCTION_SIGNATURE_TYPE":"cloudevent","FUNCTION_TARGET":"notifyNewReservation","LOG_EXECUTION_ID":"true"},"ingressSettings":"ALLOW_ALL","uri":"https://notifynewreservation-76o3fxd6vq-uc.a.run.app","serviceAccountEmail":"450500386725-compute@developer.gserviceaccount.com","availableMemory":"256Mi","allTrafficOnLatestRevision":true,"revision":"notifynewreservation-00001-maz","maxInstanceRequestConcurrency":80,"availableCpu":"1"},"eventTrigger":{"trigger":"projects/gym-managment-10c42/locations/nam5/triggers/notifynewreservation-309454","triggerRegion":"nam5","eventType":"google.cloud.firestore.document.v1.created","eventFilters":[{"attribute":"database","value":"(default)"},{"attribute":"namespace","value":"(default)"},{"attribute":"document","value":"solicitudes_reserva/{docId}","operator":"match-path-pattern"}],"pubsubTopic":"projects/gym-managment-10c42/topics/eventarc-nam5-notifynewreservation-309454-462","serviceAccountEmail":"450500386725-compute@developer.gserviceaccount.com","retryPolicy":"RETRY_POLICY_DO_NOT_RETRY"},"state":"ACTIVE","labels":{"deployment-tool":"cli-firebase","firebase-functions-hash":"5dbd205f4bd77f82692fb2a355b18c3b763b73a6"},"environment":"GEN_2","url":"https://us-central1-gym-managment-10c42.cloudfunctions.net/notifyNewReservation","satisfiesPzi":true},"stages":[{"name":"BUILD","message":"Build in progress","state":"IN_PROGRESS","resource":"projects/450500386725/locations/us-central1/builds/2e6a7d25-26aa-468f-9ba2-3841f2d03dd1","resourceUri":"https://console.cloud.google.com/cloud-build/builds;region=us-central1/2e6a7d25-26aa-468f-9ba2-3841f2d03dd1?project=450500386725"},{"name":"SERVICE","state":"NOT_STARTED"},{"name":"TRIGGER","state":"NOT_STARTED"}],"operationType":"UPDATE_FUNCTION","buildName":"projects/450500386725/locations/us-central1/builds/2e6a7d25-26aa-468f-9ba2-3841f2d03dd1"},"done":false}
[debug] [2026-03-19T03:23:35.248Z] [update-default-us-central1-notifyNewReservation] Retrying task index 0
[debug] [2026-03-19T03:23:35.249Z] Checked if tokens are valid: true, expires at: 1773893735496
[debug] [2026-03-19T03:23:35.249Z] Checked if tokens are valid: true, expires at: 1773893735496
[debug] [2026-03-19T03:23:35.250Z] >>> [apiv2][query] GET https://cloudfunctions.googleapis.com/v2/projects/gym-managment-10c42/locations/us-central1/operations/operation-1773890583547-64d58161a4f02-222f8a6a-882dabc6 [none]
[debug] [2026-03-19T03:23:35.561Z] <<< [apiv2][status] GET https://cloudfunctions.googleapis.com/v2/projects/gym-managment-10c42/locations/us-central1/operations/operation-1773890583547-64d58161a4f02-222f8a6a-882dabc6 200
[debug] [2026-03-19T03:23:35.561Z] <<< [apiv2][body] GET https://cloudfunctions.googleapis.com/v2/projects/gym-managment-10c42/locations/us-central1/operations/operation-1773890583547-64d58161a4f02-222f8a6a-882dabc6 {"name":"projects/gym-managment-10c42/locations/us-central1/operations/operation-1773890583547-64d58161a4f02-222f8a6a-882dabc6","metadata":{"@type":"type.googleapis.com/google.cloud.functions.v2.OperationMetadata","createTime":"2026-03-19T03:23:04.404867361Z","target":"projects/gym-managment-10c42/locations/us-central1/functions/notifyNewReservation","verb":"update","cancelRequested":false,"apiVersion":"v2","requestResource":{"@type":"type.googleapis.com/google.cloud.functions.v2.Function","name":"projects/gym-managment-10c42/locations/us-central1/functions/notifyNewReservation","buildConfig":{"runtime":"nodejs20","entryPoint":"notifyNewReservation","source":{"storageSource":{"bucket":"gcf-v2-sources-450500386725-us-central1","object":"notifyNewReservation/function-source.zip","generation":"1773890584360085"}},"environmentVariables":{"GOOGLE_NODE_RUN_SCRIPTS":""},"dockerRepository":"projects/gym-managment-10c42/locations/us-central1/repositories/gcf-artifacts","sourceProvenance":{"resolvedStorageSource":{"bucket":"gcf-v2-sources-450500386725-us-central1","object":"notifyNewReservation/function-source.zip","generation":"1773888843617923"}},"dockerRegistry":"ARTIFACT_REGISTRY","serviceAccount":"projects/gym-managment-10c42/serviceAccounts/450500386725-compute@developer.gserviceaccount.com","automaticUpdatePolicy":{}},"serviceConfig":{"service":"projects/gym-managment-10c42/locations/us-central1/services/notifynewreservation","timeoutSeconds":60,"environmentVariables":{"FIREBASE_CONFIG":"{\"projectId\":\"gym-managment-10c42\",\"storageBucket\":\"gym-managment-10c42.firebasestorage.app\"}","GCLOUD_PROJECT":"gym-managment-10c42","EVENTARC_CLOUD_EVENT_SOURCE":"projects/gym-managment-10c42/locations/us-central1/services/notifyNewReservation","FUNCTION_SIGNATURE_TYPE":"cloudevent","FUNCTION_TARGET":"notifyNewReservation","LOG_EXECUTION_ID":"true"},"ingressSettings":"ALLOW_ALL","uri":"https://notifynewreservation-76o3fxd6vq-uc.a.run.app","serviceAccountEmail":"450500386725-compute@developer.gserviceaccount.com","availableMemory":"256Mi","allTrafficOnLatestRevision":true,"revision":"notifynewreservation-00001-maz","maxInstanceRequestConcurrency":80,"availableCpu":"1"},"eventTrigger":{"trigger":"projects/gym-managment-10c42/locations/nam5/triggers/notifynewreservation-309454","triggerRegion":"nam5","eventType":"google.cloud.firestore.document.v1.created","eventFilters":[{"attribute":"database","value":"(default)"},{"attribute":"namespace","value":"(default)"},{"attribute":"document","value":"solicitudes_reserva/{docId}","operator":"match-path-pattern"}],"pubsubTopic":"projects/gym-managment-10c42/topics/eventarc-nam5-notifynewreservation-309454-462","serviceAccountEmail":"450500386725-compute@developer.gserviceaccount.com","retryPolicy":"RETRY_POLICY_DO_NOT_RETRY"},"state":"ACTIVE","labels":{"deployment-tool":"cli-firebase","firebase-functions-hash":"5dbd205f4bd77f82692fb2a355b18c3b763b73a6"},"environment":"GEN_2","url":"https://us-central1-gym-managment-10c42.cloudfunctions.net/notifyNewReservation","satisfiesPzi":true},"stages":[{"name":"BUILD","message":"Build in progress","state":"IN_PROGRESS","resource":"projects/450500386725/locations/us-central1/builds/2e6a7d25-26aa-468f-9ba2-3841f2d03dd1","resourceUri":"https://console.cloud.google.com/cloud-build/builds;region=us-central1/2e6a7d25-26aa-468f-9ba2-3841f2d03dd1?project=450500386725"},{"name":"SERVICE","state":"NOT_STARTED"},{"name":"TRIGGER","state":"NOT_STARTED"}],"operationType":"UPDATE_FUNCTION","buildName":"projects/450500386725/locations/us-central1/builds/2e6a7d25-26aa-468f-9ba2-3841f2d03dd1"},"done":false}
[debug] [2026-03-19T03:23:45.566Z] [update-default-us-central1-notifyNewReservation] Retrying task index 0
[debug] [2026-03-19T03:23:45.567Z] Checked if tokens are valid: true, expires at: 1773893735496
[debug] [2026-03-19T03:23:45.567Z] Checked if tokens are valid: true, expires at: 1773893735496
[debug] [2026-03-19T03:23:45.567Z] >>> [apiv2][query] GET https://cloudfunctions.googleapis.com/v2/projects/gym-managment-10c42/locations/us-central1/operations/operation-1773890583547-64d58161a4f02-222f8a6a-882dabc6 [none]
[debug] [2026-03-19T03:23:46.564Z] <<< [apiv2][status] GET https://cloudfunctions.googleapis.com/v2/projects/gym-managment-10c42/locations/us-central1/operations/operation-1773890583547-64d58161a4f02-222f8a6a-882dabc6 200
[debug] [2026-03-19T03:23:46.564Z] <<< [apiv2][body] GET https://cloudfunctions.googleapis.com/v2/projects/gym-managment-10c42/locations/us-central1/operations/operation-1773890583547-64d58161a4f02-222f8a6a-882dabc6 {"name":"projects/gym-managment-10c42/locations/us-central1/operations/operation-1773890583547-64d58161a4f02-222f8a6a-882dabc6","metadata":{"@type":"type.googleapis.com/google.cloud.functions.v2.OperationMetadata","createTime":"2026-03-19T03:23:04.404867361Z","target":"projects/gym-managment-10c42/locations/us-central1/functions/notifyNewReservation","verb":"update","cancelRequested":false,"apiVersion":"v2","requestResource":{"@type":"type.googleapis.com/google.cloud.functions.v2.Function","name":"projects/gym-managment-10c42/locations/us-central1/functions/notifyNewReservation","buildConfig":{"runtime":"nodejs20","entryPoint":"notifyNewReservation","source":{"storageSource":{"bucket":"gcf-v2-sources-450500386725-us-central1","object":"notifyNewReservation/function-source.zip","generation":"1773890584360085"}},"environmentVariables":{"GOOGLE_NODE_RUN_SCRIPTS":""},"dockerRepository":"projects/gym-managment-10c42/locations/us-central1/repositories/gcf-artifacts","sourceProvenance":{"resolvedStorageSource":{"bucket":"gcf-v2-sources-450500386725-us-central1","object":"notifyNewReservation/function-source.zip","generation":"1773888843617923"}},"dockerRegistry":"ARTIFACT_REGISTRY","serviceAccount":"projects/gym-managment-10c42/serviceAccounts/450500386725-compute@developer.gserviceaccount.com","automaticUpdatePolicy":{}},"serviceConfig":{"service":"projects/gym-managment-10c42/locations/us-central1/services/notifynewreservation","timeoutSeconds":60,"environmentVariables":{"FIREBASE_CONFIG":"{\"projectId\":\"gym-managment-10c42\",\"storageBucket\":\"gym-managment-10c42.firebasestorage.app\"}","GCLOUD_PROJECT":"gym-managment-10c42","EVENTARC_CLOUD_EVENT_SOURCE":"projects/gym-managment-10c42/locations/us-central1/services/notifyNewReservation","FUNCTION_SIGNATURE_TYPE":"cloudevent","FUNCTION_TARGET":"notifyNewReservation","LOG_EXECUTION_ID":"true"},"ingressSettings":"ALLOW_ALL","uri":"https://notifynewreservation-76o3fxd6vq-uc.a.run.app","serviceAccountEmail":"450500386725-compute@developer.gserviceaccount.com","availableMemory":"256Mi","allTrafficOnLatestRevision":true,"revision":"notifynewreservation-00001-maz","maxInstanceRequestConcurrency":80,"availableCpu":"1"},"eventTrigger":{"trigger":"projects/gym-managment-10c42/locations/nam5/triggers/notifynewreservation-309454","triggerRegion":"nam5","eventType":"google.cloud.firestore.document.v1.created","eventFilters":[{"attribute":"database","value":"(default)"},{"attribute":"namespace","value":"(default)"},{"attribute":"document","value":"solicitudes_reserva/{docId}","operator":"match-path-pattern"}],"pubsubTopic":"projects/gym-managment-10c42/topics/eventarc-nam5-notifynewreservation-309454-462","serviceAccountEmail":"450500386725-compute@developer.gserviceaccount.com","retryPolicy":"RETRY_POLICY_DO_NOT_RETRY"},"state":"ACTIVE","labels":{"deployment-tool":"cli-firebase","firebase-functions-hash":"5dbd205f4bd77f82692fb2a355b18c3b763b73a6"},"environment":"GEN_2","url":"https://us-central1-gym-managment-10c42.cloudfunctions.net/notifyNewReservation","satisfiesPzi":true},"stages":[{"name":"BUILD","message":"Build finished","state":"COMPLETE","resource":"projects/450500386725/locations/us-central1/builds/2e6a7d25-26aa-468f-9ba2-3841f2d03dd1","resourceUri":"https://console.cloud.google.com/cloud-build/builds;region=us-central1/2e6a7d25-26aa-468f-9ba2-3841f2d03dd1?project=450500386725"},{"name":"SERVICE","message":"Updating Cloud Run service","state":"IN_PROGRESS","resource":"projects/gym-managment-10c42/locations/us-central1/services/notifynewreservation","resourceUri":"https://console.cloud.google.com/run/detail/us-central1/notifynewreservation?project=gym-managment-10c42","stateMessages":[{"severity":"INFO","type":"CloudRunServiceNewRevisionTrafficInfo","message":"A new revision will be deployed serving with 100% traffic."}]},{"name":"TRIGGER","state":"NOT_STARTED"}],"sourceToken":"Cldwcm9qZWN0cy80NTA1MDAzODY3MjUvbG9jYXRpb25zL3VzLWNlbnRyYWwxL2J1aWxkcy8yZTZhN2QyNS0yNmFhLTQ2OGYtOWJhMi0zODQxZjJkMDNkZDESggF1cy1jZW50cmFsMS1kb2NrZXIucGtnLmRldi9neW0tbWFuYWdtZW50LTEwYzQyL2djZi1hcnRpZmFjdHMvZ3ltLS1tYW5hZ21lbnQtLTEwYzQyX191cy0tY2VudHJhbDFfX25vdGlmeV9uZXdfcmVzZXJ2YXRpb246dmVyc2lvbl8xGKW/qZ+ODSJRcHJvamVjdHMvZ3ltLW1hbmFnbWVudC0xMGM0Mi9sb2NhdGlvbnMvdXMtY2VudHJhbDEvZnVuY3Rpb25zL25vdGlmeU5ld1Jlc2VydmF0aW9uKgwIvNjtzQYQoJ6FswEyCG5vZGVqczIwOnYKI2djci5pby9nYWUtcnVudGltZXMvbm9kZWpzMjA6c3RhYmxlEk91cy1jZW50cmFsMS1kb2NrZXIucGtnLmRldi9zZXJ2ZXJsZXNzLXJ1bnRpbWVzL2dvb2dsZS0yMi1mdWxsL3J1bnRpbWVzL25vZGVqczIwQAE=","operationType":"UPDATE_FUNCTION","buildName":"projects/450500386725/locations/us-central1/builds/2e6a7d25-26aa-468f-9ba2-3841f2d03dd1"},"done":false}
[debug] [2026-03-19T03:23:46.564Z] Got source token Cldwcm9qZWN0cy80NTA1MDAzODY3MjUvbG9jYXRpb25zL3VzLWNlbnRyYWwxL2J1aWxkcy8yZTZhN2QyNS0yNmFhLTQ2OGYtOWJhMi0zODQxZjJkMDNkZDESggF1cy1jZW50cmFsMS1kb2NrZXIucGtnLmRldi9neW0tbWFuYWdtZW50LTEwYzQyL2djZi1hcnRpZmFjdHMvZ3ltLS1tYW5hZ21lbnQtLTEwYzQyX191cy0tY2VudHJhbDFfX25vdGlmeV9uZXdfcmVzZXJ2YXRpb246dmVyc2lvbl8xGKW/qZ+ODSJRcHJvamVjdHMvZ3ltLW1hbmFnbWVudC0xMGM0Mi9sb2NhdGlvbnMvdXMtY2VudHJhbDEvZnVuY3Rpb25zL25vdGlmeU5ld1Jlc2VydmF0aW9uKgwIvNjtzQYQoJ6FswEyCG5vZGVqczIwOnYKI2djci5pby9nYWUtcnVudGltZXMvbm9kZWpzMjA6c3RhYmxlEk91cy1jZW50cmFsMS1kb2NrZXIucGtnLmRldi9zZXJ2ZXJsZXNzLXJ1bnRpbWVzL2dvb2dsZS0yMi1mdWxsL3J1bnRpbWVzL25vZGVqczIwQAE= for region us-central1
[debug] [2026-03-19T03:23:56.568Z] [update-default-us-central1-notifyNewReservation] Retrying task index 0
[debug] [2026-03-19T03:23:56.569Z] Checked if tokens are valid: true, expires at: 1773893735496
[debug] [2026-03-19T03:23:56.569Z] Checked if tokens are valid: true, expires at: 1773893735496
[debug] [2026-03-19T03:23:56.569Z] >>> [apiv2][query] GET https://cloudfunctions.googleapis.com/v2/projects/gym-managment-10c42/locations/us-central1/operations/operation-1773890583547-64d58161a4f02-222f8a6a-882dabc6 [none]
[debug] [2026-03-19T03:23:57.566Z] <<< [apiv2][status] GET https://cloudfunctions.googleapis.com/v2/projects/gym-managment-10c42/locations/us-central1/operations/operation-1773890583547-64d58161a4f02-222f8a6a-882dabc6 200
[debug] [2026-03-19T03:23:57.566Z] <<< [apiv2][body] GET https://cloudfunctions.googleapis.com/v2/projects/gym-managment-10c42/locations/us-central1/operations/operation-1773890583547-64d58161a4f02-222f8a6a-882dabc6 {"name":"projects/gym-managment-10c42/locations/us-central1/operations/operation-1773890583547-64d58161a4f02-222f8a6a-882dabc6","metadata":{"@type":"type.googleapis.com/google.cloud.functions.v2.OperationMetadata","createTime":"2026-03-19T03:23:04.404867361Z","endTime":"2026-03-19T03:23:49.609112372Z","target":"projects/gym-managment-10c42/locations/us-central1/functions/notifyNewReservation","verb":"update","cancelRequested":false,"apiVersion":"v2","requestResource":{"@type":"type.googleapis.com/google.cloud.functions.v2.Function","name":"projects/gym-managment-10c42/locations/us-central1/functions/notifyNewReservation","buildConfig":{"runtime":"nodejs20","entryPoint":"notifyNewReservation","source":{"storageSource":{"bucket":"gcf-v2-sources-450500386725-us-central1","object":"notifyNewReservation/function-source.zip","generation":"1773890584360085"}},"environmentVariables":{"GOOGLE_NODE_RUN_SCRIPTS":""},"dockerRepository":"projects/gym-managment-10c42/locations/us-central1/repositories/gcf-artifacts","sourceProvenance":{"resolvedStorageSource":{"bucket":"gcf-v2-sources-450500386725-us-central1","object":"notifyNewReservation/function-source.zip","generation":"1773888843617923"}},"dockerRegistry":"ARTIFACT_REGISTRY","serviceAccount":"projects/gym-managment-10c42/serviceAccounts/450500386725-compute@developer.gserviceaccount.com","automaticUpdatePolicy":{}},"serviceConfig":{"service":"projects/gym-managment-10c42/locations/us-central1/services/notifynewreservation","timeoutSeconds":60,"environmentVariables":{"FIREBASE_CONFIG":"{\"projectId\":\"gym-managment-10c42\",\"storageBucket\":\"gym-managment-10c42.firebasestorage.app\"}","GCLOUD_PROJECT":"gym-managment-10c42","EVENTARC_CLOUD_EVENT_SOURCE":"projects/gym-managment-10c42/locations/us-central1/services/notifyNewReservation","FUNCTION_SIGNATURE_TYPE":"cloudevent","FUNCTION_TARGET":"notifyNewReservation","LOG_EXECUTION_ID":"true"},"ingressSettings":"ALLOW_ALL","uri":"https://notifynewreservation-76o3fxd6vq-uc.a.run.app","serviceAccountEmail":"450500386725-compute@developer.gserviceaccount.com","availableMemory":"256Mi","allTrafficOnLatestRevision":true,"revision":"notifynewreservation-00001-maz","maxInstanceRequestConcurrency":80,"availableCpu":"1"},"eventTrigger":{"trigger":"projects/gym-managment-10c42/locations/nam5/triggers/notifynewreservation-309454","triggerRegion":"nam5","eventType":"google.cloud.firestore.document.v1.created","eventFilters":[{"attribute":"database","value":"(default)"},{"attribute":"namespace","value":"(default)"},{"attribute":"document","value":"solicitudes_reserva/{docId}","operator":"match-path-pattern"}],"pubsubTopic":"projects/gym-managment-10c42/topics/eventarc-nam5-notifynewreservation-309454-462","serviceAccountEmail":"450500386725-compute@developer.gserviceaccount.com","retryPolicy":"RETRY_POLICY_DO_NOT_RETRY"},"state":"ACTIVE","labels":{"deployment-tool":"cli-firebase","firebase-functions-hash":"5dbd205f4bd77f82692fb2a355b18c3b763b73a6"},"environment":"GEN_2","url":"https://us-central1-gym-managment-10c42.cloudfunctions.net/notifyNewReservation","satisfiesPzi":true},"stages":[{"name":"BUILD","message":"Build finished","state":"COMPLETE","resource":"projects/450500386725/locations/us-central1/builds/2e6a7d25-26aa-468f-9ba2-3841f2d03dd1","resourceUri":"https://console.cloud.google.com/cloud-build/builds;region=us-central1/2e6a7d25-26aa-468f-9ba2-3841f2d03dd1?project=450500386725"},{"name":"SERVICE","message":"Updating Cloud Run service","state":"COMPLETE","resource":"projects/gym-managment-10c42/locations/us-central1/services/notifynewreservation","resourceUri":"https://console.cloud.google.com/run/detail/us-central1/notifynewreservation?project=gym-managment-10c42","stateMessages":[{"severity":"INFO","type":"CloudRunServiceNewRevisionTrafficInfo","message":"A new revision will be deployed serving with 100% traffic."}]},{"name":"TRIGGER","state":"NOT_STARTED"}],"sourceToken":"Cldwcm9qZWN0cy80NTA1MDAzODY3MjUvbG9jYXRpb25zL3VzLWNlbnRyYWwxL2J1aWxkcy8yZTZhN2QyNS0yNmFhLTQ2OGYtOWJhMi0zODQxZjJkMDNkZDESggF1cy1jZW50cmFsMS1kb2NrZXIucGtnLmRldi9neW0tbWFuYWdtZW50LTEwYzQyL2djZi1hcnRpZmFjdHMvZ3ltLS1tYW5hZ21lbnQtLTEwYzQyX191cy0tY2VudHJhbDFfX25vdGlmeV9uZXdfcmVzZXJ2YXRpb246dmVyc2lvbl8xGKW/qZ+ODSJRcHJvamVjdHMvZ3ltLW1hbmFnbWVudC0xMGM0Mi9sb2NhdGlvbnMvdXMtY2VudHJhbDEvZnVuY3Rpb25zL25vdGlmeU5ld1Jlc2VydmF0aW9uKgwIvNjtzQYQoJ6FswEyCG5vZGVqczIwOnYKI2djci5pby9nYWUtcnVudGltZXMvbm9kZWpzMjA6c3RhYmxlEk91cy1jZW50cmFsMS1kb2NrZXIucGtnLmRldi9zZXJ2ZXJsZXNzLXJ1bnRpbWVzL2dvb2dsZS0yMi1mdWxsL3J1bnRpbWVzL25vZGVqczIwQAE=","operationType":"UPDATE_FUNCTION","buildName":"projects/450500386725/locations/us-central1/builds/2e6a7d25-26aa-468f-9ba2-3841f2d03dd1"},"done":true,"response":{"@type":"type.googleapis.com/google.cloud.functions.v2.Function","name":"projects/gym-managment-10c42/locations/us-central1/functions/notifyNewReservation","buildConfig":{"build":"projects/450500386725/locations/us-central1/builds/2e6a7d25-26aa-468f-9ba2-3841f2d03dd1","runtime":"nodejs20","entryPoint":"notifyNewReservation","source":{"storageSource":{"bucket":"gcf-v2-sources-450500386725-us-central1","object":"notifyNewReservation/function-source.zip","generation":"1773890584360085"}},"environmentVariables":{"GOOGLE_NODE_RUN_SCRIPTS":""},"dockerRepository":"projects/gym-managment-10c42/locations/us-central1/repositories/gcf-artifacts","sourceProvenance":{"resolvedStorageSource":{"bucket":"gcf-v2-sources-450500386725-us-central1","object":"notifyNewReservation/function-source.zip","generation":"1773890584360085"}},"dockerRegistry":"ARTIFACT_REGISTRY","serviceAccount":"projects/gym-managment-10c42/serviceAccounts/450500386725-compute@developer.gserviceaccount.com","automaticUpdatePolicy":{}},"serviceConfig":{"service":"projects/gym-managment-10c42/locations/us-central1/services/notifynewreservation","timeoutSeconds":60,"environmentVariables":{"FIREBASE_CONFIG":"{\"projectId\":\"gym-managment-10c42\",\"storageBucket\":\"gym-managment-10c42.firebasestorage.app\"}","GCLOUD_PROJECT":"gym-managment-10c42","EVENTARC_CLOUD_EVENT_SOURCE":"projects/gym-managment-10c42/locations/us-central1/services/notifyNewReservation","FUNCTION_SIGNATURE_TYPE":"cloudevent","FUNCTION_TARGET":"notifyNewReservation","LOG_EXECUTION_ID":"true"},"maxInstanceCount":20,"ingressSettings":"ALLOW_ALL","uri":"https://notifynewreservation-76o3fxd6vq-uc.a.run.app","serviceAccountEmail":"450500386725-compute@developer.gserviceaccount.com","availableMemory":"256Mi","allTrafficOnLatestRevision":true,"revision":"notifynewreservation-00002-cef","maxInstanceRequestConcurrency":80,"availableCpu":"1"},"eventTrigger":{"trigger":"projects/gym-managment-10c42/locations/nam5/triggers/notifynewreservation-309454","triggerRegion":"nam5","eventType":"google.cloud.firestore.document.v1.created","eventFilters":[{"attribute":"namespace","value":"(default)"},{"attribute":"document","value":"solicitudes_reserva/{docId}","operator":"match-path-pattern"},{"attribute":"database","value":"(default)"}],"pubsubTopic":"projects/gym-managment-10c42/topics/eventarc-nam5-notifynewreservation-309454-462","serviceAccountEmail":"450500386725-compute@developer.gserviceaccount.com","retryPolicy":"RETRY_POLICY_DO_NOT_RETRY"},"state":"ACTIVE","updateTime":"2026-03-19T03:23:04.407619050Z","labels":{"deployment-tool":"cli-firebase","firebase-functions-hash":"5dbd205f4bd77f82692fb2a355b18c3b763b73a6"},"environment":"GEN_2","url":"https://us-central1-gym-managment-10c42.cloudfunctions.net/notifyNewReservation","createTime":"2026-03-19T02:54:04.252227810Z","satisfiesPzi":true}}
[debug] [2026-03-19T03:23:57.566Z] Got source token Cldwcm9qZWN0cy80NTA1MDAzODY3MjUvbG9jYXRpb25zL3VzLWNlbnRyYWwxL2J1aWxkcy8yZTZhN2QyNS0yNmFhLTQ2OGYtOWJhMi0zODQxZjJkMDNkZDESggF1cy1jZW50cmFsMS1kb2NrZXIucGtnLmRldi9neW0tbWFuYWdtZW50LTEwYzQyL2djZi1hcnRpZmFjdHMvZ3ltLS1tYW5hZ21lbnQtLTEwYzQyX191cy0tY2VudHJhbDFfX25vdGlmeV9uZXdfcmVzZXJ2YXRpb246dmVyc2lvbl8xGKW/qZ+ODSJRcHJvamVjdHMvZ3ltLW1hbmFnbWVudC0xMGM0Mi9sb2NhdGlvbnMvdXMtY2VudHJhbDEvZnVuY3Rpb25zL25vdGlmeU5ld1Jlc2VydmF0aW9uKgwIvNjtzQYQoJ6FswEyCG5vZGVqczIwOnYKI2djci5pby9nYWUtcnVudGltZXMvbm9kZWpzMjA6c3RhYmxlEk91cy1jZW50cmFsMS1kb2NrZXIucGtnLmRldi9zZXJ2ZXJsZXNzLXJ1bnRpbWVzL2dvb2dsZS0yMi1mdWxsL3J1bnRpbWVzL25vZGVqczIwQAE= for region us-central1
[info] ✔  functions[notifyNewReservation(us-central1)] Successful update operation. 
[debug] [2026-03-19T03:23:57.574Z] Total Function Deployment time: 54895
[debug] [2026-03-19T03:23:57.575Z] 1 Functions Deployed
[debug] [2026-03-19T03:23:57.575Z] 0 Functions Errored
[debug] [2026-03-19T03:23:57.575Z] 0 Function Deployments Aborted
[debug] [2026-03-19T03:23:57.575Z] Average Function Deployment time: 54894
[debug] [2026-03-19T03:23:57.697Z] Checked if tokens are valid: true, expires at: 1773893735496
[debug] [2026-03-19T03:23:57.697Z] Checked if tokens are valid: true, expires at: 1773893735496
[debug] [2026-03-19T03:23:57.697Z] >>> [apiv2][query] GET https://artifactregistry.googleapis.com/v1/projects/gym-managment-10c42/locations/us-central1/repositories/gcf-artifacts [none]
[debug] [2026-03-19T03:23:58.893Z] <<< [apiv2][status] GET https://artifactregistry.googleapis.com/v1/projects/gym-managment-10c42/locations/us-central1/repositories/gcf-artifacts 200
[debug] [2026-03-19T03:23:58.893Z] <<< [apiv2][body] GET https://artifactregistry.googleapis.com/v1/projects/gym-managment-10c42/locations/us-central1/repositories/gcf-artifacts {"name":"projects/gym-managment-10c42/locations/us-central1/repositories/gcf-artifacts","format":"DOCKER","description":"This repository is created and used by Cloud Functions for storing function docker images.","labels":{"goog-managed-by":"cloudfunctions"},"createTime":"2026-03-19T02:54:19.234004Z","updateTime":"2026-03-19T03:23:29.760616Z","mode":"STANDARD_REPOSITORY","sizeBytes":"106862607","vulnerabilityScanningConfig":{"lastEnableTime":"2026-03-19T02:54:04.447317030Z","enablementState":"SCANNING_DISABLED","enablementStateReason":"API containerscanning.googleapis.com is not enabled."},"satisfiesPzi":true,"registryUri":"us-central1-docker.pkg.dev/gym-managment-10c42/gcf-artifacts"}
[warn] ⚠  functions: No cleanup policy detected for repositories in us-central1. This may result in a small monthly bill as container images accumulate over time. 
[debug] [2026-03-19T03:38:53.582Z] ----------------------------------------------------------------------
[debug] [2026-03-19T03:38:53.586Z] Command:       /usr/bin/node-22 /usr/local/bin/firebase deploy --only functions
[debug] [2026-03-19T03:38:53.586Z] CLI Version:   14.22.0
[debug] [2026-03-19T03:38:53.586Z] Platform:      linux
[debug] [2026-03-19T03:38:53.586Z] Node Version:  v22.21.1
[debug] [2026-03-19T03:38:53.587Z] Time:          Wed Mar 18 2026 22:38:53 GMT-0500 (hora estándar de Perú)
[debug] [2026-03-19T03:38:53.587Z] ----------------------------------------------------------------------
[debug] 
[debug] [2026-03-19T03:38:53.838Z] > command requires scopes: ["email","openid","https://www.googleapis.com/auth/cloudplatformprojects.readonly","https://www.googleapis.com/auth/firebase","https://www.googleapis.com/auth/cloud-platform"]
[debug] [2026-03-19T03:38:53.838Z] > authorizing via signed-in user (frecodev.1992@gmail.com)
[debug] [2026-03-19T03:38:53.839Z] [iam] checking project gym-managment-10c42 for permissions ["cloudfunctions.functions.create","cloudfunctions.functions.delete","cloudfunctions.functions.get","cloudfunctions.functions.list","cloudfunctions.functions.update","cloudfunctions.operations.get","firebase.projects.get"]
[debug] [2026-03-19T03:38:53.840Z] Checked if tokens are valid: true, expires at: 1773893735496
[debug] [2026-03-19T03:38:53.840Z] Checked if tokens are valid: true, expires at: 1773893735496
[debug] [2026-03-19T03:38:53.841Z] >>> [apiv2][query] POST https://cloudresourcemanager.googleapis.com/v1/projects/gym-managment-10c42:testIamPermissions [none]
[debug] [2026-03-19T03:38:53.841Z] >>> [apiv2][(partial)header] POST https://cloudresourcemanager.googleapis.com/v1/projects/gym-managment-10c42:testIamPermissions x-goog-quota-user=projects/gym-managment-10c42
[debug] [2026-03-19T03:38:53.841Z] >>> [apiv2][body] POST https://cloudresourcemanager.googleapis.com/v1/projects/gym-managment-10c42:testIamPermissions {"permissions":["cloudfunctions.functions.create","cloudfunctions.functions.delete","cloudfunctions.functions.get","cloudfunctions.functions.list","cloudfunctions.functions.update","cloudfunctions.operations.get","firebase.projects.get"]}
[debug] [2026-03-19T03:38:55.072Z] <<< [apiv2][status] POST https://cloudresourcemanager.googleapis.com/v1/projects/gym-managment-10c42:testIamPermissions 200
[debug] [2026-03-19T03:38:55.073Z] <<< [apiv2][body] POST https://cloudresourcemanager.googleapis.com/v1/projects/gym-managment-10c42:testIamPermissions {"permissions":["cloudfunctions.functions.create","cloudfunctions.functions.delete","cloudfunctions.functions.get","cloudfunctions.functions.list","cloudfunctions.functions.update","cloudfunctions.operations.get","firebase.projects.get"]}
[debug] [2026-03-19T03:38:55.073Z] Checked if tokens are valid: true, expires at: 1773893735496
[debug] [2026-03-19T03:38:55.073Z] Checked if tokens are valid: true, expires at: 1773893735496
[debug] [2026-03-19T03:38:55.074Z] >>> [apiv2][query] POST https://iam.googleapis.com/v1/projects/gym-managment-10c42/serviceAccounts/gym-managment-10c42@appspot.gserviceaccount.com:testIamPermissions [none]
[debug] [2026-03-19T03:38:55.074Z] >>> [apiv2][body] POST https://iam.googleapis.com/v1/projects/gym-managment-10c42/serviceAccounts/gym-managment-10c42@appspot.gserviceaccount.com:testIamPermissions {"permissions":["iam.serviceAccounts.actAs"]}
[debug] [2026-03-19T03:38:55.896Z] <<< [apiv2][status] POST https://iam.googleapis.com/v1/projects/gym-managment-10c42/serviceAccounts/gym-managment-10c42@appspot.gserviceaccount.com:testIamPermissions 200
[debug] [2026-03-19T03:38:55.896Z] <<< [apiv2][body] POST https://iam.googleapis.com/v1/projects/gym-managment-10c42/serviceAccounts/gym-managment-10c42@appspot.gserviceaccount.com:testIamPermissions {"permissions":["iam.serviceAccounts.actAs"]}
[info] 
[info] === Deploying to 'gym-managment-10c42'...
[info] 
[info] i  deploying functions 
[debug] [2026-03-19T03:38:55.899Z] Checked if tokens are valid: true, expires at: 1773893735496
[debug] [2026-03-19T03:38:55.899Z] Checked if tokens are valid: true, expires at: 1773893735496
[debug] [2026-03-19T03:38:55.900Z] >>> [apiv2][query] GET https://cloudresourcemanager.googleapis.com/v1/projects/gym-managment-10c42 [none]
[debug] [2026-03-19T03:38:56.148Z] <<< [apiv2][status] GET https://cloudresourcemanager.googleapis.com/v1/projects/gym-managment-10c42 200
[debug] [2026-03-19T03:38:56.149Z] <<< [apiv2][body] GET https://cloudresourcemanager.googleapis.com/v1/projects/gym-managment-10c42 {"projectNumber":"450500386725","projectId":"gym-managment-10c42","lifecycleState":"ACTIVE","name":"gym-managment","labels":{"firebase":"enabled","firebase-core":"disabled"},"createTime":"2026-01-13T02:10:19.850774Z"}
[info] i  functions: preparing codebase default for deployment 
[info] i  functions: ensuring required API cloudfunctions.googleapis.com is enabled... 
[info] i  functions: ensuring required API cloudbuild.googleapis.com is enabled... 
[info] i  artifactregistry: ensuring required API artifactregistry.googleapis.com is enabled... 
[debug] [2026-03-19T03:38:56.152Z] Checked if tokens are valid: true, expires at: 1773893735496
[debug] [2026-03-19T03:38:56.152Z] Checked if tokens are valid: true, expires at: 1773893735496
[debug] [2026-03-19T03:38:56.152Z] >>> [apiv2][query] GET https://firebase.googleapis.com/v1beta1/projects/gym-managment-10c42/adminSdkConfig [none]
[debug] [2026-03-19T03:38:56.612Z] <<< [apiv2][status] GET https://firebase.googleapis.com/v1beta1/projects/gym-managment-10c42/adminSdkConfig 200
[debug] [2026-03-19T03:38:56.612Z] <<< [apiv2][body] GET https://firebase.googleapis.com/v1beta1/projects/gym-managment-10c42/adminSdkConfig {"projectId":"gym-managment-10c42","storageBucket":"gym-managment-10c42.firebasestorage.app"}
[debug] [2026-03-19T03:38:56.613Z] Checked if tokens are valid: true, expires at: 1773893735496
[debug] [2026-03-19T03:38:56.613Z] Checked if tokens are valid: true, expires at: 1773893735496
[debug] [2026-03-19T03:38:56.613Z] >>> [apiv2][query] GET https://runtimeconfig.googleapis.com/v1beta1/projects/gym-managment-10c42/configs [none]
[debug] [2026-03-19T03:38:57.334Z] <<< [apiv2][status] GET https://runtimeconfig.googleapis.com/v1beta1/projects/gym-managment-10c42/configs 200
[debug] [2026-03-19T03:38:57.334Z] <<< [apiv2][body] GET https://runtimeconfig.googleapis.com/v1beta1/projects/gym-managment-10c42/configs {}
[debug] [2026-03-19T03:38:57.336Z] Validating nodejs source
[warn] ⚠  functions: Runtime Node.js 20 will be deprecated on 2026-04-30 and will be decommissioned on 2026-10-30, after which you will not be able to deploy without upgrading. Consider upgrading now to avoid disruption. See https://cloud.google.com/functions/docs/runtime-support for full details on the lifecycle policy 
[debug] [2026-03-19T03:38:58.139Z] > [functions] package.json contents: {
  "name": "functions",
  "description": "Cloud Functions for Firebase",
  "scripts": {
    "build": "tsc",
    "serve": "npm run build && firebase emulators:start --only functions",
    "shell": "npm run build && firebase functions:shell",
    "start": "npm run shell",
    "deploy": "firebase deploy --only functions",
    "logs": "firebase functions:log"
  },
  "engines": {
    "node": "20"
  },
  "main": "lib/index.js",
  "dependencies": {
    "firebase-admin": "^13.7.0",
    "firebase-functions": "^7.2.2",
    "nodemailer": "^6.9.0"
  },
  "devDependencies": {
    "@types/nodemailer": "^7.0.11",
    "firebase-functions-test": "^3.1.0",
    "typescript": "^5.0.0"
  },
  "private": true
}
[debug] [2026-03-19T03:38:58.139Z] Building nodejs source
[info] i  functions: Loading and analyzing source code for codebase default to determine what to deploy 
[debug] [2026-03-19T03:38:58.141Z] Could not find functions.yaml. Must use http discovery
[debug] [2026-03-19T03:38:58.147Z] Found firebase-functions binary at '/home/frecodev/Documentos/managment-gym/functions/node_modules/.bin/firebase-functions'
[info] Serving at port 8018

[debug] [2026-03-19T03:38:58.685Z] Got response from /__/functions.yaml {"endpoints":{"notifyNewReservation":{"availableMemoryMb":null,"timeoutSeconds":null,"minInstances":null,"maxInstances":null,"ingressSettings":null,"concurrency":null,"serviceAccountEmail":null,"vpc":null,"platform":"gcfv2","labels":{},"eventTrigger":{"eventType":"google.cloud.firestore.document.v1.created","eventFilters":{"database":"(default)","namespace":"(default)"},"eventFilterPathPatterns":{"document":"solicitudes_reserva/{docId}"},"retry":false},"entryPoint":"notifyNewReservation"}},"specVersion":"v1alpha1","requiredAPIs":[],"extensions":{}}
[info] i  extensions: ensuring required API firebaseextensions.googleapis.com is enabled... 
[debug] [2026-03-19T03:39:02.713Z] > command requires scopes: ["email","openid","https://www.googleapis.com/auth/cloudplatformprojects.readonly","https://www.googleapis.com/auth/firebase","https://www.googleapis.com/auth/cloud-platform"]
[debug] [2026-03-19T03:39:02.713Z] > authorizing via signed-in user (frecodev.1992@gmail.com)
[debug] [2026-03-19T03:39:02.713Z] [iam] checking project gym-managment-10c42 for permissions ["firebase.projects.get","firebaseextensions.instances.list"]
[debug] [2026-03-19T03:39:02.714Z] Checked if tokens are valid: true, expires at: 1773893735496
[debug] [2026-03-19T03:39:02.714Z] Checked if tokens are valid: true, expires at: 1773893735496
[debug] [2026-03-19T03:39:02.714Z] >>> [apiv2][query] POST https://cloudresourcemanager.googleapis.com/v1/projects/gym-managment-10c42:testIamPermissions [none]
[debug] [2026-03-19T03:39:02.714Z] >>> [apiv2][(partial)header] POST https://cloudresourcemanager.googleapis.com/v1/projects/gym-managment-10c42:testIamPermissions x-goog-quota-user=projects/gym-managment-10c42
[debug] [2026-03-19T03:39:02.714Z] >>> [apiv2][body] POST https://cloudresourcemanager.googleapis.com/v1/projects/gym-managment-10c42:testIamPermissions {"permissions":["firebase.projects.get","firebaseextensions.instances.list"]}
[debug] [2026-03-19T03:39:03.954Z] <<< [apiv2][status] POST https://cloudresourcemanager.googleapis.com/v1/projects/gym-managment-10c42:testIamPermissions 200
[debug] [2026-03-19T03:39:03.954Z] <<< [apiv2][body] POST https://cloudresourcemanager.googleapis.com/v1/projects/gym-managment-10c42:testIamPermissions {"permissions":["firebase.projects.get","firebaseextensions.instances.list"]}
[debug] [2026-03-19T03:39:03.955Z] Checked if tokens are valid: true, expires at: 1773893735496
[debug] [2026-03-19T03:39:03.955Z] Checked if tokens are valid: true, expires at: 1773893735496
[debug] [2026-03-19T03:39:03.956Z] >>> [apiv2][query] GET https://firebaseextensions.googleapis.com/v1beta/projects/gym-managment-10c42/instances pageSize=100&pageToken=
[debug] [2026-03-19T03:39:05.018Z] <<< [apiv2][status] GET https://firebaseextensions.googleapis.com/v1beta/projects/gym-managment-10c42/instances 200
[debug] [2026-03-19T03:39:05.019Z] <<< [apiv2][body] GET https://firebaseextensions.googleapis.com/v1beta/projects/gym-managment-10c42/instances {}
[info] i  functions: preparing functions directory for uploading... 
[info] i  functions: packaged /home/frecodev/Documentos/managment-gym/functions (75.03 KB) for uploading 
[debug] [2026-03-19T03:39:05.074Z] Checked if tokens are valid: true, expires at: 1773893735496
[debug] [2026-03-19T03:39:05.074Z] Checked if tokens are valid: true, expires at: 1773893735496
[debug] [2026-03-19T03:39:05.074Z] >>> [apiv2][query] GET https://cloudfunctions.googleapis.com/v1/projects/gym-managment-10c42/locations/-/functions [none]
[debug] [2026-03-19T03:39:06.065Z] <<< [apiv2][status] GET https://cloudfunctions.googleapis.com/v1/projects/gym-managment-10c42/locations/-/functions 200
[debug] [2026-03-19T03:39:06.065Z] <<< [apiv2][body] GET https://cloudfunctions.googleapis.com/v1/projects/gym-managment-10c42/locations/-/functions {}
[debug] [2026-03-19T03:39:06.066Z] Checked if tokens are valid: true, expires at: 1773893735496
[debug] [2026-03-19T03:39:06.066Z] Checked if tokens are valid: true, expires at: 1773893735496
[debug] [2026-03-19T03:39:06.066Z] >>> [apiv2][query] GET https://cloudfunctions.googleapis.com/v2/projects/gym-managment-10c42/locations/-/functions filter=environment%3D%22GEN_2%22
[debug] [2026-03-19T03:39:06.589Z] <<< [apiv2][status] GET https://cloudfunctions.googleapis.com/v2/projects/gym-managment-10c42/locations/-/functions 200
[debug] [2026-03-19T03:39:06.590Z] <<< [apiv2][body] GET https://cloudfunctions.googleapis.com/v2/projects/gym-managment-10c42/locations/-/functions {"functions":[{"name":"projects/gym-managment-10c42/locations/us-central1/functions/notifyNewReservation","buildConfig":{"build":"projects/450500386725/locations/us-central1/builds/2e6a7d25-26aa-468f-9ba2-3841f2d03dd1","runtime":"nodejs20","entryPoint":"notifyNewReservation","source":{"storageSource":{"bucket":"gcf-v2-sources-450500386725-us-central1","object":"notifyNewReservation/function-source.zip","generation":"1773890584360085"}},"environmentVariables":{"GOOGLE_NODE_RUN_SCRIPTS":""},"dockerRepository":"projects/gym-managment-10c42/locations/us-central1/repositories/gcf-artifacts","sourceProvenance":{"resolvedStorageSource":{"bucket":"gcf-v2-sources-450500386725-us-central1","object":"notifyNewReservation/function-source.zip","generation":"1773890584360085"}},"dockerRegistry":"ARTIFACT_REGISTRY","serviceAccount":"projects/gym-managment-10c42/serviceAccounts/450500386725-compute@developer.gserviceaccount.com","automaticUpdatePolicy":{}},"serviceConfig":{"service":"projects/gym-managment-10c42/locations/us-central1/services/notifynewreservation","timeoutSeconds":60,"environmentVariables":{"FIREBASE_CONFIG":"{\"projectId\":\"gym-managment-10c42\",\"storageBucket\":\"gym-managment-10c42.firebasestorage.app\"}","GCLOUD_PROJECT":"gym-managment-10c42","EVENTARC_CLOUD_EVENT_SOURCE":"projects/gym-managment-10c42/locations/us-central1/services/notifyNewReservation","FUNCTION_SIGNATURE_TYPE":"cloudevent","FUNCTION_TARGET":"notifyNewReservation","LOG_EXECUTION_ID":"true"},"maxInstanceCount":20,"ingressSettings":"ALLOW_ALL","uri":"https://notifynewreservation-76o3fxd6vq-uc.a.run.app","serviceAccountEmail":"450500386725-compute@developer.gserviceaccount.com","availableMemory":"256Mi","allTrafficOnLatestRevision":true,"revision":"notifynewreservation-00002-cef","maxInstanceRequestConcurrency":80,"availableCpu":"1"},"eventTrigger":{"trigger":"projects/gym-managment-10c42/locations/nam5/triggers/notifynewreservation-309454","triggerRegion":"nam5","eventType":"google.cloud.firestore.document.v1.created","eventFilters":[{"attribute":"namespace","value":"(default)"},{"attribute":"document","value":"solicitudes_reserva/{docId}","operator":"match-path-pattern"},{"attribute":"database","value":"(default)"}],"pubsubTopic":"projects/gym-managment-10c42/topics/eventarc-nam5-notifynewreservation-309454-462","serviceAccountEmail":"450500386725-compute@developer.gserviceaccount.com","retryPolicy":"RETRY_POLICY_DO_NOT_RETRY"},"state":"ACTIVE","updateTime":"2026-03-19T03:23:49.834128528Z","labels":{"deployment-tool":"cli-firebase","firebase-functions-hash":"5dbd205f4bd77f82692fb2a355b18c3b763b73a6"},"environment":"GEN_2","url":"https://us-central1-gym-managment-10c42.cloudfunctions.net/notifyNewReservation","createTime":"2026-03-19T02:54:04.252227810Z","satisfiesPzi":true}]}
[debug] [2026-03-19T03:39:06.592Z] Checked if tokens are valid: true, expires at: 1773893735496
[debug] [2026-03-19T03:39:06.592Z] Checked if tokens are valid: true, expires at: 1773893735496
[debug] [2026-03-19T03:39:06.592Z] >>> [apiv2][query] GET https://firestore.googleapis.com/v1/projects/gym-managment-10c42/databases/(default) [none]
[debug] [2026-03-19T03:39:07.635Z] <<< [apiv2][status] GET https://firestore.googleapis.com/v1/projects/gym-managment-10c42/databases/(default) 200
[debug] [2026-03-19T03:39:07.636Z] <<< [apiv2][body] GET https://firestore.googleapis.com/v1/projects/gym-managment-10c42/databases/(default) {"name":"projects/gym-managment-10c42/databases/(default)","uid":"7958cddb-0e60-40ae-9508-bb122f616196","createTime":"2026-01-13T02:17:41.928501Z","updateTime":"2026-01-13T02:17:41.928501Z","locationId":"nam5","type":"FIRESTORE_NATIVE","concurrencyMode":"PESSIMISTIC","versionRetentionPeriod":"3600s","earliestVersionTime":"2026-03-19T02:39:07.570258Z","appEngineIntegrationMode":"DISABLED","keyPrefix":"s","pointInTimeRecoveryEnablement":"POINT_IN_TIME_RECOVERY_DISABLED","deleteProtectionState":"DELETE_PROTECTION_DISABLED","databaseEdition":"STANDARD","freeTier":true,"realtimeUpdatesMode":"REALTIME_UPDATES_MODE_ENABLED","etag":"ILm7wPyEq5MDMLn49cmn5pID"}
[info] i  functions: ensuring required API run.googleapis.com is enabled... 
[info] i  functions: ensuring required API eventarc.googleapis.com is enabled... 
[info] i  functions: ensuring required API pubsub.googleapis.com is enabled... 
[info] i  functions: ensuring required API storage.googleapis.com is enabled... 
[info] i  functions: generating the service identity for pubsub.googleapis.com... 
[debug] [2026-03-19T03:39:07.639Z] Checked if tokens are valid: true, expires at: 1773893735496
[debug] [2026-03-19T03:39:07.639Z] Checked if tokens are valid: true, expires at: 1773893735496
[info] i  functions: generating the service identity for eventarc.googleapis.com... 
[debug] [2026-03-19T03:39:07.639Z] Checked if tokens are valid: true, expires at: 1773893735496
[debug] [2026-03-19T03:39:07.640Z] Checked if tokens are valid: true, expires at: 1773893735496
[debug] [2026-03-19T03:39:07.640Z] >>> [apiv2][query] POST https://serviceusage.googleapis.com/v1beta1/projects/450500386725/services/pubsub.googleapis.com:generateServiceIdentity [none]
[debug] [2026-03-19T03:39:07.640Z] >>> [apiv2][(partial)header] POST https://serviceusage.googleapis.com/v1beta1/projects/450500386725/services/pubsub.googleapis.com:generateServiceIdentity x-goog-quota-user=projects/450500386725
[debug] [2026-03-19T03:39:07.640Z] >>> [apiv2][body] POST https://serviceusage.googleapis.com/v1beta1/projects/450500386725/services/pubsub.googleapis.com:generateServiceIdentity {}
[debug] [2026-03-19T03:39:07.642Z] >>> [apiv2][query] POST https://serviceusage.googleapis.com/v1beta1/projects/450500386725/services/eventarc.googleapis.com:generateServiceIdentity [none]
[debug] [2026-03-19T03:39:07.642Z] >>> [apiv2][(partial)header] POST https://serviceusage.googleapis.com/v1beta1/projects/450500386725/services/eventarc.googleapis.com:generateServiceIdentity x-goog-quota-user=projects/450500386725
[debug] [2026-03-19T03:39:07.642Z] >>> [apiv2][body] POST https://serviceusage.googleapis.com/v1beta1/projects/450500386725/services/eventarc.googleapis.com:generateServiceIdentity {}
[debug] [2026-03-19T03:39:09.018Z] <<< [apiv2][status] POST https://serviceusage.googleapis.com/v1beta1/projects/450500386725/services/eventarc.googleapis.com:generateServiceIdentity 200
[debug] [2026-03-19T03:39:09.018Z] <<< [apiv2][body] POST https://serviceusage.googleapis.com/v1beta1/projects/450500386725/services/eventarc.googleapis.com:generateServiceIdentity {"name":"operations/finished.DONE_OPERATION","done":true,"response":{"@type":"type.googleapis.com/google.api.serviceusage.v1beta1.ServiceIdentity","email":"service-450500386725@gcp-sa-eventarc.iam.gserviceaccount.com","uniqueId":"100107547673197276473"}}
[debug] [2026-03-19T03:39:09.030Z] <<< [apiv2][status] POST https://serviceusage.googleapis.com/v1beta1/projects/450500386725/services/pubsub.googleapis.com:generateServiceIdentity 200
[debug] [2026-03-19T03:39:09.030Z] <<< [apiv2][body] POST https://serviceusage.googleapis.com/v1beta1/projects/450500386725/services/pubsub.googleapis.com:generateServiceIdentity {"name":"operations/finished.DONE_OPERATION","done":true,"response":{"@type":"type.googleapis.com/google.api.serviceusage.v1beta1.ServiceIdentity","email":"service-450500386725@gcp-sa-pubsub.iam.gserviceaccount.com","uniqueId":"117448455176772287092"}}
[debug] [2026-03-19T03:39:09.032Z] Checked if tokens are valid: true, expires at: 1773893735496
[debug] [2026-03-19T03:39:09.032Z] Checked if tokens are valid: true, expires at: 1773893735496
[debug] [2026-03-19T03:39:09.032Z] >>> [apiv2][query] GET https://cloudresourcemanager.googleapis.com/v1/projects/gym-managment-10c42 [none]
[debug] [2026-03-19T03:39:10.010Z] <<< [apiv2][status] GET https://cloudresourcemanager.googleapis.com/v1/projects/gym-managment-10c42 200
[debug] [2026-03-19T03:39:10.011Z] <<< [apiv2][body] GET https://cloudresourcemanager.googleapis.com/v1/projects/gym-managment-10c42 {"projectNumber":"450500386725","projectId":"gym-managment-10c42","lifecycleState":"ACTIVE","name":"gym-managment","labels":{"firebase":"enabled","firebase-core":"disabled"},"createTime":"2026-01-13T02:10:19.850774Z"}
[debug] [2026-03-19T03:39:10.011Z] Checked if tokens are valid: true, expires at: 1773893735496
[debug] [2026-03-19T03:39:10.011Z] Checked if tokens are valid: true, expires at: 1773893735496
[debug] [2026-03-19T03:39:10.011Z] >>> [apiv2][query] GET https://compute.googleapis.com/compute/v1/projects/450500386725 [none]
[debug] [2026-03-19T03:39:10.654Z] <<< [apiv2][status] GET https://compute.googleapis.com/compute/v1/projects/450500386725 403
[debug] [2026-03-19T03:39:10.655Z] <<< [apiv2][body] GET https://compute.googleapis.com/compute/v1/projects/450500386725 {"error":{"code":403,"message":"Compute Engine API has not been used in project 450500386725 before or it is disabled. Enable it by visiting https://console.developers.google.com/apis/api/compute.googleapis.com/overview?project=450500386725 then retry. If you enabled this API recently, wait a few minutes for the action to propagate to our systems and retry.","errors":[{"message":"Compute Engine API has not been used in project 450500386725 before or it is disabled. Enable it by visiting https://console.developers.google.com/apis/api/compute.googleapis.com/overview?project=450500386725 then retry. If you enabled this API recently, wait a few minutes for the action to propagate to our systems and retry.","domain":"usageLimits","reason":"accessNotConfigured","extendedHelp":"https://console.developers.google.com"}],"status":"PERMISSION_DENIED","details":[{"@type":"type.googleapis.com/google.rpc.ErrorInfo","reason":"SERVICE_DISABLED","domain":"googleapis.com","metadata":{"consumer":"projects/450500386725","activationUrl":"https://console.developers.google.com/apis/api/compute.googleapis.com/overview?project=450500386725","service":"compute.googleapis.com","serviceTitle":"Compute Engine API","containerInfo":"450500386725"}},{"@type":"type.googleapis.com/google.rpc.LocalizedMessage","locale":"en-US","message":"Compute Engine API has not been used in project 450500386725 before or it is disabled. Enable it by visiting https://console.developers.google.com/apis/api/compute.googleapis.com/overview?project=450500386725 then retry. If you enabled this API recently, wait a few minutes for the action to propagate to our systems and retry."},{"@type":"type.googleapis.com/google.rpc.Help","links":[{"description":"Google developers console API activation","url":"https://console.developers.google.com/apis/api/compute.googleapis.com/overview?project=450500386725"}]}]}}
[debug] [2026-03-19T03:39:10.655Z] unable to look up default compute service account. Falling back to 450500386725-compute@developer.gserviceaccount.com. Error: {"name":"FirebaseError","children":[],"context":{"body":{"error":{"code":403,"message":"Compute Engine API has not been used in project 450500386725 before or it is disabled. Enable it by visiting https://console.developers.google.com/apis/api/compute.googleapis.com/overview?project=450500386725 then retry. If you enabled this API recently, wait a few minutes for the action to propagate to our systems and retry.","errors":[{"message":"Compute Engine API has not been used in project 450500386725 before or it is disabled. Enable it by visiting https://console.developers.google.com/apis/api/compute.googleapis.com/overview?project=450500386725 then retry. If you enabled this API recently, wait a few minutes for the action to propagate to our systems and retry.","domain":"usageLimits","reason":"accessNotConfigured","extendedHelp":"https://console.developers.google.com"}],"status":"PERMISSION_DENIED","details":[{"@type":"type.googleapis.com/google.rpc.ErrorInfo","reason":"SERVICE_DISABLED","domain":"googleapis.com","metadata":{"consumer":"projects/450500386725","activationUrl":"https://console.developers.google.com/apis/api/compute.googleapis.com/overview?project=450500386725","service":"compute.googleapis.com","serviceTitle":"Compute Engine API","containerInfo":"450500386725"}},{"@type":"type.googleapis.com/google.rpc.LocalizedMessage","locale":"en-US","message":"Compute Engine API has not been used in project 450500386725 before or it is disabled. Enable it by visiting https://console.developers.google.com/apis/api/compute.googleapis.com/overview?project=450500386725 then retry. If you enabled this API recently, wait a few minutes for the action to propagate to our systems and retry."},{"@type":"type.googleapis.com/google.rpc.Help","links":[{"description":"Google developers console API activation","url":"https://console.developers.google.com/apis/api/compute.googleapis.com/overview?project=450500386725"}]}]}},"response":{"statusCode":403}},"exit":1,"message":"Request to https://compute.googleapis.com/compute/v1/projects/450500386725 had HTTP Error: 403, Compute Engine API has not been used in project 450500386725 before or it is disabled. Enable it by visiting https://console.developers.google.com/apis/api/compute.googleapis.com/overview?project=450500386725 then retry. If you enabled this API recently, wait a few minutes for the action to propagate to our systems and retry.","status":403}
[debug] [2026-03-19T03:39:10.657Z] Checked if tokens are valid: true, expires at: 1773893735496
[debug] [2026-03-19T03:39:10.657Z] Checked if tokens are valid: true, expires at: 1773893735496
[debug] [2026-03-19T03:39:10.657Z] >>> [apiv2][query] GET https://cloudbilling.googleapis.com/v1/projects/gym-managment-10c42/billingInfo [none]
[debug] [2026-03-19T03:39:12.125Z] <<< [apiv2][status] GET https://cloudbilling.googleapis.com/v1/projects/gym-managment-10c42/billingInfo 200
[debug] [2026-03-19T03:39:12.126Z] <<< [apiv2][body] GET https://cloudbilling.googleapis.com/v1/projects/gym-managment-10c42/billingInfo {"name":"projects/gym-managment-10c42/billingInfo","projectId":"gym-managment-10c42","billingAccountName":"billingAccounts/01EE63-CC24B2-2CD726","billingEnabled":true}
[debug] [2026-03-19T03:39:12.128Z] Checked if tokens are valid: true, expires at: 1773893735496
[debug] [2026-03-19T03:39:12.128Z] Checked if tokens are valid: true, expires at: 1773893735496
[debug] [2026-03-19T03:39:12.128Z] >>> [apiv2][query] POST https://cloudfunctions.googleapis.com/v2/projects/gym-managment-10c42/locations/us-central1/functions:generateUploadUrl [none]
[debug] [2026-03-19T03:39:12.887Z] <<< [apiv2][status] POST https://cloudfunctions.googleapis.com/v2/projects/gym-managment-10c42/locations/us-central1/functions:generateUploadUrl 200
[debug] [2026-03-19T03:39:12.887Z] <<< [apiv2][body] POST https://cloudfunctions.googleapis.com/v2/projects/gym-managment-10c42/locations/us-central1/functions:generateUploadUrl {"uploadUrl":"https://storage.googleapis.com/gcf-v2-uploads-450500386725.us-central1.cloudfunctions.appspot.com/e7e70136-9027-438d-ae9b-4f7bf03bf6ca.zip?GoogleAccessId=service-450500386725@gcf-admin-robot.iam.gserviceaccount.com&Expires=1773893352&Signature=nsTznskWW%2B%2BX8%2BXXwFxNn2scu9YT6DBbU9mzsjrdlv%2B4EwHBo%2FYewn49MqNoOat3wU4nM9p%2Be%2BDS%2BjEmEz9RGuwhbawBHMq4GjkiN7%2F6nLpQkKwerp%2BBjxL%2FgHbE5JnjEm2Z0Dz%2FHzfyjasHiZLffzNDyggxEdKDWEK62QQ1%2BeX4w%2BHlnL2Ij6U3K437yyh3GOdl7WB%2B4R8Vcbmq571eYzm7TenGO2leNTM5rOdcLcEuqC7dc2Q0pEGJCdknxRdt06AGMkorLzoyUN7K%2Fn2uHKlq1vctmJ2NtqecGcYkEmYYrAhYKqKbV8wvsQH37%2BTBkh37cq2hPXJkbhGzd9GI8g%3D%3D","storageSource":{"bucket":"gcf-v2-uploads-450500386725.us-central1.cloudfunctions.appspot.com","object":"e7e70136-9027-438d-ae9b-4f7bf03bf6ca.zip"}}
[debug] [2026-03-19T03:39:12.889Z] >>> [apiv2][query] PUT https://storage.googleapis.com/gcf-v2-uploads-450500386725.us-central1.cloudfunctions.appspot.com/e7e70136-9027-438d-ae9b-4f7bf03bf6ca.zip GoogleAccessId=service-450500386725%40gcf-admin-robot.iam.gserviceaccount.com&Expires=1773893352&Signature=nsTznskWW%2B%2BX8%2BXXwFxNn2scu9YT6DBbU9mzsjrdlv%2B4EwHBo%2FYewn49MqNoOat3wU4nM9p%2Be%2BDS%2BjEmEz9RGuwhbawBHMq4GjkiN7%2F6nLpQkKwerp%2BBjxL%2FgHbE5JnjEm2Z0Dz%2FHzfyjasHiZLffzNDyggxEdKDWEK62QQ1%2BeX4w%2BHlnL2Ij6U3K437yyh3GOdl7WB%2B4R8Vcbmq571eYzm7TenGO2leNTM5rOdcLcEuqC7dc2Q0pEGJCdknxRdt06AGMkorLzoyUN7K%2Fn2uHKlq1vctmJ2NtqecGcYkEmYYrAhYKqKbV8wvsQH37%2BTBkh37cq2hPXJkbhGzd9GI8g%3D%3D
[debug] [2026-03-19T03:39:12.889Z] >>> [apiv2][body] PUT https://storage.googleapis.com/gcf-v2-uploads-450500386725.us-central1.cloudfunctions.appspot.com/e7e70136-9027-438d-ae9b-4f7bf03bf6ca.zip [stream]
[debug] [2026-03-19T03:39:14.138Z] <<< [apiv2][status] PUT https://storage.googleapis.com/gcf-v2-uploads-450500386725.us-central1.cloudfunctions.appspot.com/e7e70136-9027-438d-ae9b-4f7bf03bf6ca.zip 200
[debug] [2026-03-19T03:39:14.138Z] <<< [apiv2][body] PUT https://storage.googleapis.com/gcf-v2-uploads-450500386725.us-central1.cloudfunctions.appspot.com/e7e70136-9027-438d-ae9b-4f7bf03bf6ca.zip [omitted]
[info] ✔  functions: functions source uploaded successfully 
[info] i  functions: updating Node.js 20 (2nd Gen) function notifyNewReservation(us-central1)... 
[debug] [2026-03-19T03:39:14.143Z] Checked if tokens are valid: true, expires at: 1773893735496
[debug] [2026-03-19T03:39:14.143Z] Checked if tokens are valid: true, expires at: 1773893735496
[debug] [2026-03-19T03:39:14.143Z] >>> [apiv2][query] PATCH https://cloudfunctions.googleapis.com/v2/projects/gym-managment-10c42/locations/us-central1/functions/notifyNewReservation updateMask=name%2CbuildConfig.runtime%2CbuildConfig.entryPoint%2CbuildConfig.source.storageSource.bucket%2CbuildConfig.source.storageSource.object%2CbuildConfig.environmentVariables%2CbuildConfig.sourceToken%2CserviceConfig.environmentVariables%2CserviceConfig.ingressSettings%2CserviceConfig.timeoutSeconds%2CserviceConfig.serviceAccountEmail%2CserviceConfig.availableMemory%2CserviceConfig.minInstanceCount%2CserviceConfig.maxInstanceCount%2CserviceConfig.maxInstanceRequestConcurrency%2CserviceConfig.availableCpu%2CserviceConfig.vpcConnector%2CserviceConfig.vpcConnectorEgressSettings%2Clabels%2CeventTrigger.eventType%2CeventTrigger.retryPolicy%2CeventTrigger.eventFilters%2CeventTrigger.triggerRegion
[debug] [2026-03-19T03:39:14.143Z] >>> [apiv2][body] PATCH https://cloudfunctions.googleapis.com/v2/projects/gym-managment-10c42/locations/us-central1/functions/notifyNewReservation {"name":"projects/gym-managment-10c42/locations/us-central1/functions/notifyNewReservation","buildConfig":{"runtime":"nodejs20","entryPoint":"notifyNewReservation","source":{"storageSource":{"bucket":"gcf-v2-uploads-450500386725.us-central1.cloudfunctions.appspot.com","object":"e7e70136-9027-438d-ae9b-4f7bf03bf6ca.zip"}},"environmentVariables":{"GOOGLE_NODE_RUN_SCRIPTS":""}},"serviceConfig":{"environmentVariables":{"FIREBASE_CONFIG":"{\"projectId\":\"gym-managment-10c42\",\"storageBucket\":\"gym-managment-10c42.firebasestorage.app\"}","GCLOUD_PROJECT":"gym-managment-10c42","EVENTARC_CLOUD_EVENT_SOURCE":"projects/gym-managment-10c42/locations/us-central1/services/notifyNewReservation","FUNCTION_SIGNATURE_TYPE":"cloudevent","FUNCTION_TARGET":"notifyNewReservation","LOG_EXECUTION_ID":"true"},"ingressSettings":null,"timeoutSeconds":null,"serviceAccountEmail":null,"availableMemory":"256Mi","minInstanceCount":null,"maxInstanceCount":null,"maxInstanceRequestConcurrency":80,"availableCpu":"1","vpcConnector":null,"vpcConnectorEgressSettings":null},"labels":{"deployment-tool":"cli-firebase","firebase-functions-hash":"3902d044143ad00923d4445c7105e9dcd6bc9d90"},"eventTrigger":{"eventType":"google.cloud.firestore.document.v1.created","retryPolicy":"RETRY_POLICY_DO_NOT_RETRY","eventFilters":[{"attribute":"database","value":"(default)"},{"attribute":"namespace","value":"(default)"},{"attribute":"document","value":"solicitudes_reserva/{docId}","operator":"match-path-pattern"}],"triggerRegion":"nam5"}}
[debug] [2026-03-19T03:39:15.433Z] <<< [apiv2][status] PATCH https://cloudfunctions.googleapis.com/v2/projects/gym-managment-10c42/locations/us-central1/functions/notifyNewReservation 200
[debug] [2026-03-19T03:39:15.433Z] <<< [apiv2][body] PATCH https://cloudfunctions.googleapis.com/v2/projects/gym-managment-10c42/locations/us-central1/functions/notifyNewReservation {"name":"projects/gym-managment-10c42/locations/us-central1/operations/operation-1773891554459-64d584ff94157-d0d0e4bc-4c560def","metadata":{"@type":"type.googleapis.com/google.cloud.functions.v2.OperationMetadata","createTime":"2026-03-19T03:39:15.346054605Z","target":"projects/gym-managment-10c42/locations/us-central1/functions/notifyNewReservation","verb":"update","cancelRequested":false,"apiVersion":"v2"},"done":false}
[debug] [2026-03-19T03:39:15.434Z] Checked if tokens are valid: true, expires at: 1773893735496
[debug] [2026-03-19T03:39:15.435Z] Checked if tokens are valid: true, expires at: 1773893735496
[debug] [2026-03-19T03:39:15.435Z] >>> [apiv2][query] GET https://cloudfunctions.googleapis.com/v2/projects/gym-managment-10c42/locations/us-central1/operations/operation-1773891554459-64d584ff94157-d0d0e4bc-4c560def [none]
[debug] [2026-03-19T03:39:15.841Z] <<< [apiv2][status] GET https://cloudfunctions.googleapis.com/v2/projects/gym-managment-10c42/locations/us-central1/operations/operation-1773891554459-64d584ff94157-d0d0e4bc-4c560def 200
[debug] [2026-03-19T03:39:15.841Z] <<< [apiv2][body] GET https://cloudfunctions.googleapis.com/v2/projects/gym-managment-10c42/locations/us-central1/operations/operation-1773891554459-64d584ff94157-d0d0e4bc-4c560def {"name":"projects/gym-managment-10c42/locations/us-central1/operations/operation-1773891554459-64d584ff94157-d0d0e4bc-4c560def","metadata":{"@type":"type.googleapis.com/google.cloud.functions.v2.OperationMetadata","createTime":"2026-03-19T03:39:15.346054605Z","target":"projects/gym-managment-10c42/locations/us-central1/functions/notifyNewReservation","verb":"update","cancelRequested":false,"apiVersion":"v2","requestResource":{"@type":"type.googleapis.com/google.cloud.functions.v2.Function","name":"projects/gym-managment-10c42/locations/us-central1/functions/notifyNewReservation","buildConfig":{"runtime":"nodejs20","entryPoint":"notifyNewReservation","source":{"storageSource":{"bucket":"gcf-v2-sources-450500386725-us-central1","object":"notifyNewReservation/function-source.zip","generation":"1773891555292892"}},"environmentVariables":{"GOOGLE_NODE_RUN_SCRIPTS":""},"dockerRepository":"projects/gym-managment-10c42/locations/us-central1/repositories/gcf-artifacts","sourceProvenance":{"resolvedStorageSource":{"bucket":"gcf-v2-sources-450500386725-us-central1","object":"notifyNewReservation/function-source.zip","generation":"1773890584360085"}},"dockerRegistry":"ARTIFACT_REGISTRY","serviceAccount":"projects/gym-managment-10c42/serviceAccounts/450500386725-compute@developer.gserviceaccount.com","automaticUpdatePolicy":{}},"serviceConfig":{"service":"projects/gym-managment-10c42/locations/us-central1/services/notifynewreservation","timeoutSeconds":60,"environmentVariables":{"FIREBASE_CONFIG":"{\"projectId\":\"gym-managment-10c42\",\"storageBucket\":\"gym-managment-10c42.firebasestorage.app\"}","GCLOUD_PROJECT":"gym-managment-10c42","EVENTARC_CLOUD_EVENT_SOURCE":"projects/gym-managment-10c42/locations/us-central1/services/notifyNewReservation","FUNCTION_SIGNATURE_TYPE":"cloudevent","FUNCTION_TARGET":"notifyNewReservation","LOG_EXECUTION_ID":"true"},"ingressSettings":"ALLOW_ALL","uri":"https://notifynewreservation-76o3fxd6vq-uc.a.run.app","serviceAccountEmail":"450500386725-compute@developer.gserviceaccount.com","availableMemory":"256Mi","allTrafficOnLatestRevision":true,"revision":"notifynewreservation-00002-cef","maxInstanceRequestConcurrency":80,"availableCpu":"1"},"eventTrigger":{"trigger":"projects/gym-managment-10c42/locations/nam5/triggers/notifynewreservation-309454","triggerRegion":"nam5","eventType":"google.cloud.firestore.document.v1.created","eventFilters":[{"attribute":"database","value":"(default)"},{"attribute":"namespace","value":"(default)"},{"attribute":"document","value":"solicitudes_reserva/{docId}","operator":"match-path-pattern"}],"pubsubTopic":"projects/gym-managment-10c42/topics/eventarc-nam5-notifynewreservation-309454-462","serviceAccountEmail":"450500386725-compute@developer.gserviceaccount.com","retryPolicy":"RETRY_POLICY_DO_NOT_RETRY"},"state":"ACTIVE","labels":{"deployment-tool":"cli-firebase","firebase-functions-hash":"3902d044143ad00923d4445c7105e9dcd6bc9d90"},"environment":"GEN_2","url":"https://us-central1-gym-managment-10c42.cloudfunctions.net/notifyNewReservation","satisfiesPzi":true},"stages":[{"name":"BUILD","state":"NOT_STARTED","stateMessages":[{"severity":"WARNING","type":"BuildAnalysisWarning","message":"Node.js 20 is no longer supported by the Node.js community as of 30 April, 2026. Node.js 20 will be deprecated on 2026-04-30. We recommend you to upgrade to the latest version of Node.js as soon as possible."}]},{"name":"SERVICE","state":"NOT_STARTED"},{"name":"TRIGGER","state":"NOT_STARTED"}],"operationType":"UPDATE_FUNCTION"},"done":false}
[debug] [2026-03-19T03:39:16.343Z] [update-default-us-central1-notifyNewReservation] Retrying task index 0
[debug] [2026-03-19T03:39:16.343Z] Checked if tokens are valid: true, expires at: 1773893735496
[debug] [2026-03-19T03:39:16.343Z] Checked if tokens are valid: true, expires at: 1773893735496
[debug] [2026-03-19T03:39:16.343Z] >>> [apiv2][query] GET https://cloudfunctions.googleapis.com/v2/projects/gym-managment-10c42/locations/us-central1/operations/operation-1773891554459-64d584ff94157-d0d0e4bc-4c560def [none]
[debug] [2026-03-19T03:39:16.587Z] <<< [apiv2][status] GET https://cloudfunctions.googleapis.com/v2/projects/gym-managment-10c42/locations/us-central1/operations/operation-1773891554459-64d584ff94157-d0d0e4bc-4c560def 200
[debug] [2026-03-19T03:39:16.587Z] <<< [apiv2][body] GET https://cloudfunctions.googleapis.com/v2/projects/gym-managment-10c42/locations/us-central1/operations/operation-1773891554459-64d584ff94157-d0d0e4bc-4c560def {"name":"projects/gym-managment-10c42/locations/us-central1/operations/operation-1773891554459-64d584ff94157-d0d0e4bc-4c560def","metadata":{"@type":"type.googleapis.com/google.cloud.functions.v2.OperationMetadata","createTime":"2026-03-19T03:39:15.346054605Z","target":"projects/gym-managment-10c42/locations/us-central1/functions/notifyNewReservation","verb":"update","cancelRequested":false,"apiVersion":"v2","requestResource":{"@type":"type.googleapis.com/google.cloud.functions.v2.Function","name":"projects/gym-managment-10c42/locations/us-central1/functions/notifyNewReservation","buildConfig":{"runtime":"nodejs20","entryPoint":"notifyNewReservation","source":{"storageSource":{"bucket":"gcf-v2-sources-450500386725-us-central1","object":"notifyNewReservation/function-source.zip","generation":"1773891555292892"}},"environmentVariables":{"GOOGLE_NODE_RUN_SCRIPTS":""},"dockerRepository":"projects/gym-managment-10c42/locations/us-central1/repositories/gcf-artifacts","sourceProvenance":{"resolvedStorageSource":{"bucket":"gcf-v2-sources-450500386725-us-central1","object":"notifyNewReservation/function-source.zip","generation":"1773890584360085"}},"dockerRegistry":"ARTIFACT_REGISTRY","serviceAccount":"projects/gym-managment-10c42/serviceAccounts/450500386725-compute@developer.gserviceaccount.com","automaticUpdatePolicy":{}},"serviceConfig":{"service":"projects/gym-managment-10c42/locations/us-central1/services/notifynewreservation","timeoutSeconds":60,"environmentVariables":{"FIREBASE_CONFIG":"{\"projectId\":\"gym-managment-10c42\",\"storageBucket\":\"gym-managment-10c42.firebasestorage.app\"}","GCLOUD_PROJECT":"gym-managment-10c42","EVENTARC_CLOUD_EVENT_SOURCE":"projects/gym-managment-10c42/locations/us-central1/services/notifyNewReservation","FUNCTION_SIGNATURE_TYPE":"cloudevent","FUNCTION_TARGET":"notifyNewReservation","LOG_EXECUTION_ID":"true"},"ingressSettings":"ALLOW_ALL","uri":"https://notifynewreservation-76o3fxd6vq-uc.a.run.app","serviceAccountEmail":"450500386725-compute@developer.gserviceaccount.com","availableMemory":"256Mi","allTrafficOnLatestRevision":true,"revision":"notifynewreservation-00002-cef","maxInstanceRequestConcurrency":80,"availableCpu":"1"},"eventTrigger":{"trigger":"projects/gym-managment-10c42/locations/nam5/triggers/notifynewreservation-309454","triggerRegion":"nam5","eventType":"google.cloud.firestore.document.v1.created","eventFilters":[{"attribute":"database","value":"(default)"},{"attribute":"namespace","value":"(default)"},{"attribute":"document","value":"solicitudes_reserva/{docId}","operator":"match-path-pattern"}],"pubsubTopic":"projects/gym-managment-10c42/topics/eventarc-nam5-notifynewreservation-309454-462","serviceAccountEmail":"450500386725-compute@developer.gserviceaccount.com","retryPolicy":"RETRY_POLICY_DO_NOT_RETRY"},"state":"ACTIVE","labels":{"deployment-tool":"cli-firebase","firebase-functions-hash":"3902d044143ad00923d4445c7105e9dcd6bc9d90"},"environment":"GEN_2","url":"https://us-central1-gym-managment-10c42.cloudfunctions.net/notifyNewReservation","satisfiesPzi":true},"stages":[{"name":"BUILD","message":"Build in progress","state":"IN_PROGRESS","resource":"projects/450500386725/locations/us-central1/builds/d3569033-3d99-4409-9447-6180df0ddbbb","resourceUri":"https://console.cloud.google.com/cloud-build/builds;region=us-central1/d3569033-3d99-4409-9447-6180df0ddbbb?project=450500386725"},{"name":"SERVICE","state":"NOT_STARTED"},{"name":"TRIGGER","state":"NOT_STARTED"}],"operationType":"UPDATE_FUNCTION","buildName":"projects/450500386725/locations/us-central1/builds/d3569033-3d99-4409-9447-6180df0ddbbb"},"done":false}
[debug] [2026-03-19T03:39:17.589Z] [update-default-us-central1-notifyNewReservation] Retrying task index 0
[debug] [2026-03-19T03:39:17.589Z] Checked if tokens are valid: true, expires at: 1773893735496
[debug] [2026-03-19T03:39:17.589Z] Checked if tokens are valid: true, expires at: 1773893735496
[debug] [2026-03-19T03:39:17.589Z] >>> [apiv2][query] GET https://cloudfunctions.googleapis.com/v2/projects/gym-managment-10c42/locations/us-central1/operations/operation-1773891554459-64d584ff94157-d0d0e4bc-4c560def [none]
[debug] [2026-03-19T03:39:17.970Z] <<< [apiv2][status] GET https://cloudfunctions.googleapis.com/v2/projects/gym-managment-10c42/locations/us-central1/operations/operation-1773891554459-64d584ff94157-d0d0e4bc-4c560def 200
[debug] [2026-03-19T03:39:17.970Z] <<< [apiv2][body] GET https://cloudfunctions.googleapis.com/v2/projects/gym-managment-10c42/locations/us-central1/operations/operation-1773891554459-64d584ff94157-d0d0e4bc-4c560def {"name":"projects/gym-managment-10c42/locations/us-central1/operations/operation-1773891554459-64d584ff94157-d0d0e4bc-4c560def","metadata":{"@type":"type.googleapis.com/google.cloud.functions.v2.OperationMetadata","createTime":"2026-03-19T03:39:15.346054605Z","target":"projects/gym-managment-10c42/locations/us-central1/functions/notifyNewReservation","verb":"update","cancelRequested":false,"apiVersion":"v2","requestResource":{"@type":"type.googleapis.com/google.cloud.functions.v2.Function","name":"projects/gym-managment-10c42/locations/us-central1/functions/notifyNewReservation","buildConfig":{"runtime":"nodejs20","entryPoint":"notifyNewReservation","source":{"storageSource":{"bucket":"gcf-v2-sources-450500386725-us-central1","object":"notifyNewReservation/function-source.zip","generation":"1773891555292892"}},"environmentVariables":{"GOOGLE_NODE_RUN_SCRIPTS":""},"dockerRepository":"projects/gym-managment-10c42/locations/us-central1/repositories/gcf-artifacts","sourceProvenance":{"resolvedStorageSource":{"bucket":"gcf-v2-sources-450500386725-us-central1","object":"notifyNewReservation/function-source.zip","generation":"1773890584360085"}},"dockerRegistry":"ARTIFACT_REGISTRY","serviceAccount":"projects/gym-managment-10c42/serviceAccounts/450500386725-compute@developer.gserviceaccount.com","automaticUpdatePolicy":{}},"serviceConfig":{"service":"projects/gym-managment-10c42/locations/us-central1/services/notifynewreservation","timeoutSeconds":60,"environmentVariables":{"FIREBASE_CONFIG":"{\"projectId\":\"gym-managment-10c42\",\"storageBucket\":\"gym-managment-10c42.firebasestorage.app\"}","GCLOUD_PROJECT":"gym-managment-10c42","EVENTARC_CLOUD_EVENT_SOURCE":"projects/gym-managment-10c42/locations/us-central1/services/notifyNewReservation","FUNCTION_SIGNATURE_TYPE":"cloudevent","FUNCTION_TARGET":"notifyNewReservation","LOG_EXECUTION_ID":"true"},"ingressSettings":"ALLOW_ALL","uri":"https://notifynewreservation-76o3fxd6vq-uc.a.run.app","serviceAccountEmail":"450500386725-compute@developer.gserviceaccount.com","availableMemory":"256Mi","allTrafficOnLatestRevision":true,"revision":"notifynewreservation-00002-cef","maxInstanceRequestConcurrency":80,"availableCpu":"1"},"eventTrigger":{"trigger":"projects/gym-managment-10c42/locations/nam5/triggers/notifynewreservation-309454","triggerRegion":"nam5","eventType":"google.cloud.firestore.document.v1.created","eventFilters":[{"attribute":"database","value":"(default)"},{"attribute":"namespace","value":"(default)"},{"attribute":"document","value":"solicitudes_reserva/{docId}","operator":"match-path-pattern"}],"pubsubTopic":"projects/gym-managment-10c42/topics/eventarc-nam5-notifynewreservation-309454-462","serviceAccountEmail":"450500386725-compute@developer.gserviceaccount.com","retryPolicy":"RETRY_POLICY_DO_NOT_RETRY"},"state":"ACTIVE","labels":{"deployment-tool":"cli-firebase","firebase-functions-hash":"3902d044143ad00923d4445c7105e9dcd6bc9d90"},"environment":"GEN_2","url":"https://us-central1-gym-managment-10c42.cloudfunctions.net/notifyNewReservation","satisfiesPzi":true},"stages":[{"name":"BUILD","message":"Build in progress","state":"IN_PROGRESS","resource":"projects/450500386725/locations/us-central1/builds/d3569033-3d99-4409-9447-6180df0ddbbb","resourceUri":"https://console.cloud.google.com/cloud-build/builds;region=us-central1/d3569033-3d99-4409-9447-6180df0ddbbb?project=450500386725"},{"name":"SERVICE","state":"NOT_STARTED"},{"name":"TRIGGER","state":"NOT_STARTED"}],"operationType":"UPDATE_FUNCTION","buildName":"projects/450500386725/locations/us-central1/builds/d3569033-3d99-4409-9447-6180df0ddbbb"},"done":false}
[debug] [2026-03-19T03:39:19.972Z] [update-default-us-central1-notifyNewReservation] Retrying task index 0
[debug] [2026-03-19T03:39:19.972Z] Checked if tokens are valid: true, expires at: 1773893735496
[debug] [2026-03-19T03:39:19.972Z] Checked if tokens are valid: true, expires at: 1773893735496
[debug] [2026-03-19T03:39:19.972Z] >>> [apiv2][query] GET https://cloudfunctions.googleapis.com/v2/projects/gym-managment-10c42/locations/us-central1/operations/operation-1773891554459-64d584ff94157-d0d0e4bc-4c560def [none]
[debug] [2026-03-19T03:39:20.360Z] <<< [apiv2][status] GET https://cloudfunctions.googleapis.com/v2/projects/gym-managment-10c42/locations/us-central1/operations/operation-1773891554459-64d584ff94157-d0d0e4bc-4c560def 200
[debug] [2026-03-19T03:39:20.360Z] <<< [apiv2][body] GET https://cloudfunctions.googleapis.com/v2/projects/gym-managment-10c42/locations/us-central1/operations/operation-1773891554459-64d584ff94157-d0d0e4bc-4c560def {"name":"projects/gym-managment-10c42/locations/us-central1/operations/operation-1773891554459-64d584ff94157-d0d0e4bc-4c560def","metadata":{"@type":"type.googleapis.com/google.cloud.functions.v2.OperationMetadata","createTime":"2026-03-19T03:39:15.346054605Z","target":"projects/gym-managment-10c42/locations/us-central1/functions/notifyNewReservation","verb":"update","cancelRequested":false,"apiVersion":"v2","requestResource":{"@type":"type.googleapis.com/google.cloud.functions.v2.Function","name":"projects/gym-managment-10c42/locations/us-central1/functions/notifyNewReservation","buildConfig":{"runtime":"nodejs20","entryPoint":"notifyNewReservation","source":{"storageSource":{"bucket":"gcf-v2-sources-450500386725-us-central1","object":"notifyNewReservation/function-source.zip","generation":"1773891555292892"}},"environmentVariables":{"GOOGLE_NODE_RUN_SCRIPTS":""},"dockerRepository":"projects/gym-managment-10c42/locations/us-central1/repositories/gcf-artifacts","sourceProvenance":{"resolvedStorageSource":{"bucket":"gcf-v2-sources-450500386725-us-central1","object":"notifyNewReservation/function-source.zip","generation":"1773890584360085"}},"dockerRegistry":"ARTIFACT_REGISTRY","serviceAccount":"projects/gym-managment-10c42/serviceAccounts/450500386725-compute@developer.gserviceaccount.com","automaticUpdatePolicy":{}},"serviceConfig":{"service":"projects/gym-managment-10c42/locations/us-central1/services/notifynewreservation","timeoutSeconds":60,"environmentVariables":{"FIREBASE_CONFIG":"{\"projectId\":\"gym-managment-10c42\",\"storageBucket\":\"gym-managment-10c42.firebasestorage.app\"}","GCLOUD_PROJECT":"gym-managment-10c42","EVENTARC_CLOUD_EVENT_SOURCE":"projects/gym-managment-10c42/locations/us-central1/services/notifyNewReservation","FUNCTION_SIGNATURE_TYPE":"cloudevent","FUNCTION_TARGET":"notifyNewReservation","LOG_EXECUTION_ID":"true"},"ingressSettings":"ALLOW_ALL","uri":"https://notifynewreservation-76o3fxd6vq-uc.a.run.app","serviceAccountEmail":"450500386725-compute@developer.gserviceaccount.com","availableMemory":"256Mi","allTrafficOnLatestRevision":true,"revision":"notifynewreservation-00002-cef","maxInstanceRequestConcurrency":80,"availableCpu":"1"},"eventTrigger":{"trigger":"projects/gym-managment-10c42/locations/nam5/triggers/notifynewreservation-309454","triggerRegion":"nam5","eventType":"google.cloud.firestore.document.v1.created","eventFilters":[{"attribute":"database","value":"(default)"},{"attribute":"namespace","value":"(default)"},{"attribute":"document","value":"solicitudes_reserva/{docId}","operator":"match-path-pattern"}],"pubsubTopic":"projects/gym-managment-10c42/topics/eventarc-nam5-notifynewreservation-309454-462","serviceAccountEmail":"450500386725-compute@developer.gserviceaccount.com","retryPolicy":"RETRY_POLICY_DO_NOT_RETRY"},"state":"ACTIVE","labels":{"deployment-tool":"cli-firebase","firebase-functions-hash":"3902d044143ad00923d4445c7105e9dcd6bc9d90"},"environment":"GEN_2","url":"https://us-central1-gym-managment-10c42.cloudfunctions.net/notifyNewReservation","satisfiesPzi":true},"stages":[{"name":"BUILD","message":"Build in progress","state":"IN_PROGRESS","resource":"projects/450500386725/locations/us-central1/builds/d3569033-3d99-4409-9447-6180df0ddbbb","resourceUri":"https://console.cloud.google.com/cloud-build/builds;region=us-central1/d3569033-3d99-4409-9447-6180df0ddbbb?project=450500386725"},{"name":"SERVICE","state":"NOT_STARTED"},{"name":"TRIGGER","state":"NOT_STARTED"}],"operationType":"UPDATE_FUNCTION","buildName":"projects/450500386725/locations/us-central1/builds/d3569033-3d99-4409-9447-6180df0ddbbb"},"done":false}
[debug] [2026-03-19T03:39:24.360Z] [update-default-us-central1-notifyNewReservation] Retrying task index 0
[debug] [2026-03-19T03:39:24.361Z] Checked if tokens are valid: true, expires at: 1773893735496
[debug] [2026-03-19T03:39:24.361Z] Checked if tokens are valid: true, expires at: 1773893735496
[debug] [2026-03-19T03:39:24.361Z] >>> [apiv2][query] GET https://cloudfunctions.googleapis.com/v2/projects/gym-managment-10c42/locations/us-central1/operations/operation-1773891554459-64d584ff94157-d0d0e4bc-4c560def [none]
[debug] [2026-03-19T03:39:24.732Z] <<< [apiv2][status] GET https://cloudfunctions.googleapis.com/v2/projects/gym-managment-10c42/locations/us-central1/operations/operation-1773891554459-64d584ff94157-d0d0e4bc-4c560def 200
[debug] [2026-03-19T03:39:24.732Z] <<< [apiv2][body] GET https://cloudfunctions.googleapis.com/v2/projects/gym-managment-10c42/locations/us-central1/operations/operation-1773891554459-64d584ff94157-d0d0e4bc-4c560def {"name":"projects/gym-managment-10c42/locations/us-central1/operations/operation-1773891554459-64d584ff94157-d0d0e4bc-4c560def","metadata":{"@type":"type.googleapis.com/google.cloud.functions.v2.OperationMetadata","createTime":"2026-03-19T03:39:15.346054605Z","target":"projects/gym-managment-10c42/locations/us-central1/functions/notifyNewReservation","verb":"update","cancelRequested":false,"apiVersion":"v2","requestResource":{"@type":"type.googleapis.com/google.cloud.functions.v2.Function","name":"projects/gym-managment-10c42/locations/us-central1/functions/notifyNewReservation","buildConfig":{"runtime":"nodejs20","entryPoint":"notifyNewReservation","source":{"storageSource":{"bucket":"gcf-v2-sources-450500386725-us-central1","object":"notifyNewReservation/function-source.zip","generation":"1773891555292892"}},"environmentVariables":{"GOOGLE_NODE_RUN_SCRIPTS":""},"dockerRepository":"projects/gym-managment-10c42/locations/us-central1/repositories/gcf-artifacts","sourceProvenance":{"resolvedStorageSource":{"bucket":"gcf-v2-sources-450500386725-us-central1","object":"notifyNewReservation/function-source.zip","generation":"1773890584360085"}},"dockerRegistry":"ARTIFACT_REGISTRY","serviceAccount":"projects/gym-managment-10c42/serviceAccounts/450500386725-compute@developer.gserviceaccount.com","automaticUpdatePolicy":{}},"serviceConfig":{"service":"projects/gym-managment-10c42/locations/us-central1/services/notifynewreservation","timeoutSeconds":60,"environmentVariables":{"FIREBASE_CONFIG":"{\"projectId\":\"gym-managment-10c42\",\"storageBucket\":\"gym-managment-10c42.firebasestorage.app\"}","GCLOUD_PROJECT":"gym-managment-10c42","EVENTARC_CLOUD_EVENT_SOURCE":"projects/gym-managment-10c42/locations/us-central1/services/notifyNewReservation","FUNCTION_SIGNATURE_TYPE":"cloudevent","FUNCTION_TARGET":"notifyNewReservation","LOG_EXECUTION_ID":"true"},"ingressSettings":"ALLOW_ALL","uri":"https://notifynewreservation-76o3fxd6vq-uc.a.run.app","serviceAccountEmail":"450500386725-compute@developer.gserviceaccount.com","availableMemory":"256Mi","allTrafficOnLatestRevision":true,"revision":"notifynewreservation-00002-cef","maxInstanceRequestConcurrency":80,"availableCpu":"1"},"eventTrigger":{"trigger":"projects/gym-managment-10c42/locations/nam5/triggers/notifynewreservation-309454","triggerRegion":"nam5","eventType":"google.cloud.firestore.document.v1.created","eventFilters":[{"attribute":"database","value":"(default)"},{"attribute":"namespace","value":"(default)"},{"attribute":"document","value":"solicitudes_reserva/{docId}","operator":"match-path-pattern"}],"pubsubTopic":"projects/gym-managment-10c42/topics/eventarc-nam5-notifynewreservation-309454-462","serviceAccountEmail":"450500386725-compute@developer.gserviceaccount.com","retryPolicy":"RETRY_POLICY_DO_NOT_RETRY"},"state":"ACTIVE","labels":{"deployment-tool":"cli-firebase","firebase-functions-hash":"3902d044143ad00923d4445c7105e9dcd6bc9d90"},"environment":"GEN_2","url":"https://us-central1-gym-managment-10c42.cloudfunctions.net/notifyNewReservation","satisfiesPzi":true},"stages":[{"name":"BUILD","message":"Build in progress","state":"IN_PROGRESS","resource":"projects/450500386725/locations/us-central1/builds/d3569033-3d99-4409-9447-6180df0ddbbb","resourceUri":"https://console.cloud.google.com/cloud-build/builds;region=us-central1/d3569033-3d99-4409-9447-6180df0ddbbb?project=450500386725"},{"name":"SERVICE","state":"NOT_STARTED"},{"name":"TRIGGER","state":"NOT_STARTED"}],"operationType":"UPDATE_FUNCTION","buildName":"projects/450500386725/locations/us-central1/builds/d3569033-3d99-4409-9447-6180df0ddbbb"},"done":false}
[debug] [2026-03-19T03:39:32.734Z] [update-default-us-central1-notifyNewReservation] Retrying task index 0
[debug] [2026-03-19T03:39:32.735Z] Checked if tokens are valid: true, expires at: 1773893735496
[debug] [2026-03-19T03:39:32.735Z] Checked if tokens are valid: true, expires at: 1773893735496
[debug] [2026-03-19T03:39:32.735Z] >>> [apiv2][query] GET https://cloudfunctions.googleapis.com/v2/projects/gym-managment-10c42/locations/us-central1/operations/operation-1773891554459-64d584ff94157-d0d0e4bc-4c560def [none]
[debug] [2026-03-19T03:39:33.370Z] <<< [apiv2][status] GET https://cloudfunctions.googleapis.com/v2/projects/gym-managment-10c42/locations/us-central1/operations/operation-1773891554459-64d584ff94157-d0d0e4bc-4c560def 200
[debug] [2026-03-19T03:39:33.370Z] <<< [apiv2][body] GET https://cloudfunctions.googleapis.com/v2/projects/gym-managment-10c42/locations/us-central1/operations/operation-1773891554459-64d584ff94157-d0d0e4bc-4c560def {"name":"projects/gym-managment-10c42/locations/us-central1/operations/operation-1773891554459-64d584ff94157-d0d0e4bc-4c560def","metadata":{"@type":"type.googleapis.com/google.cloud.functions.v2.OperationMetadata","createTime":"2026-03-19T03:39:15.346054605Z","target":"projects/gym-managment-10c42/locations/us-central1/functions/notifyNewReservation","verb":"update","cancelRequested":false,"apiVersion":"v2","requestResource":{"@type":"type.googleapis.com/google.cloud.functions.v2.Function","name":"projects/gym-managment-10c42/locations/us-central1/functions/notifyNewReservation","buildConfig":{"runtime":"nodejs20","entryPoint":"notifyNewReservation","source":{"storageSource":{"bucket":"gcf-v2-sources-450500386725-us-central1","object":"notifyNewReservation/function-source.zip","generation":"1773891555292892"}},"environmentVariables":{"GOOGLE_NODE_RUN_SCRIPTS":""},"dockerRepository":"projects/gym-managment-10c42/locations/us-central1/repositories/gcf-artifacts","sourceProvenance":{"resolvedStorageSource":{"bucket":"gcf-v2-sources-450500386725-us-central1","object":"notifyNewReservation/function-source.zip","generation":"1773890584360085"}},"dockerRegistry":"ARTIFACT_REGISTRY","serviceAccount":"projects/gym-managment-10c42/serviceAccounts/450500386725-compute@developer.gserviceaccount.com","automaticUpdatePolicy":{}},"serviceConfig":{"service":"projects/gym-managment-10c42/locations/us-central1/services/notifynewreservation","timeoutSeconds":60,"environmentVariables":{"FIREBASE_CONFIG":"{\"projectId\":\"gym-managment-10c42\",\"storageBucket\":\"gym-managment-10c42.firebasestorage.app\"}","GCLOUD_PROJECT":"gym-managment-10c42","EVENTARC_CLOUD_EVENT_SOURCE":"projects/gym-managment-10c42/locations/us-central1/services/notifyNewReservation","FUNCTION_SIGNATURE_TYPE":"cloudevent","FUNCTION_TARGET":"notifyNewReservation","LOG_EXECUTION_ID":"true"},"ingressSettings":"ALLOW_ALL","uri":"https://notifynewreservation-76o3fxd6vq-uc.a.run.app","serviceAccountEmail":"450500386725-compute@developer.gserviceaccount.com","availableMemory":"256Mi","allTrafficOnLatestRevision":true,"revision":"notifynewreservation-00002-cef","maxInstanceRequestConcurrency":80,"availableCpu":"1"},"eventTrigger":{"trigger":"projects/gym-managment-10c42/locations/nam5/triggers/notifynewreservation-309454","triggerRegion":"nam5","eventType":"google.cloud.firestore.document.v1.created","eventFilters":[{"attribute":"database","value":"(default)"},{"attribute":"namespace","value":"(default)"},{"attribute":"document","value":"solicitudes_reserva/{docId}","operator":"match-path-pattern"}],"pubsubTopic":"projects/gym-managment-10c42/topics/eventarc-nam5-notifynewreservation-309454-462","serviceAccountEmail":"450500386725-compute@developer.gserviceaccount.com","retryPolicy":"RETRY_POLICY_DO_NOT_RETRY"},"state":"ACTIVE","labels":{"deployment-tool":"cli-firebase","firebase-functions-hash":"3902d044143ad00923d4445c7105e9dcd6bc9d90"},"environment":"GEN_2","url":"https://us-central1-gym-managment-10c42.cloudfunctions.net/notifyNewReservation","satisfiesPzi":true},"stages":[{"name":"BUILD","message":"Build in progress","state":"IN_PROGRESS","resource":"projects/450500386725/locations/us-central1/builds/d3569033-3d99-4409-9447-6180df0ddbbb","resourceUri":"https://console.cloud.google.com/cloud-build/builds;region=us-central1/d3569033-3d99-4409-9447-6180df0ddbbb?project=450500386725"},{"name":"SERVICE","state":"NOT_STARTED"},{"name":"TRIGGER","state":"NOT_STARTED"}],"operationType":"UPDATE_FUNCTION","buildName":"projects/450500386725/locations/us-central1/builds/d3569033-3d99-4409-9447-6180df0ddbbb"},"done":false}
[debug] [2026-03-19T03:39:43.375Z] [update-default-us-central1-notifyNewReservation] Retrying task index 0
[debug] [2026-03-19T03:39:43.376Z] Checked if tokens are valid: true, expires at: 1773893735496
[debug] [2026-03-19T03:39:43.376Z] Checked if tokens are valid: true, expires at: 1773893735496
[debug] [2026-03-19T03:39:43.376Z] >>> [apiv2][query] GET https://cloudfunctions.googleapis.com/v2/projects/gym-managment-10c42/locations/us-central1/operations/operation-1773891554459-64d584ff94157-d0d0e4bc-4c560def [none]
[debug] [2026-03-19T03:39:44.057Z] <<< [apiv2][status] GET https://cloudfunctions.googleapis.com/v2/projects/gym-managment-10c42/locations/us-central1/operations/operation-1773891554459-64d584ff94157-d0d0e4bc-4c560def 200
[debug] [2026-03-19T03:39:44.058Z] <<< [apiv2][body] GET https://cloudfunctions.googleapis.com/v2/projects/gym-managment-10c42/locations/us-central1/operations/operation-1773891554459-64d584ff94157-d0d0e4bc-4c560def {"name":"projects/gym-managment-10c42/locations/us-central1/operations/operation-1773891554459-64d584ff94157-d0d0e4bc-4c560def","metadata":{"@type":"type.googleapis.com/google.cloud.functions.v2.OperationMetadata","createTime":"2026-03-19T03:39:15.346054605Z","target":"projects/gym-managment-10c42/locations/us-central1/functions/notifyNewReservation","verb":"update","cancelRequested":false,"apiVersion":"v2","requestResource":{"@type":"type.googleapis.com/google.cloud.functions.v2.Function","name":"projects/gym-managment-10c42/locations/us-central1/functions/notifyNewReservation","buildConfig":{"runtime":"nodejs20","entryPoint":"notifyNewReservation","source":{"storageSource":{"bucket":"gcf-v2-sources-450500386725-us-central1","object":"notifyNewReservation/function-source.zip","generation":"1773891555292892"}},"environmentVariables":{"GOOGLE_NODE_RUN_SCRIPTS":""},"dockerRepository":"projects/gym-managment-10c42/locations/us-central1/repositories/gcf-artifacts","sourceProvenance":{"resolvedStorageSource":{"bucket":"gcf-v2-sources-450500386725-us-central1","object":"notifyNewReservation/function-source.zip","generation":"1773890584360085"}},"dockerRegistry":"ARTIFACT_REGISTRY","serviceAccount":"projects/gym-managment-10c42/serviceAccounts/450500386725-compute@developer.gserviceaccount.com","automaticUpdatePolicy":{}},"serviceConfig":{"service":"projects/gym-managment-10c42/locations/us-central1/services/notifynewreservation","timeoutSeconds":60,"environmentVariables":{"FIREBASE_CONFIG":"{\"projectId\":\"gym-managment-10c42\",\"storageBucket\":\"gym-managment-10c42.firebasestorage.app\"}","GCLOUD_PROJECT":"gym-managment-10c42","EVENTARC_CLOUD_EVENT_SOURCE":"projects/gym-managment-10c42/locations/us-central1/services/notifyNewReservation","FUNCTION_SIGNATURE_TYPE":"cloudevent","FUNCTION_TARGET":"notifyNewReservation","LOG_EXECUTION_ID":"true"},"ingressSettings":"ALLOW_ALL","uri":"https://notifynewreservation-76o3fxd6vq-uc.a.run.app","serviceAccountEmail":"450500386725-compute@developer.gserviceaccount.com","availableMemory":"256Mi","allTrafficOnLatestRevision":true,"revision":"notifynewreservation-00002-cef","maxInstanceRequestConcurrency":80,"availableCpu":"1"},"eventTrigger":{"trigger":"projects/gym-managment-10c42/locations/nam5/triggers/notifynewreservation-309454","triggerRegion":"nam5","eventType":"google.cloud.firestore.document.v1.created","eventFilters":[{"attribute":"database","value":"(default)"},{"attribute":"namespace","value":"(default)"},{"attribute":"document","value":"solicitudes_reserva/{docId}","operator":"match-path-pattern"}],"pubsubTopic":"projects/gym-managment-10c42/topics/eventarc-nam5-notifynewreservation-309454-462","serviceAccountEmail":"450500386725-compute@developer.gserviceaccount.com","retryPolicy":"RETRY_POLICY_DO_NOT_RETRY"},"state":"ACTIVE","labels":{"deployment-tool":"cli-firebase","firebase-functions-hash":"3902d044143ad00923d4445c7105e9dcd6bc9d90"},"environment":"GEN_2","url":"https://us-central1-gym-managment-10c42.cloudfunctions.net/notifyNewReservation","satisfiesPzi":true},"stages":[{"name":"BUILD","message":"Build in progress","state":"IN_PROGRESS","resource":"projects/450500386725/locations/us-central1/builds/d3569033-3d99-4409-9447-6180df0ddbbb","resourceUri":"https://console.cloud.google.com/cloud-build/builds;region=us-central1/d3569033-3d99-4409-9447-6180df0ddbbb?project=450500386725"},{"name":"SERVICE","state":"NOT_STARTED"},{"name":"TRIGGER","state":"NOT_STARTED"}],"operationType":"UPDATE_FUNCTION","buildName":"projects/450500386725/locations/us-central1/builds/d3569033-3d99-4409-9447-6180df0ddbbb"},"done":false}
[debug] [2026-03-19T03:39:54.062Z] [update-default-us-central1-notifyNewReservation] Retrying task index 0
[debug] [2026-03-19T03:39:54.062Z] Checked if tokens are valid: true, expires at: 1773893735496
[debug] [2026-03-19T03:39:54.063Z] Checked if tokens are valid: true, expires at: 1773893735496
[debug] [2026-03-19T03:39:54.063Z] >>> [apiv2][query] GET https://cloudfunctions.googleapis.com/v2/projects/gym-managment-10c42/locations/us-central1/operations/operation-1773891554459-64d584ff94157-d0d0e4bc-4c560def [none]
[debug] [2026-03-19T03:39:54.735Z] <<< [apiv2][status] GET https://cloudfunctions.googleapis.com/v2/projects/gym-managment-10c42/locations/us-central1/operations/operation-1773891554459-64d584ff94157-d0d0e4bc-4c560def 200
[debug] [2026-03-19T03:39:54.735Z] <<< [apiv2][body] GET https://cloudfunctions.googleapis.com/v2/projects/gym-managment-10c42/locations/us-central1/operations/operation-1773891554459-64d584ff94157-d0d0e4bc-4c560def {"name":"projects/gym-managment-10c42/locations/us-central1/operations/operation-1773891554459-64d584ff94157-d0d0e4bc-4c560def","metadata":{"@type":"type.googleapis.com/google.cloud.functions.v2.OperationMetadata","createTime":"2026-03-19T03:39:15.346054605Z","target":"projects/gym-managment-10c42/locations/us-central1/functions/notifyNewReservation","verb":"update","cancelRequested":false,"apiVersion":"v2","requestResource":{"@type":"type.googleapis.com/google.cloud.functions.v2.Function","name":"projects/gym-managment-10c42/locations/us-central1/functions/notifyNewReservation","buildConfig":{"runtime":"nodejs20","entryPoint":"notifyNewReservation","source":{"storageSource":{"bucket":"gcf-v2-sources-450500386725-us-central1","object":"notifyNewReservation/function-source.zip","generation":"1773891555292892"}},"environmentVariables":{"GOOGLE_NODE_RUN_SCRIPTS":""},"dockerRepository":"projects/gym-managment-10c42/locations/us-central1/repositories/gcf-artifacts","sourceProvenance":{"resolvedStorageSource":{"bucket":"gcf-v2-sources-450500386725-us-central1","object":"notifyNewReservation/function-source.zip","generation":"1773890584360085"}},"dockerRegistry":"ARTIFACT_REGISTRY","serviceAccount":"projects/gym-managment-10c42/serviceAccounts/450500386725-compute@developer.gserviceaccount.com","automaticUpdatePolicy":{}},"serviceConfig":{"service":"projects/gym-managment-10c42/locations/us-central1/services/notifynewreservation","timeoutSeconds":60,"environmentVariables":{"FIREBASE_CONFIG":"{\"projectId\":\"gym-managment-10c42\",\"storageBucket\":\"gym-managment-10c42.firebasestorage.app\"}","GCLOUD_PROJECT":"gym-managment-10c42","EVENTARC_CLOUD_EVENT_SOURCE":"projects/gym-managment-10c42/locations/us-central1/services/notifyNewReservation","FUNCTION_SIGNATURE_TYPE":"cloudevent","FUNCTION_TARGET":"notifyNewReservation","LOG_EXECUTION_ID":"true"},"ingressSettings":"ALLOW_ALL","uri":"https://notifynewreservation-76o3fxd6vq-uc.a.run.app","serviceAccountEmail":"450500386725-compute@developer.gserviceaccount.com","availableMemory":"256Mi","allTrafficOnLatestRevision":true,"revision":"notifynewreservation-00002-cef","maxInstanceRequestConcurrency":80,"availableCpu":"1"},"eventTrigger":{"trigger":"projects/gym-managment-10c42/locations/nam5/triggers/notifynewreservation-309454","triggerRegion":"nam5","eventType":"google.cloud.firestore.document.v1.created","eventFilters":[{"attribute":"database","value":"(default)"},{"attribute":"namespace","value":"(default)"},{"attribute":"document","value":"solicitudes_reserva/{docId}","operator":"match-path-pattern"}],"pubsubTopic":"projects/gym-managment-10c42/topics/eventarc-nam5-notifynewreservation-309454-462","serviceAccountEmail":"450500386725-compute@developer.gserviceaccount.com","retryPolicy":"RETRY_POLICY_DO_NOT_RETRY"},"state":"ACTIVE","labels":{"deployment-tool":"cli-firebase","firebase-functions-hash":"3902d044143ad00923d4445c7105e9dcd6bc9d90"},"environment":"GEN_2","url":"https://us-central1-gym-managment-10c42.cloudfunctions.net/notifyNewReservation","satisfiesPzi":true},"stages":[{"name":"BUILD","message":"Build in progress","state":"IN_PROGRESS","resource":"projects/450500386725/locations/us-central1/builds/d3569033-3d99-4409-9447-6180df0ddbbb","resourceUri":"https://console.cloud.google.com/cloud-build/builds;region=us-central1/d3569033-3d99-4409-9447-6180df0ddbbb?project=450500386725"},{"name":"SERVICE","state":"NOT_STARTED"},{"name":"TRIGGER","state":"NOT_STARTED"}],"operationType":"UPDATE_FUNCTION","buildName":"projects/450500386725/locations/us-central1/builds/d3569033-3d99-4409-9447-6180df0ddbbb"},"done":false}
[debug] [2026-03-19T03:40:04.740Z] [update-default-us-central1-notifyNewReservation] Retrying task index 0
[debug] [2026-03-19T03:40:04.740Z] Checked if tokens are valid: true, expires at: 1773893735496
[debug] [2026-03-19T03:40:04.740Z] Checked if tokens are valid: true, expires at: 1773893735496
[debug] [2026-03-19T03:40:04.740Z] >>> [apiv2][query] GET https://cloudfunctions.googleapis.com/v2/projects/gym-managment-10c42/locations/us-central1/operations/operation-1773891554459-64d584ff94157-d0d0e4bc-4c560def [none]
[debug] [2026-03-19T03:40:05.442Z] <<< [apiv2][status] GET https://cloudfunctions.googleapis.com/v2/projects/gym-managment-10c42/locations/us-central1/operations/operation-1773891554459-64d584ff94157-d0d0e4bc-4c560def 200
[debug] [2026-03-19T03:40:05.443Z] <<< [apiv2][body] GET https://cloudfunctions.googleapis.com/v2/projects/gym-managment-10c42/locations/us-central1/operations/operation-1773891554459-64d584ff94157-d0d0e4bc-4c560def {"name":"projects/gym-managment-10c42/locations/us-central1/operations/operation-1773891554459-64d584ff94157-d0d0e4bc-4c560def","metadata":{"@type":"type.googleapis.com/google.cloud.functions.v2.OperationMetadata","createTime":"2026-03-19T03:39:15.346054605Z","target":"projects/gym-managment-10c42/locations/us-central1/functions/notifyNewReservation","verb":"update","cancelRequested":false,"apiVersion":"v2","requestResource":{"@type":"type.googleapis.com/google.cloud.functions.v2.Function","name":"projects/gym-managment-10c42/locations/us-central1/functions/notifyNewReservation","buildConfig":{"runtime":"nodejs20","entryPoint":"notifyNewReservation","source":{"storageSource":{"bucket":"gcf-v2-sources-450500386725-us-central1","object":"notifyNewReservation/function-source.zip","generation":"1773891555292892"}},"environmentVariables":{"GOOGLE_NODE_RUN_SCRIPTS":""},"dockerRepository":"projects/gym-managment-10c42/locations/us-central1/repositories/gcf-artifacts","sourceProvenance":{"resolvedStorageSource":{"bucket":"gcf-v2-sources-450500386725-us-central1","object":"notifyNewReservation/function-source.zip","generation":"1773890584360085"}},"dockerRegistry":"ARTIFACT_REGISTRY","serviceAccount":"projects/gym-managment-10c42/serviceAccounts/450500386725-compute@developer.gserviceaccount.com","automaticUpdatePolicy":{}},"serviceConfig":{"service":"projects/gym-managment-10c42/locations/us-central1/services/notifynewreservation","timeoutSeconds":60,"environmentVariables":{"FIREBASE_CONFIG":"{\"projectId\":\"gym-managment-10c42\",\"storageBucket\":\"gym-managment-10c42.firebasestorage.app\"}","GCLOUD_PROJECT":"gym-managment-10c42","EVENTARC_CLOUD_EVENT_SOURCE":"projects/gym-managment-10c42/locations/us-central1/services/notifyNewReservation","FUNCTION_SIGNATURE_TYPE":"cloudevent","FUNCTION_TARGET":"notifyNewReservation","LOG_EXECUTION_ID":"true"},"ingressSettings":"ALLOW_ALL","uri":"https://notifynewreservation-76o3fxd6vq-uc.a.run.app","serviceAccountEmail":"450500386725-compute@developer.gserviceaccount.com","availableMemory":"256Mi","allTrafficOnLatestRevision":true,"revision":"notifynewreservation-00002-cef","maxInstanceRequestConcurrency":80,"availableCpu":"1"},"eventTrigger":{"trigger":"projects/gym-managment-10c42/locations/nam5/triggers/notifynewreservation-309454","triggerRegion":"nam5","eventType":"google.cloud.firestore.document.v1.created","eventFilters":[{"attribute":"database","value":"(default)"},{"attribute":"namespace","value":"(default)"},{"attribute":"document","value":"solicitudes_reserva/{docId}","operator":"match-path-pattern"}],"pubsubTopic":"projects/gym-managment-10c42/topics/eventarc-nam5-notifynewreservation-309454-462","serviceAccountEmail":"450500386725-compute@developer.gserviceaccount.com","retryPolicy":"RETRY_POLICY_DO_NOT_RETRY"},"state":"ACTIVE","labels":{"deployment-tool":"cli-firebase","firebase-functions-hash":"3902d044143ad00923d4445c7105e9dcd6bc9d90"},"environment":"GEN_2","url":"https://us-central1-gym-managment-10c42.cloudfunctions.net/notifyNewReservation","satisfiesPzi":true},"stages":[{"name":"BUILD","message":"Build in progress","state":"IN_PROGRESS","resource":"projects/450500386725/locations/us-central1/builds/d3569033-3d99-4409-9447-6180df0ddbbb","resourceUri":"https://console.cloud.google.com/cloud-build/builds;region=us-central1/d3569033-3d99-4409-9447-6180df0ddbbb?project=450500386725"},{"name":"SERVICE","state":"NOT_STARTED"},{"name":"TRIGGER","state":"NOT_STARTED"}],"operationType":"UPDATE_FUNCTION","buildName":"projects/450500386725/locations/us-central1/builds/d3569033-3d99-4409-9447-6180df0ddbbb"},"done":false}
[debug] [2026-03-19T03:40:15.447Z] [update-default-us-central1-notifyNewReservation] Retrying task index 0
[debug] [2026-03-19T03:40:15.448Z] Checked if tokens are valid: true, expires at: 1773893735496
[debug] [2026-03-19T03:40:15.448Z] Checked if tokens are valid: true, expires at: 1773893735496
[debug] [2026-03-19T03:40:15.448Z] >>> [apiv2][query] GET https://cloudfunctions.googleapis.com/v2/projects/gym-managment-10c42/locations/us-central1/operations/operation-1773891554459-64d584ff94157-d0d0e4bc-4c560def [none]
[debug] [2026-03-19T03:40:16.123Z] <<< [apiv2][status] GET https://cloudfunctions.googleapis.com/v2/projects/gym-managment-10c42/locations/us-central1/operations/operation-1773891554459-64d584ff94157-d0d0e4bc-4c560def 200
[debug] [2026-03-19T03:40:16.123Z] <<< [apiv2][body] GET https://cloudfunctions.googleapis.com/v2/projects/gym-managment-10c42/locations/us-central1/operations/operation-1773891554459-64d584ff94157-d0d0e4bc-4c560def {"name":"projects/gym-managment-10c42/locations/us-central1/operations/operation-1773891554459-64d584ff94157-d0d0e4bc-4c560def","metadata":{"@type":"type.googleapis.com/google.cloud.functions.v2.OperationMetadata","createTime":"2026-03-19T03:39:15.346054605Z","target":"projects/gym-managment-10c42/locations/us-central1/functions/notifyNewReservation","verb":"update","cancelRequested":false,"apiVersion":"v2","requestResource":{"@type":"type.googleapis.com/google.cloud.functions.v2.Function","name":"projects/gym-managment-10c42/locations/us-central1/functions/notifyNewReservation","buildConfig":{"runtime":"nodejs20","entryPoint":"notifyNewReservation","source":{"storageSource":{"bucket":"gcf-v2-sources-450500386725-us-central1","object":"notifyNewReservation/function-source.zip","generation":"1773891555292892"}},"environmentVariables":{"GOOGLE_NODE_RUN_SCRIPTS":""},"dockerRepository":"projects/gym-managment-10c42/locations/us-central1/repositories/gcf-artifacts","sourceProvenance":{"resolvedStorageSource":{"bucket":"gcf-v2-sources-450500386725-us-central1","object":"notifyNewReservation/function-source.zip","generation":"1773890584360085"}},"dockerRegistry":"ARTIFACT_REGISTRY","serviceAccount":"projects/gym-managment-10c42/serviceAccounts/450500386725-compute@developer.gserviceaccount.com","automaticUpdatePolicy":{}},"serviceConfig":{"service":"projects/gym-managment-10c42/locations/us-central1/services/notifynewreservation","timeoutSeconds":60,"environmentVariables":{"FIREBASE_CONFIG":"{\"projectId\":\"gym-managment-10c42\",\"storageBucket\":\"gym-managment-10c42.firebasestorage.app\"}","GCLOUD_PROJECT":"gym-managment-10c42","EVENTARC_CLOUD_EVENT_SOURCE":"projects/gym-managment-10c42/locations/us-central1/services/notifyNewReservation","FUNCTION_SIGNATURE_TYPE":"cloudevent","FUNCTION_TARGET":"notifyNewReservation","LOG_EXECUTION_ID":"true"},"ingressSettings":"ALLOW_ALL","uri":"https://notifynewreservation-76o3fxd6vq-uc.a.run.app","serviceAccountEmail":"450500386725-compute@developer.gserviceaccount.com","availableMemory":"256Mi","allTrafficOnLatestRevision":true,"revision":"notifynewreservation-00002-cef","maxInstanceRequestConcurrency":80,"availableCpu":"1"},"eventTrigger":{"trigger":"projects/gym-managment-10c42/locations/nam5/triggers/notifynewreservation-309454","triggerRegion":"nam5","eventType":"google.cloud.firestore.document.v1.created","eventFilters":[{"attribute":"database","value":"(default)"},{"attribute":"namespace","value":"(default)"},{"attribute":"document","value":"solicitudes_reserva/{docId}","operator":"match-path-pattern"}],"pubsubTopic":"projects/gym-managment-10c42/topics/eventarc-nam5-notifynewreservation-309454-462","serviceAccountEmail":"450500386725-compute@developer.gserviceaccount.com","retryPolicy":"RETRY_POLICY_DO_NOT_RETRY"},"state":"ACTIVE","labels":{"deployment-tool":"cli-firebase","firebase-functions-hash":"3902d044143ad00923d4445c7105e9dcd6bc9d90"},"environment":"GEN_2","url":"https://us-central1-gym-managment-10c42.cloudfunctions.net/notifyNewReservation","satisfiesPzi":true},"stages":[{"name":"BUILD","message":"Build finished","state":"COMPLETE","resource":"projects/450500386725/locations/us-central1/builds/d3569033-3d99-4409-9447-6180df0ddbbb","resourceUri":"https://console.cloud.google.com/cloud-build/builds;region=us-central1/d3569033-3d99-4409-9447-6180df0ddbbb?project=450500386725"},{"name":"SERVICE","message":"Updating Cloud Run service","state":"IN_PROGRESS","resource":"projects/gym-managment-10c42/locations/us-central1/services/notifynewreservation","resourceUri":"https://console.cloud.google.com/run/detail/us-central1/notifynewreservation?project=gym-managment-10c42","stateMessages":[{"severity":"INFO","type":"CloudRunServiceNewRevisionTrafficInfo","message":"A new revision will be deployed serving with 100% traffic."}]},{"name":"TRIGGER","state":"NOT_STARTED"}],"sourceToken":"Cldwcm9qZWN0cy80NTA1MDAzODY3MjUvbG9jYXRpb25zL3VzLWNlbnRyYWwxL2J1aWxkcy9kMzU2OTAzMy0zZDk5LTQ0MDktOTQ0Ny02MTgwZGYwZGRiYmISggF1cy1jZW50cmFsMS1kb2NrZXIucGtnLmRldi9neW0tbWFuYWdtZW50LTEwYzQyL2djZi1hcnRpZmFjdHMvZ3ltLS1tYW5hZ21lbnQtLTEwYzQyX191cy0tY2VudHJhbDFfX25vdGlmeV9uZXdfcmVzZXJ2YXRpb246dmVyc2lvbl8xGKW/qZ+ODSJRcHJvamVjdHMvZ3ltLW1hbmFnbWVudC0xMGM0Mi9sb2NhdGlvbnMvdXMtY2VudHJhbDEvZnVuY3Rpb25zL25vdGlmeU5ld1Jlc2VydmF0aW9uKgwImeDtzQYQ6If9+gEyCG5vZGVqczIwOnYKI2djci5pby9nYWUtcnVudGltZXMvbm9kZWpzMjA6c3RhYmxlEk91cy1jZW50cmFsMS1kb2NrZXIucGtnLmRldi9zZXJ2ZXJsZXNzLXJ1bnRpbWVzL2dvb2dsZS0yMi1mdWxsL3J1bnRpbWVzL25vZGVqczIwQAE=","operationType":"UPDATE_FUNCTION","buildName":"projects/450500386725/locations/us-central1/builds/d3569033-3d99-4409-9447-6180df0ddbbb"},"done":false}
[debug] [2026-03-19T03:40:16.123Z] Got source token Cldwcm9qZWN0cy80NTA1MDAzODY3MjUvbG9jYXRpb25zL3VzLWNlbnRyYWwxL2J1aWxkcy9kMzU2OTAzMy0zZDk5LTQ0MDktOTQ0Ny02MTgwZGYwZGRiYmISggF1cy1jZW50cmFsMS1kb2NrZXIucGtnLmRldi9neW0tbWFuYWdtZW50LTEwYzQyL2djZi1hcnRpZmFjdHMvZ3ltLS1tYW5hZ21lbnQtLTEwYzQyX191cy0tY2VudHJhbDFfX25vdGlmeV9uZXdfcmVzZXJ2YXRpb246dmVyc2lvbl8xGKW/qZ+ODSJRcHJvamVjdHMvZ3ltLW1hbmFnbWVudC0xMGM0Mi9sb2NhdGlvbnMvdXMtY2VudHJhbDEvZnVuY3Rpb25zL25vdGlmeU5ld1Jlc2VydmF0aW9uKgwImeDtzQYQ6If9+gEyCG5vZGVqczIwOnYKI2djci5pby9nYWUtcnVudGltZXMvbm9kZWpzMjA6c3RhYmxlEk91cy1jZW50cmFsMS1kb2NrZXIucGtnLmRldi9zZXJ2ZXJsZXNzLXJ1bnRpbWVzL2dvb2dsZS0yMi1mdWxsL3J1bnRpbWVzL25vZGVqczIwQAE= for region us-central1
[debug] [2026-03-19T03:40:26.127Z] [update-default-us-central1-notifyNewReservation] Retrying task index 0
[debug] [2026-03-19T03:40:26.127Z] Checked if tokens are valid: true, expires at: 1773893735496
[debug] [2026-03-19T03:40:26.127Z] Checked if tokens are valid: true, expires at: 1773893735496
[debug] [2026-03-19T03:40:26.127Z] >>> [apiv2][query] GET https://cloudfunctions.googleapis.com/v2/projects/gym-managment-10c42/locations/us-central1/operations/operation-1773891554459-64d584ff94157-d0d0e4bc-4c560def [none]
[debug] [2026-03-19T03:40:26.799Z] <<< [apiv2][status] GET https://cloudfunctions.googleapis.com/v2/projects/gym-managment-10c42/locations/us-central1/operations/operation-1773891554459-64d584ff94157-d0d0e4bc-4c560def 200
[debug] [2026-03-19T03:40:26.799Z] <<< [apiv2][body] GET https://cloudfunctions.googleapis.com/v2/projects/gym-managment-10c42/locations/us-central1/operations/operation-1773891554459-64d584ff94157-d0d0e4bc-4c560def {"name":"projects/gym-managment-10c42/locations/us-central1/operations/operation-1773891554459-64d584ff94157-d0d0e4bc-4c560def","metadata":{"@type":"type.googleapis.com/google.cloud.functions.v2.OperationMetadata","createTime":"2026-03-19T03:39:15.346054605Z","target":"projects/gym-managment-10c42/locations/us-central1/functions/notifyNewReservation","verb":"update","cancelRequested":false,"apiVersion":"v2","requestResource":{"@type":"type.googleapis.com/google.cloud.functions.v2.Function","name":"projects/gym-managment-10c42/locations/us-central1/functions/notifyNewReservation","buildConfig":{"runtime":"nodejs20","entryPoint":"notifyNewReservation","source":{"storageSource":{"bucket":"gcf-v2-sources-450500386725-us-central1","object":"notifyNewReservation/function-source.zip","generation":"1773891555292892"}},"environmentVariables":{"GOOGLE_NODE_RUN_SCRIPTS":""},"dockerRepository":"projects/gym-managment-10c42/locations/us-central1/repositories/gcf-artifacts","sourceProvenance":{"resolvedStorageSource":{"bucket":"gcf-v2-sources-450500386725-us-central1","object":"notifyNewReservation/function-source.zip","generation":"1773890584360085"}},"dockerRegistry":"ARTIFACT_REGISTRY","serviceAccount":"projects/gym-managment-10c42/serviceAccounts/450500386725-compute@developer.gserviceaccount.com","automaticUpdatePolicy":{}},"serviceConfig":{"service":"projects/gym-managment-10c42/locations/us-central1/services/notifynewreservation","timeoutSeconds":60,"environmentVariables":{"FIREBASE_CONFIG":"{\"projectId\":\"gym-managment-10c42\",\"storageBucket\":\"gym-managment-10c42.firebasestorage.app\"}","GCLOUD_PROJECT":"gym-managment-10c42","EVENTARC_CLOUD_EVENT_SOURCE":"projects/gym-managment-10c42/locations/us-central1/services/notifyNewReservation","FUNCTION_SIGNATURE_TYPE":"cloudevent","FUNCTION_TARGET":"notifyNewReservation","LOG_EXECUTION_ID":"true"},"ingressSettings":"ALLOW_ALL","uri":"https://notifynewreservation-76o3fxd6vq-uc.a.run.app","serviceAccountEmail":"450500386725-compute@developer.gserviceaccount.com","availableMemory":"256Mi","allTrafficOnLatestRevision":true,"revision":"notifynewreservation-00002-cef","maxInstanceRequestConcurrency":80,"availableCpu":"1"},"eventTrigger":{"trigger":"projects/gym-managment-10c42/locations/nam5/triggers/notifynewreservation-309454","triggerRegion":"nam5","eventType":"google.cloud.firestore.document.v1.created","eventFilters":[{"attribute":"database","value":"(default)"},{"attribute":"namespace","value":"(default)"},{"attribute":"document","value":"solicitudes_reserva/{docId}","operator":"match-path-pattern"}],"pubsubTopic":"projects/gym-managment-10c42/topics/eventarc-nam5-notifynewreservation-309454-462","serviceAccountEmail":"450500386725-compute@developer.gserviceaccount.com","retryPolicy":"RETRY_POLICY_DO_NOT_RETRY"},"state":"ACTIVE","labels":{"deployment-tool":"cli-firebase","firebase-functions-hash":"3902d044143ad00923d4445c7105e9dcd6bc9d90"},"environment":"GEN_2","url":"https://us-central1-gym-managment-10c42.cloudfunctions.net/notifyNewReservation","satisfiesPzi":true},"stages":[{"name":"BUILD","message":"Build finished","state":"COMPLETE","resource":"projects/450500386725/locations/us-central1/builds/d3569033-3d99-4409-9447-6180df0ddbbb","resourceUri":"https://console.cloud.google.com/cloud-build/builds;region=us-central1/d3569033-3d99-4409-9447-6180df0ddbbb?project=450500386725"},{"name":"SERVICE","message":"Updating Cloud Run service","state":"IN_PROGRESS","resource":"projects/gym-managment-10c42/locations/us-central1/services/notifynewreservation","resourceUri":"https://console.cloud.google.com/run/detail/us-central1/notifynewreservation?project=gym-managment-10c42","stateMessages":[{"severity":"INFO","type":"CloudRunServiceNewRevisionTrafficInfo","message":"A new revision will be deployed serving with 100% traffic."}]},{"name":"TRIGGER","state":"NOT_STARTED"}],"sourceToken":"Cldwcm9qZWN0cy80NTA1MDAzODY3MjUvbG9jYXRpb25zL3VzLWNlbnRyYWwxL2J1aWxkcy9kMzU2OTAzMy0zZDk5LTQ0MDktOTQ0Ny02MTgwZGYwZGRiYmISggF1cy1jZW50cmFsMS1kb2NrZXIucGtnLmRldi9neW0tbWFuYWdtZW50LTEwYzQyL2djZi1hcnRpZmFjdHMvZ3ltLS1tYW5hZ21lbnQtLTEwYzQyX191cy0tY2VudHJhbDFfX25vdGlmeV9uZXdfcmVzZXJ2YXRpb246dmVyc2lvbl8xGKW/qZ+ODSJRcHJvamVjdHMvZ3ltLW1hbmFnbWVudC0xMGM0Mi9sb2NhdGlvbnMvdXMtY2VudHJhbDEvZnVuY3Rpb25zL25vdGlmeU5ld1Jlc2VydmF0aW9uKgwImeDtzQYQ6If9+gEyCG5vZGVqczIwOnYKI2djci5pby9nYWUtcnVudGltZXMvbm9kZWpzMjA6c3RhYmxlEk91cy1jZW50cmFsMS1kb2NrZXIucGtnLmRldi9zZXJ2ZXJsZXNzLXJ1bnRpbWVzL2dvb2dsZS0yMi1mdWxsL3J1bnRpbWVzL25vZGVqczIwQAE=","operationType":"UPDATE_FUNCTION","buildName":"projects/450500386725/locations/us-central1/builds/d3569033-3d99-4409-9447-6180df0ddbbb"},"done":false}
[debug] [2026-03-19T03:40:26.799Z] Got source token Cldwcm9qZWN0cy80NTA1MDAzODY3MjUvbG9jYXRpb25zL3VzLWNlbnRyYWwxL2J1aWxkcy9kMzU2OTAzMy0zZDk5LTQ0MDktOTQ0Ny02MTgwZGYwZGRiYmISggF1cy1jZW50cmFsMS1kb2NrZXIucGtnLmRldi9neW0tbWFuYWdtZW50LTEwYzQyL2djZi1hcnRpZmFjdHMvZ3ltLS1tYW5hZ21lbnQtLTEwYzQyX191cy0tY2VudHJhbDFfX25vdGlmeV9uZXdfcmVzZXJ2YXRpb246dmVyc2lvbl8xGKW/qZ+ODSJRcHJvamVjdHMvZ3ltLW1hbmFnbWVudC0xMGM0Mi9sb2NhdGlvbnMvdXMtY2VudHJhbDEvZnVuY3Rpb25zL25vdGlmeU5ld1Jlc2VydmF0aW9uKgwImeDtzQYQ6If9+gEyCG5vZGVqczIwOnYKI2djci5pby9nYWUtcnVudGltZXMvbm9kZWpzMjA6c3RhYmxlEk91cy1jZW50cmFsMS1kb2NrZXIucGtnLmRldi9zZXJ2ZXJsZXNzLXJ1bnRpbWVzL2dvb2dsZS0yMi1mdWxsL3J1bnRpbWVzL25vZGVqczIwQAE= for region us-central1
[debug] [2026-03-19T03:40:36.804Z] [update-default-us-central1-notifyNewReservation] Retrying task index 0
[debug] [2026-03-19T03:40:36.804Z] Checked if tokens are valid: true, expires at: 1773893735496
[debug] [2026-03-19T03:40:36.805Z] Checked if tokens are valid: true, expires at: 1773893735496
[debug] [2026-03-19T03:40:36.805Z] >>> [apiv2][query] GET https://cloudfunctions.googleapis.com/v2/projects/gym-managment-10c42/locations/us-central1/operations/operation-1773891554459-64d584ff94157-d0d0e4bc-4c560def [none]
[debug] [2026-03-19T03:40:37.488Z] <<< [apiv2][status] GET https://cloudfunctions.googleapis.com/v2/projects/gym-managment-10c42/locations/us-central1/operations/operation-1773891554459-64d584ff94157-d0d0e4bc-4c560def 200
[debug] [2026-03-19T03:40:37.488Z] <<< [apiv2][body] GET https://cloudfunctions.googleapis.com/v2/projects/gym-managment-10c42/locations/us-central1/operations/operation-1773891554459-64d584ff94157-d0d0e4bc-4c560def {"name":"projects/gym-managment-10c42/locations/us-central1/operations/operation-1773891554459-64d584ff94157-d0d0e4bc-4c560def","metadata":{"@type":"type.googleapis.com/google.cloud.functions.v2.OperationMetadata","createTime":"2026-03-19T03:39:15.346054605Z","target":"projects/gym-managment-10c42/locations/us-central1/functions/notifyNewReservation","verb":"update","cancelRequested":false,"apiVersion":"v2","requestResource":{"@type":"type.googleapis.com/google.cloud.functions.v2.Function","name":"projects/gym-managment-10c42/locations/us-central1/functions/notifyNewReservation","buildConfig":{"runtime":"nodejs20","entryPoint":"notifyNewReservation","source":{"storageSource":{"bucket":"gcf-v2-sources-450500386725-us-central1","object":"notifyNewReservation/function-source.zip","generation":"1773891555292892"}},"environmentVariables":{"GOOGLE_NODE_RUN_SCRIPTS":""},"dockerRepository":"projects/gym-managment-10c42/locations/us-central1/repositories/gcf-artifacts","sourceProvenance":{"resolvedStorageSource":{"bucket":"gcf-v2-sources-450500386725-us-central1","object":"notifyNewReservation/function-source.zip","generation":"1773890584360085"}},"dockerRegistry":"ARTIFACT_REGISTRY","serviceAccount":"projects/gym-managment-10c42/serviceAccounts/450500386725-compute@developer.gserviceaccount.com","automaticUpdatePolicy":{}},"serviceConfig":{"service":"projects/gym-managment-10c42/locations/us-central1/services/notifynewreservation","timeoutSeconds":60,"environmentVariables":{"FIREBASE_CONFIG":"{\"projectId\":\"gym-managment-10c42\",\"storageBucket\":\"gym-managment-10c42.firebasestorage.app\"}","GCLOUD_PROJECT":"gym-managment-10c42","EVENTARC_CLOUD_EVENT_SOURCE":"projects/gym-managment-10c42/locations/us-central1/services/notifyNewReservation","FUNCTION_SIGNATURE_TYPE":"cloudevent","FUNCTION_TARGET":"notifyNewReservation","LOG_EXECUTION_ID":"true"},"ingressSettings":"ALLOW_ALL","uri":"https://notifynewreservation-76o3fxd6vq-uc.a.run.app","serviceAccountEmail":"450500386725-compute@developer.gserviceaccount.com","availableMemory":"256Mi","allTrafficOnLatestRevision":true,"revision":"notifynewreservation-00002-cef","maxInstanceRequestConcurrency":80,"availableCpu":"1"},"eventTrigger":{"trigger":"projects/gym-managment-10c42/locations/nam5/triggers/notifynewreservation-309454","triggerRegion":"nam5","eventType":"google.cloud.firestore.document.v1.created","eventFilters":[{"attribute":"database","value":"(default)"},{"attribute":"namespace","value":"(default)"},{"attribute":"document","value":"solicitudes_reserva/{docId}","operator":"match-path-pattern"}],"pubsubTopic":"projects/gym-managment-10c42/topics/eventarc-nam5-notifynewreservation-309454-462","serviceAccountEmail":"450500386725-compute@developer.gserviceaccount.com","retryPolicy":"RETRY_POLICY_DO_NOT_RETRY"},"state":"ACTIVE","labels":{"deployment-tool":"cli-firebase","firebase-functions-hash":"3902d044143ad00923d4445c7105e9dcd6bc9d90"},"environment":"GEN_2","url":"https://us-central1-gym-managment-10c42.cloudfunctions.net/notifyNewReservation","satisfiesPzi":true},"stages":[{"name":"BUILD","message":"Build finished","state":"COMPLETE","resource":"projects/450500386725/locations/us-central1/builds/d3569033-3d99-4409-9447-6180df0ddbbb","resourceUri":"https://console.cloud.google.com/cloud-build/builds;region=us-central1/d3569033-3d99-4409-9447-6180df0ddbbb?project=450500386725"},{"name":"SERVICE","message":"Updating Cloud Run service","state":"IN_PROGRESS","resource":"projects/gym-managment-10c42/locations/us-central1/services/notifynewreservation","resourceUri":"https://console.cloud.google.com/run/detail/us-central1/notifynewreservation?project=gym-managment-10c42","stateMessages":[{"severity":"INFO","type":"CloudRunServiceNewRevisionTrafficInfo","message":"A new revision will be deployed serving with 100% traffic."}]},{"name":"TRIGGER","state":"NOT_STARTED"}],"sourceToken":"Cldwcm9qZWN0cy80NTA1MDAzODY3MjUvbG9jYXRpb25zL3VzLWNlbnRyYWwxL2J1aWxkcy9kMzU2OTAzMy0zZDk5LTQ0MDktOTQ0Ny02MTgwZGYwZGRiYmISggF1cy1jZW50cmFsMS1kb2NrZXIucGtnLmRldi9neW0tbWFuYWdtZW50LTEwYzQyL2djZi1hcnRpZmFjdHMvZ3ltLS1tYW5hZ21lbnQtLTEwYzQyX191cy0tY2VudHJhbDFfX25vdGlmeV9uZXdfcmVzZXJ2YXRpb246dmVyc2lvbl8xGKW/qZ+ODSJRcHJvamVjdHMvZ3ltLW1hbmFnbWVudC0xMGM0Mi9sb2NhdGlvbnMvdXMtY2VudHJhbDEvZnVuY3Rpb25zL25vdGlmeU5ld1Jlc2VydmF0aW9uKgwImeDtzQYQ6If9+gEyCG5vZGVqczIwOnYKI2djci5pby9nYWUtcnVudGltZXMvbm9kZWpzMjA6c3RhYmxlEk91cy1jZW50cmFsMS1kb2NrZXIucGtnLmRldi9zZXJ2ZXJsZXNzLXJ1bnRpbWVzL2dvb2dsZS0yMi1mdWxsL3J1bnRpbWVzL25vZGVqczIwQAE=","operationType":"UPDATE_FUNCTION","buildName":"projects/450500386725/locations/us-central1/builds/d3569033-3d99-4409-9447-6180df0ddbbb"},"done":false}
[debug] [2026-03-19T03:40:37.488Z] Got source token Cldwcm9qZWN0cy80NTA1MDAzODY3MjUvbG9jYXRpb25zL3VzLWNlbnRyYWwxL2J1aWxkcy9kMzU2OTAzMy0zZDk5LTQ0MDktOTQ0Ny02MTgwZGYwZGRiYmISggF1cy1jZW50cmFsMS1kb2NrZXIucGtnLmRldi9neW0tbWFuYWdtZW50LTEwYzQyL2djZi1hcnRpZmFjdHMvZ3ltLS1tYW5hZ21lbnQtLTEwYzQyX191cy0tY2VudHJhbDFfX25vdGlmeV9uZXdfcmVzZXJ2YXRpb246dmVyc2lvbl8xGKW/qZ+ODSJRcHJvamVjdHMvZ3ltLW1hbmFnbWVudC0xMGM0Mi9sb2NhdGlvbnMvdXMtY2VudHJhbDEvZnVuY3Rpb25zL25vdGlmeU5ld1Jlc2VydmF0aW9uKgwImeDtzQYQ6If9+gEyCG5vZGVqczIwOnYKI2djci5pby9nYWUtcnVudGltZXMvbm9kZWpzMjA6c3RhYmxlEk91cy1jZW50cmFsMS1kb2NrZXIucGtnLmRldi9zZXJ2ZXJsZXNzLXJ1bnRpbWVzL2dvb2dsZS0yMi1mdWxsL3J1bnRpbWVzL25vZGVqczIwQAE= for region us-central1
[debug] [2026-03-19T03:40:47.493Z] [update-default-us-central1-notifyNewReservation] Retrying task index 0
[debug] [2026-03-19T03:40:47.494Z] Checked if tokens are valid: true, expires at: 1773893735496
[debug] [2026-03-19T03:40:47.494Z] Checked if tokens are valid: true, expires at: 1773893735496
[debug] [2026-03-19T03:40:47.494Z] >>> [apiv2][query] GET https://cloudfunctions.googleapis.com/v2/projects/gym-managment-10c42/locations/us-central1/operations/operation-1773891554459-64d584ff94157-d0d0e4bc-4c560def [none]
[debug] [2026-03-19T03:40:48.171Z] <<< [apiv2][status] GET https://cloudfunctions.googleapis.com/v2/projects/gym-managment-10c42/locations/us-central1/operations/operation-1773891554459-64d584ff94157-d0d0e4bc-4c560def 200
[debug] [2026-03-19T03:40:48.171Z] <<< [apiv2][body] GET https://cloudfunctions.googleapis.com/v2/projects/gym-managment-10c42/locations/us-central1/operations/operation-1773891554459-64d584ff94157-d0d0e4bc-4c560def {"name":"projects/gym-managment-10c42/locations/us-central1/operations/operation-1773891554459-64d584ff94157-d0d0e4bc-4c560def","metadata":{"@type":"type.googleapis.com/google.cloud.functions.v2.OperationMetadata","createTime":"2026-03-19T03:39:15.346054605Z","endTime":"2026-03-19T03:40:37.458341775Z","target":"projects/gym-managment-10c42/locations/us-central1/functions/notifyNewReservation","verb":"update","cancelRequested":false,"apiVersion":"v2","requestResource":{"@type":"type.googleapis.com/google.cloud.functions.v2.Function","name":"projects/gym-managment-10c42/locations/us-central1/functions/notifyNewReservation","buildConfig":{"runtime":"nodejs20","entryPoint":"notifyNewReservation","source":{"storageSource":{"bucket":"gcf-v2-sources-450500386725-us-central1","object":"notifyNewReservation/function-source.zip","generation":"1773891555292892"}},"environmentVariables":{"GOOGLE_NODE_RUN_SCRIPTS":""},"dockerRepository":"projects/gym-managment-10c42/locations/us-central1/repositories/gcf-artifacts","sourceProvenance":{"resolvedStorageSource":{"bucket":"gcf-v2-sources-450500386725-us-central1","object":"notifyNewReservation/function-source.zip","generation":"1773890584360085"}},"dockerRegistry":"ARTIFACT_REGISTRY","serviceAccount":"projects/gym-managment-10c42/serviceAccounts/450500386725-compute@developer.gserviceaccount.com","automaticUpdatePolicy":{}},"serviceConfig":{"service":"projects/gym-managment-10c42/locations/us-central1/services/notifynewreservation","timeoutSeconds":60,"environmentVariables":{"FIREBASE_CONFIG":"{\"projectId\":\"gym-managment-10c42\",\"storageBucket\":\"gym-managment-10c42.firebasestorage.app\"}","GCLOUD_PROJECT":"gym-managment-10c42","EVENTARC_CLOUD_EVENT_SOURCE":"projects/gym-managment-10c42/locations/us-central1/services/notifyNewReservation","FUNCTION_SIGNATURE_TYPE":"cloudevent","FUNCTION_TARGET":"notifyNewReservation","LOG_EXECUTION_ID":"true"},"ingressSettings":"ALLOW_ALL","uri":"https://notifynewreservation-76o3fxd6vq-uc.a.run.app","serviceAccountEmail":"450500386725-compute@developer.gserviceaccount.com","availableMemory":"256Mi","allTrafficOnLatestRevision":true,"revision":"notifynewreservation-00002-cef","maxInstanceRequestConcurrency":80,"availableCpu":"1"},"eventTrigger":{"trigger":"projects/gym-managment-10c42/locations/nam5/triggers/notifynewreservation-309454","triggerRegion":"nam5","eventType":"google.cloud.firestore.document.v1.created","eventFilters":[{"attribute":"database","value":"(default)"},{"attribute":"namespace","value":"(default)"},{"attribute":"document","value":"solicitudes_reserva/{docId}","operator":"match-path-pattern"}],"pubsubTopic":"projects/gym-managment-10c42/topics/eventarc-nam5-notifynewreservation-309454-462","serviceAccountEmail":"450500386725-compute@developer.gserviceaccount.com","retryPolicy":"RETRY_POLICY_DO_NOT_RETRY"},"state":"ACTIVE","labels":{"deployment-tool":"cli-firebase","firebase-functions-hash":"3902d044143ad00923d4445c7105e9dcd6bc9d90"},"environment":"GEN_2","url":"https://us-central1-gym-managment-10c42.cloudfunctions.net/notifyNewReservation","satisfiesPzi":true},"stages":[{"name":"BUILD","message":"Build finished","state":"COMPLETE","resource":"projects/450500386725/locations/us-central1/builds/d3569033-3d99-4409-9447-6180df0ddbbb","resourceUri":"https://console.cloud.google.com/cloud-build/builds;region=us-central1/d3569033-3d99-4409-9447-6180df0ddbbb?project=450500386725"},{"name":"SERVICE","message":"Updating Cloud Run service","state":"COMPLETE","resource":"projects/gym-managment-10c42/locations/us-central1/services/notifynewreservation","resourceUri":"https://console.cloud.google.com/run/detail/us-central1/notifynewreservation?project=gym-managment-10c42","stateMessages":[{"severity":"INFO","type":"CloudRunServiceNewRevisionTrafficInfo","message":"A new revision will be deployed serving with 100% traffic."}]},{"name":"TRIGGER","state":"NOT_STARTED"}],"sourceToken":"Cldwcm9qZWN0cy80NTA1MDAzODY3MjUvbG9jYXRpb25zL3VzLWNlbnRyYWwxL2J1aWxkcy9kMzU2OTAzMy0zZDk5LTQ0MDktOTQ0Ny02MTgwZGYwZGRiYmISggF1cy1jZW50cmFsMS1kb2NrZXIucGtnLmRldi9neW0tbWFuYWdtZW50LTEwYzQyL2djZi1hcnRpZmFjdHMvZ3ltLS1tYW5hZ21lbnQtLTEwYzQyX191cy0tY2VudHJhbDFfX25vdGlmeV9uZXdfcmVzZXJ2YXRpb246dmVyc2lvbl8xGKW/qZ+ODSJRcHJvamVjdHMvZ3ltLW1hbmFnbWVudC0xMGM0Mi9sb2NhdGlvbnMvdXMtY2VudHJhbDEvZnVuY3Rpb25zL25vdGlmeU5ld1Jlc2VydmF0aW9uKgwImeDtzQYQ6If9+gEyCG5vZGVqczIwOnYKI2djci5pby9nYWUtcnVudGltZXMvbm9kZWpzMjA6c3RhYmxlEk91cy1jZW50cmFsMS1kb2NrZXIucGtnLmRldi9zZXJ2ZXJsZXNzLXJ1bnRpbWVzL2dvb2dsZS0yMi1mdWxsL3J1bnRpbWVzL25vZGVqczIwQAE=","operationType":"UPDATE_FUNCTION","buildName":"projects/450500386725/locations/us-central1/builds/d3569033-3d99-4409-9447-6180df0ddbbb"},"done":true,"response":{"@type":"type.googleapis.com/google.cloud.functions.v2.Function","name":"projects/gym-managment-10c42/locations/us-central1/functions/notifyNewReservation","buildConfig":{"build":"projects/450500386725/locations/us-central1/builds/d3569033-3d99-4409-9447-6180df0ddbbb","runtime":"nodejs20","entryPoint":"notifyNewReservation","source":{"storageSource":{"bucket":"gcf-v2-sources-450500386725-us-central1","object":"notifyNewReservation/function-source.zip","generation":"1773891555292892"}},"environmentVariables":{"GOOGLE_NODE_RUN_SCRIPTS":""},"dockerRepository":"projects/gym-managment-10c42/locations/us-central1/repositories/gcf-artifacts","sourceProvenance":{"resolvedStorageSource":{"bucket":"gcf-v2-sources-450500386725-us-central1","object":"notifyNewReservation/function-source.zip","generation":"1773891555292892"}},"dockerRegistry":"ARTIFACT_REGISTRY","serviceAccount":"projects/gym-managment-10c42/serviceAccounts/450500386725-compute@developer.gserviceaccount.com","automaticUpdatePolicy":{}},"serviceConfig":{"service":"projects/gym-managment-10c42/locations/us-central1/services/notifynewreservation","timeoutSeconds":60,"environmentVariables":{"FIREBASE_CONFIG":"{\"projectId\":\"gym-managment-10c42\",\"storageBucket\":\"gym-managment-10c42.firebasestorage.app\"}","GCLOUD_PROJECT":"gym-managment-10c42","EVENTARC_CLOUD_EVENT_SOURCE":"projects/gym-managment-10c42/locations/us-central1/services/notifyNewReservation","FUNCTION_SIGNATURE_TYPE":"cloudevent","FUNCTION_TARGET":"notifyNewReservation","LOG_EXECUTION_ID":"true"},"maxInstanceCount":20,"ingressSettings":"ALLOW_ALL","uri":"https://notifynewreservation-76o3fxd6vq-uc.a.run.app","serviceAccountEmail":"450500386725-compute@developer.gserviceaccount.com","availableMemory":"256Mi","allTrafficOnLatestRevision":true,"revision":"notifynewreservation-00003-gik","maxInstanceRequestConcurrency":80,"availableCpu":"1"},"eventTrigger":{"trigger":"projects/gym-managment-10c42/locations/nam5/triggers/notifynewreservation-309454","triggerRegion":"nam5","eventType":"google.cloud.firestore.document.v1.created","eventFilters":[{"attribute":"namespace","value":"(default)"},{"attribute":"document","value":"solicitudes_reserva/{docId}","operator":"match-path-pattern"},{"attribute":"database","value":"(default)"}],"pubsubTopic":"projects/gym-managment-10c42/topics/eventarc-nam5-notifynewreservation-309454-462","serviceAccountEmail":"450500386725-compute@developer.gserviceaccount.com","retryPolicy":"RETRY_POLICY_DO_NOT_RETRY"},"state":"ACTIVE","updateTime":"2026-03-19T03:39:15.349482694Z","labels":{"firebase-functions-hash":"3902d044143ad00923d4445c7105e9dcd6bc9d90","deployment-tool":"cli-firebase"},"environment":"GEN_2","url":"https://us-central1-gym-managment-10c42.cloudfunctions.net/notifyNewReservation","createTime":"2026-03-19T02:54:04.252227810Z","satisfiesPzi":true}}
[debug] [2026-03-19T03:40:48.171Z] Got source token Cldwcm9qZWN0cy80NTA1MDAzODY3MjUvbG9jYXRpb25zL3VzLWNlbnRyYWwxL2J1aWxkcy9kMzU2OTAzMy0zZDk5LTQ0MDktOTQ0Ny02MTgwZGYwZGRiYmISggF1cy1jZW50cmFsMS1kb2NrZXIucGtnLmRldi9neW0tbWFuYWdtZW50LTEwYzQyL2djZi1hcnRpZmFjdHMvZ3ltLS1tYW5hZ21lbnQtLTEwYzQyX191cy0tY2VudHJhbDFfX25vdGlmeV9uZXdfcmVzZXJ2YXRpb246dmVyc2lvbl8xGKW/qZ+ODSJRcHJvamVjdHMvZ3ltLW1hbmFnbWVudC0xMGM0Mi9sb2NhdGlvbnMvdXMtY2VudHJhbDEvZnVuY3Rpb25zL25vdGlmeU5ld1Jlc2VydmF0aW9uKgwImeDtzQYQ6If9+gEyCG5vZGVqczIwOnYKI2djci5pby9nYWUtcnVudGltZXMvbm9kZWpzMjA6c3RhYmxlEk91cy1jZW50cmFsMS1kb2NrZXIucGtnLmRldi9zZXJ2ZXJsZXNzLXJ1bnRpbWVzL2dvb2dsZS0yMi1mdWxsL3J1bnRpbWVzL25vZGVqczIwQAE= for region us-central1
[info] ✔  functions[notifyNewReservation(us-central1)] Successful update operation. 
[debug] [2026-03-19T03:40:48.176Z] Total Function Deployment time: 94031
[debug] [2026-03-19T03:40:48.176Z] 1 Functions Deployed
[debug] [2026-03-19T03:40:48.176Z] 0 Functions Errored
[debug] [2026-03-19T03:40:48.176Z] 0 Function Deployments Aborted
[debug] [2026-03-19T03:40:48.176Z] Average Function Deployment time: 94031
[debug] [2026-03-19T03:40:48.302Z] Checked if tokens are valid: true, expires at: 1773893735496
[debug] [2026-03-19T03:40:48.302Z] Checked if tokens are valid: true, expires at: 1773893735496
[debug] [2026-03-19T03:40:48.302Z] >>> [apiv2][query] GET https://artifactregistry.googleapis.com/v1/projects/gym-managment-10c42/locations/us-central1/repositories/gcf-artifacts [none]
[debug] [2026-03-19T03:40:49.527Z] <<< [apiv2][status] GET https://artifactregistry.googleapis.com/v1/projects/gym-managment-10c42/locations/us-central1/repositories/gcf-artifacts 200
[debug] [2026-03-19T03:40:49.527Z] <<< [apiv2][body] GET https://artifactregistry.googleapis.com/v1/projects/gym-managment-10c42/locations/us-central1/repositories/gcf-artifacts {"name":"projects/gym-managment-10c42/locations/us-central1/repositories/gcf-artifacts","format":"DOCKER","description":"This repository is created and used by Cloud Functions for storing function docker images.","labels":{"goog-managed-by":"cloudfunctions"},"createTime":"2026-03-19T02:54:19.234004Z","updateTime":"2026-03-19T03:39:50.470980Z","mode":"STANDARD_REPOSITORY","sizeBytes":"121876152","vulnerabilityScanningConfig":{"lastEnableTime":"2026-03-19T02:54:04.447317030Z","enablementState":"SCANNING_DISABLED","enablementStateReason":"API containerscanning.googleapis.com is not enabled."},"satisfiesPzi":true,"registryUri":"us-central1-docker.pkg.dev/gym-managment-10c42/gcf-artifacts"}
[warn] ⚠  functions: No cleanup policy detected for repositories in us-central1. This may result in a small monthly bill as container images accumulate over time. 
